CREATE DATABASE  IF NOT EXISTS `dbproject` /*!40100 DEFAULT CHARACTER SET utf8mb4 COLLATE utf8mb4_0900_ai_ci */;
USE `dbproject`;
-- MySQL dump 10.13  Distrib 8.0.11, for Win64 (x86_64)
--
-- Host: localhost    Database: dbproject
-- ------------------------------------------------------
-- Server version	8.0.11

/*!40101 SET @OLD_CHARACTER_SET_CLIENT=@@CHARACTER_SET_CLIENT */;
/*!40101 SET @OLD_CHARACTER_SET_RESULTS=@@CHARACTER_SET_RESULTS */;
/*!40101 SET @OLD_COLLATION_CONNECTION=@@COLLATION_CONNECTION */;
 SET NAMES utf8 ;
/*!40103 SET @OLD_TIME_ZONE=@@TIME_ZONE */;
/*!40103 SET TIME_ZONE='+00:00' */;
/*!40014 SET @OLD_UNIQUE_CHECKS=@@UNIQUE_CHECKS, UNIQUE_CHECKS=0 */;
/*!40014 SET @OLD_FOREIGN_KEY_CHECKS=@@FOREIGN_KEY_CHECKS, FOREIGN_KEY_CHECKS=0 */;
/*!40101 SET @OLD_SQL_MODE=@@SQL_MODE, SQL_MODE='NO_AUTO_VALUE_ON_ZERO' */;
/*!40111 SET @OLD_SQL_NOTES=@@SQL_NOTES, SQL_NOTES=0 */;

--
-- Table structure for table `advises`
--

DROP TABLE IF EXISTS `advises`;
/*!40101 SET @saved_cs_client     = @@character_set_client */;
 SET character_set_client = utf8mb4 ;
CREATE TABLE `advises` (
  `NurseUid` char(37) COLLATE utf8_bin NOT NULL,
  `DoctorUid` char(37) COLLATE utf8_bin DEFAULT NULL,
  PRIMARY KEY (`NurseUid`)
) ENGINE=InnoDB DEFAULT CHARSET=utf8 COLLATE=utf8_bin;
/*!40101 SET character_set_client = @saved_cs_client */;

--
-- Dumping data for table `advises`
--

LOCK TABLES `advises` WRITE;
/*!40000 ALTER TABLE `advises` DISABLE KEYS */;
INSERT INTO `advises` VALUES ('372ac7d0-1b62-4940-8c7e-630d06c11c1d','009cb71f-c256-48c4-a495-f093974d2ce7'),('37882fd0-19cf-424f-addc-6524bd0bbddf','009cb71f-c256-48c4-a495-f093974d2ce7'),('39e3f62e-691f-490f-ad2d-42702588ccf4','03ad1927-b676-4fe8-94f8-277a6d9b7cc8'),('3b0b96d2-ce9f-4d60-b9f5-20ebab38933b','03ad1927-b676-4fe8-94f8-277a6d9b7cc8'),('3e21c216-9180-4116-b7bc-91f5d6f5f4cf','04873f81-562e-48c4-b934-16fff153829d'),('3facb4d3-96e5-4b81-9f93-1616c8fa1650','04873f81-562e-48c4-b934-16fff153829d'),('3fb6d123-4396-4bf1-bc53-77bbe144a170','059f75d6-77cb-436b-aab4-8492dac103be'),('401fb479-9b9c-40ad-b0f2-92fb7bdce886','059f75d6-77cb-436b-aab4-8492dac103be'),('4175a310-cb08-4c98-a5b1-ea63b52fe446','0a190520-09a2-4c03-a926-c809d19134cc'),('41af273a-6774-432c-99e3-e942d91dbd1c','0a190520-09a2-4c03-a926-c809d19134cc'),('427c559c-8507-4ce6-bd43-79b544a86e28','0c660bf4-c2bf-4420-87e3-d7a2c81af344'),('43791942-094c-45aa-9e5a-74a384787223','0c660bf4-c2bf-4420-87e3-d7a2c81af344'),('437ce178-22c3-4e5d-9a60-5995ea696b10','0d323651-cd73-4e48-9dfc-96a8fc9044ab'),('43acb69b-d000-42ec-82ec-74e9459ef736','0d323651-cd73-4e48-9dfc-96a8fc9044ab'),('43f09952-4d33-45d1-a33a-23f72e0b1034','0dd349c0-be04-4031-8a5c-e26ed68621bc'),('4641d705-2815-4a35-97ce-0dc3468b6bd9','0dd349c0-be04-4031-8a5c-e26ed68621bc'),('47bf8551-4370-4957-9558-569f8cbbe7cb','0e4ad3b3-ceab-4587-8f72-7410bf2da593'),('47d02a50-3245-4a82-94fc-4270a4946db7','0e4ad3b3-ceab-4587-8f72-7410bf2da593'),('48cc0f71-425f-4aa3-af54-d03cb999dc7e','0f811b62-97d5-422a-8dcc-9b5a190ad900'),('48edb552-6dfa-45b3-bd7d-1b38dea87577','0f811b62-97d5-422a-8dcc-9b5a190ad900'),('4b12a482-4b67-4847-bdbb-ce07662c200a','0fec7107-c140-4566-9dee-197154ccf443'),('4c8096c9-9bc4-44d0-a0f9-5b13950cb751','0fec7107-c140-4566-9dee-197154ccf443'),('4d2424ce-4566-40f2-9dc8-c73570d1a3c2','10f2a081-ac05-47db-b480-cd80e80f6c35'),('4d52e17f-33f5-4fa6-9566-22bab45d705c','10f2a081-ac05-47db-b480-cd80e80f6c35'),('4dde97cf-34d8-44e4-b6db-b18498778201','13192204-78c2-4c12-b935-40b591fa9c74'),('4e4c7747-8887-4e9b-8a80-fa019cbbdba0','13192204-78c2-4c12-b935-40b591fa9c74'),('501169dc-699d-498b-a945-62c2fd80d72f','139a769c-4b2d-4fa7-a78b-ed3a2d32fe96'),('52d95dd1-1f59-4b3b-8a2a-8edfbc9c98be','139a769c-4b2d-4fa7-a78b-ed3a2d32fe96'),('532054d9-872f-4831-ab27-e188f696f779','14f5dfcf-0f43-4bd5-94bc-9c99e51dcf34'),('53b338fa-4091-46b1-a9f7-056b37e1bf60','14f5dfcf-0f43-4bd5-94bc-9c99e51dcf34'),('54b626ef-5d5b-4788-bc94-6d96968e7f19','16d2cb46-e86b-4c9a-99d0-d95d2fb4723d'),('5500b939-7d30-4572-9103-334ef47a0cd7','16d2cb46-e86b-4c9a-99d0-d95d2fb4723d'),('554c3014-2971-433e-9be4-d0f212c10008','172a6656-0d94-408d-a6a4-46a2860895f4'),('55526877-e67c-4120-bfad-17c2c7a230ea','172a6656-0d94-408d-a6a4-46a2860895f4'),('56098cea-2de6-458f-ae1d-e72eb88f561e','177d5594-434d-4a4a-84c3-e8b7ab93d273'),('561ef124-44c2-4023-8317-ac3782984d74','177d5594-434d-4a4a-84c3-e8b7ab93d273'),('58dc1253-c814-4bf4-8a05-2050821c73f2','17fde832-8041-44a8-a533-039371e6a1c5'),('5914f993-a3d0-468a-9e8b-ceb3e93d0cf9','17fde832-8041-44a8-a533-039371e6a1c5'),('5b0c1c63-cc70-46da-a551-efbaca3af940','1b9f8ecb-3cd2-41b5-9478-af4fe9897974'),('5b10921f-b435-4897-bf25-0984086c524f','1b9f8ecb-3cd2-41b5-9478-af4fe9897974'),('5bf04d5c-5428-49ea-bc3d-c78213a118e1','1c0acce5-95f3-4d3f-87e4-8ff49f0f6352'),('5e9bda1f-b4ff-4e3a-bc24-582676d49528','1c0acce5-95f3-4d3f-87e4-8ff49f0f6352'),('5fd7b4d8-fbbe-416c-a2d1-d7e1fdf2adcb','1c52dbf7-db8b-4710-a0a5-5eb0768da05e'),('6027453d-23c9-4006-bb1e-066fc9abb103','1c52dbf7-db8b-4710-a0a5-5eb0768da05e'),('60b42587-5242-4beb-925b-aecd2954179d','1cd9bf63-8ea6-4319-bc6e-296dc070820d'),('631bf4ed-424c-4370-bf9d-9040c321cce0','1cd9bf63-8ea6-4319-bc6e-296dc070820d'),('63a4aeec-2c35-4fe1-93f5-4040844a0392','1dab1e2c-5656-4e5a-8ac2-982fac0419f2'),('65a36413-573c-49d1-869e-e4267ec5c12c','1dab1e2c-5656-4e5a-8ac2-982fac0419f2'),('663496ed-722f-4450-a392-3ccf5c509357','1ee2dd99-5116-4daa-915f-efa7ddfcd5a4'),('680d3407-2b05-48f1-8b8c-4d473993990a','1ee2dd99-5116-4daa-915f-efa7ddfcd5a4'),('6a4b3aa4-9aba-4fbc-a6c1-c58b3da4955f','1f2ca0e2-00ea-4d36-9b92-905ffb72ea99'),('6c12c7a5-04a5-4193-b512-02c0e336ee65','1f2ca0e2-00ea-4d36-9b92-905ffb72ea99'),('6f44d1c1-1bc5-4dd1-b759-8d1dbd8d881d','21e80fe1-1570-4223-9b73-26221415f4c4'),('6f582cd5-445c-4aff-8c35-6760eb05c75a','21e80fe1-1570-4223-9b73-26221415f4c4'),('6f7773bc-94ab-4632-9357-ebcdf6aa0c0b','230f3de4-2bd7-4504-8d2b-6535bf25b915'),('6fdf476c-b98d-4552-93fd-ae7e178bfe08','230f3de4-2bd7-4504-8d2b-6535bf25b915'),('753c3f19-2350-4965-9e3d-a81537a1e3fc','238862da-139a-48c1-86fc-32bafc1846d3'),('768d3a36-4b5e-4b42-a06a-0fb053753c11','238862da-139a-48c1-86fc-32bafc1846d3'),('76a1814e-219a-4104-a543-7f89b4dda168','2683bfce-e9e5-443e-98fc-9a618be35dd7'),('778e4fb1-d3a9-4e5a-a8d2-004035328b3b','2683bfce-e9e5-443e-98fc-9a618be35dd7'),('78905a53-156f-44ff-baa9-086313049b82','294840ea-cb08-4115-be9d-b4f8dfc23010'),('78b9fb37-aec1-4485-87fe-5c1264c3684f','294840ea-cb08-4115-be9d-b4f8dfc23010'),('79d63c53-a7e7-4daf-88fc-4932d772c6d9','2a0bc4cb-b744-4016-8dda-e1fae9d67b51'),('7a899765-dd4f-4f9b-89b4-2d7764b54f06','2a0bc4cb-b744-4016-8dda-e1fae9d67b51'),('7c82becb-fbca-498e-bedc-04892773bdfc','2a839f23-cee3-4517-b9a5-d5f24bd8a25f'),('800a3321-c9af-4b39-ab41-729a7d0218a4','2a839f23-cee3-4517-b9a5-d5f24bd8a25f'),('8048c1a9-04f1-4a7a-b452-f0712c119918','2b7bdc3f-6cb3-47b9-a9ee-956ef4a864a6'),('80dbff79-21d6-4c62-a1ba-2671e655185d','2b7bdc3f-6cb3-47b9-a9ee-956ef4a864a6'),('80fb5587-2c72-460f-8478-d5d7a8006773','2be4e918-ca66-4741-912f-31eb50724b09'),('81042274-0feb-4722-a667-e4356369cbaa','2be4e918-ca66-4741-912f-31eb50724b09'),('81245949-c268-4b8c-85a8-82041bd38a24','2d226e55-64ef-45e8-b8ba-df509bd80fba'),('83929850-f4c2-4813-903c-03af40de6810','2d226e55-64ef-45e8-b8ba-df509bd80fba'),('83e0bb06-927b-48c1-89ff-b83b4be7e47a','2d4d943e-25f8-4ea0-9799-4922877b0a34'),('85706373-8946-44ff-a382-2562213fd38d','2d4d943e-25f8-4ea0-9799-4922877b0a34'),('86748425-6c78-42e3-bcb8-ce6194bc7770','2f35e2db-7bb8-483f-9faf-e36527034de7'),('875d487e-38b0-4246-8713-d3b39daa17c5','2f35e2db-7bb8-483f-9faf-e36527034de7'),('878a6cee-b866-4f38-b2ce-a59f100383e6','2f88836e-cbe8-4530-a63a-4a7cf9f272b1'),('8856838e-b2a5-42ad-a8d2-d5bf0a1d988e','2f88836e-cbe8-4530-a63a-4a7cf9f272b1'),('88f63f85-c045-425d-9d9f-97a54223efd0','2fb9f150-48e4-4d45-b0c5-208f2cf83961'),('8b5cad91-397b-4a85-af85-d0f3f59f6b59','2fb9f150-48e4-4d45-b0c5-208f2cf83961'),('8ebe933f-7ac1-41ec-9ad3-34a3304c9aac','3070eafe-d0b3-48a6-b66e-b955d36a375d'),('8ecdd7f0-fe9a-48fb-84e1-0dc651b4df86','3070eafe-d0b3-48a6-b66e-b955d36a375d'),('8f62bd74-06ea-44d3-ac98-f75e3d7f3273','3311e925-edf7-411c-a999-b2fbbf714f9d'),('949a797a-5ead-48ca-9eec-293681e47cc1','3311e925-edf7-411c-a999-b2fbbf714f9d'),('94fd244d-bd01-4284-97eb-8b213f8bb059','33228528-9c0c-48f4-a8a3-8d5af76a5525'),('95dc4de7-e6a0-4393-a754-a9e77c354871','33228528-9c0c-48f4-a8a3-8d5af76a5525'),('965018e0-d6b4-4093-9611-9958e5de704c','3464202a-64f6-4bdb-b1e3-f3b700786010'),('97d44c7b-fa2f-4205-b84d-3211f68dd421','3464202a-64f6-4bdb-b1e3-f3b700786010'),('9989fdb5-f497-47b7-964e-b913ade3cfa7','347dcec6-07a0-40f0-bc7b-226cb79353de'),('9aaaebb5-4a1e-4bac-8013-e13af3f6c5c4','347dcec6-07a0-40f0-bc7b-226cb79353de'),('9b49bbbc-dddf-4ac3-8c2a-32123d9a97cd','351fdffb-8ae9-4228-ad26-d7e92ff186cb'),('9c9534a5-b5ea-46d8-a638-b26ab2235634','351fdffb-8ae9-4228-ad26-d7e92ff186cb'),('9d66f6dc-1c8d-4d1c-82d3-e5f5fd16200e','35c42692-85b4-4439-aab9-a95006714b05'),('9dd03552-fd87-4289-99f4-261cc069ce3d','35c42692-85b4-4439-aab9-a95006714b05'),('a01abe66-f979-4128-9e35-8b772ff62af7','35cc5315-f7aa-41e8-bcdb-56d01ff2de2b'),('a0ac052e-9482-432d-b2f6-e8e157f754e4','35cc5315-f7aa-41e8-bcdb-56d01ff2de2b'),('a124e7b5-9699-4c87-a0d7-bbd84dbfbc8f','36d59706-761c-48ca-8cef-2875f6474f0c'),('a1db3586-c7f1-4ab7-87fb-1040332aafcc','36d59706-761c-48ca-8cef-2875f6474f0c'),('a1fcd664-410b-4cc1-9c92-d9d5c1ba8533','37111387-e2f6-4db7-9440-6644c0095457'),('a21df552-f0d3-475a-ab46-f9718d931207','37111387-e2f6-4db7-9440-6644c0095457');
/*!40000 ALTER TABLE `advises` ENABLE KEYS */;
UNLOCK TABLES;

--
-- Table structure for table `doctor`
--

DROP TABLE IF EXISTS `doctor`;
/*!40101 SET @saved_cs_client     = @@character_set_client */;
 SET character_set_client = utf8mb4 ;
CREATE TABLE `doctor` (
  `DoctorUid` char(37) COLLATE utf8_bin NOT NULL,
  `NpiNumber` varchar(45) CHARACTER SET utf8mb4 COLLATE utf8mb4_unicode_ci NOT NULL,
  `DEANumber` varchar(45) CHARACTER SET utf8mb4 COLLATE utf8mb4_unicode_ci DEFAULT NULL,
  PRIMARY KEY (`DoctorUid`)
) ENGINE=InnoDB DEFAULT CHARSET=utf8 COLLATE=utf8_bin;
/*!40101 SET character_set_client = @saved_cs_client */;

--
-- Dumping data for table `doctor`
--

LOCK TABLES `doctor` WRITE;
/*!40000 ALTER TABLE `doctor` DISABLE KEYS */;
INSERT INTO `doctor` VALUES ('009cb71f-c256-48c4-a495-f093974d2ce7','373958333','914881'),('03ad1927-b676-4fe8-94f8-277a6d9b7cc8','687488139','919821'),('04873f81-562e-48c4-b934-16fff153829d','217548965','589212'),('059f75d6-77cb-436b-aab4-8492dac103be','129825563','121726'),('0a190520-09a2-4c03-a926-c809d19134cc','269114928','559341'),('0c660bf4-c2bf-4420-87e3-d7a2c81af344','936312741','535183'),('0d323651-cd73-4e48-9dfc-96a8fc9044ab','837786487','758638'),('0dd349c0-be04-4031-8a5c-e26ed68621bc','662626435','935377'),('0e4ad3b3-ceab-4587-8f72-7410bf2da593','298195495','916199'),('0f811b62-97d5-422a-8dcc-9b5a190ad900','359581888','687463'),('0fec7107-c140-4566-9dee-197154ccf443','276974298','479788'),('10f2a081-ac05-47db-b480-cd80e80f6c35','159614981','355138'),('13192204-78c2-4c12-b935-40b591fa9c74','578685252','411934'),('139a769c-4b2d-4fa7-a78b-ed3a2d32fe96','526978343','675291'),('14f5dfcf-0f43-4bd5-94bc-9c99e51dcf34','728897745','783859'),('16d2cb46-e86b-4c9a-99d0-d95d2fb4723d','321736641','954251'),('172a6656-0d94-408d-a6a4-46a2860895f4','363793497','811236'),('177d5594-434d-4a4a-84c3-e8b7ab93d273','629933327','553499'),('17fde832-8041-44a8-a533-039371e6a1c5','334336496','722847'),('1b9f8ecb-3cd2-41b5-9478-af4fe9897974','218323523','473652'),('1c0acce5-95f3-4d3f-87e4-8ff49f0f6352','965658227','394419'),('1c52dbf7-db8b-4710-a0a5-5eb0768da05e','469766237','823294'),('1cd9bf63-8ea6-4319-bc6e-296dc070820d','975189776','461446'),('1dab1e2c-5656-4e5a-8ac2-982fac0419f2','727595534','244677'),('1ee2dd99-5116-4daa-915f-efa7ddfcd5a4','229856665','637616'),('1f2ca0e2-00ea-4d36-9b92-905ffb72ea99','413193285','875429'),('21e80fe1-1570-4223-9b73-26221415f4c4','796876598','567455'),('230f3de4-2bd7-4504-8d2b-6535bf25b915','291493273','347411'),('238862da-139a-48c1-86fc-32bafc1846d3','348553154','134816'),('2683bfce-e9e5-443e-98fc-9a618be35dd7','137471619','683956'),('294840ea-cb08-4115-be9d-b4f8dfc23010','169149641','489162'),('2a0bc4cb-b744-4016-8dda-e1fae9d67b51','879463898','657588'),('2a839f23-cee3-4517-b9a5-d5f24bd8a25f','263833827','833265'),('2b7bdc3f-6cb3-47b9-a9ee-956ef4a864a6','377589769','739224'),('2be4e918-ca66-4741-912f-31eb50724b09','598573895','997481'),('2d226e55-64ef-45e8-b8ba-df509bd80fba','683824397','632953'),('2d4d943e-25f8-4ea0-9799-4922877b0a34','647178288','946814'),('2f35e2db-7bb8-483f-9faf-e36527034de7','851421527','284256'),('2f88836e-cbe8-4530-a63a-4a7cf9f272b1','414576788','329438'),('2fb9f150-48e4-4d45-b0c5-208f2cf83961','772911711','478359'),('3070eafe-d0b3-48a6-b66e-b955d36a375d','967962347','918892'),('3311e925-edf7-411c-a999-b2fbbf714f9d','836932991','634869'),('33228528-9c0c-48f4-a8a3-8d5af76a5525','274986122','818862'),('3464202a-64f6-4bdb-b1e3-f3b700786010','422211955','222564'),('347dcec6-07a0-40f0-bc7b-226cb79353de','187146235','441284'),('351fdffb-8ae9-4228-ad26-d7e92ff186cb','244577344','829996'),('35c42692-85b4-4439-aab9-a95006714b05','847915569','549189'),('35cc5315-f7aa-41e8-bcdb-56d01ff2de2b','457956719','586281'),('36d59706-761c-48ca-8cef-2875f6474f0c','876443576','464385'),('37111387-e2f6-4db7-9440-6644c0095457','757482737','724839');
/*!40000 ALTER TABLE `doctor` ENABLE KEYS */;
UNLOCK TABLES;

--
-- Table structure for table `has`
--

DROP TABLE IF EXISTS `has`;
/*!40101 SET @saved_cs_client     = @@character_set_client */;
 SET character_set_client = utf8mb4 ;
CREATE TABLE `has` (
  `RoomUid` char(37) COLLATE utf8_bin NOT NULL,
  `HospitalUid` varchar(45) COLLATE utf8_bin DEFAULT NULL,
  PRIMARY KEY (`RoomUid`)
) ENGINE=InnoDB DEFAULT CHARSET=utf8 COLLATE=utf8_bin;
/*!40101 SET character_set_client = @saved_cs_client */;

--
-- Dumping data for table `has`
--

LOCK TABLES `has` WRITE;
/*!40000 ALTER TABLE `has` DISABLE KEYS */;
INSERT INTO `has` VALUES ('00e634cf-200b-495d-8048-114ae469acf3','f9d0429b-40f0-4efa-aa1f-0cd2e9fb48ff'),('00f329ca-48e5-46e0-b1b2-88995e8c7cc0','f9d0429b-40f0-4efa-aa1f-0cd2e9fb48ff'),('03fbb45c-cd36-4700-ab11-0d3b01c7943b','f9d0429b-40f0-4efa-aa1f-0cd2e9fb48ff'),('0983b685-dbf5-4f83-95b6-e6c67d24c344','f9d0429b-40f0-4efa-aa1f-0cd2e9fb48ff'),('0c25f83f-229f-4d23-bbc1-d5ab6bfa78a4','f9d0429b-40f0-4efa-aa1f-0cd2e9fb48ff'),('0c471071-ee90-491e-9224-57e429182861','f9d0429b-40f0-4efa-aa1f-0cd2e9fb48ff'),('0d4f7293-c9d9-43ac-9e86-0d6c92669ac4','f9d0429b-40f0-4efa-aa1f-0cd2e9fb48ff'),('0d5249ac-edff-4c66-85f0-890866bda8a1','f9d0429b-40f0-4efa-aa1f-0cd2e9fb48ff'),('0ddb3bee-b1b3-46ac-9dd3-6b2860153169','f9d0429b-40f0-4efa-aa1f-0cd2e9fb48ff'),('12a92795-1199-4e63-9495-fb21d1bcdd85','f9d0429b-40f0-4efa-aa1f-0cd2e9fb48ff'),('156548ed-d201-4138-bbb7-77838670be6b','f9d0429b-40f0-4efa-aa1f-0cd2e9fb48ff'),('17df0b56-d791-4430-ac28-902ca46e9954','f9d0429b-40f0-4efa-aa1f-0cd2e9fb48ff'),('192cca5a-955b-41e4-bb86-b4402a27b691','f9d0429b-40f0-4efa-aa1f-0cd2e9fb48ff'),('1d236b5e-58de-41de-ae69-4e594f308903','f9d0429b-40f0-4efa-aa1f-0cd2e9fb48ff'),('1d68d856-23e0-4bf5-acfc-9627a1cc04cf','f9d0429b-40f0-4efa-aa1f-0cd2e9fb48ff'),('1fb479b6-2c10-4072-9054-a94d49964507','f9d0429b-40f0-4efa-aa1f-0cd2e9fb48ff'),('20288c48-40ca-43b8-80c0-f614c0297e6c','f9d0429b-40f0-4efa-aa1f-0cd2e9fb48ff'),('2062c74e-7968-415b-baef-f1441f9c6323','f9d0429b-40f0-4efa-aa1f-0cd2e9fb48ff'),('210bae67-6606-4c77-8c12-b3cee36b73d5','f9d0429b-40f0-4efa-aa1f-0cd2e9fb48ff'),('223525bd-2338-4172-badf-5188a0176774','f9d0429b-40f0-4efa-aa1f-0cd2e9fb48ff'),('240189d0-95ae-4013-bcad-4e7bd764b331','f9d0429b-40f0-4efa-aa1f-0cd2e9fb48ff'),('28b6e133-8434-42a0-a0b9-824b79e3d302','f9d0429b-40f0-4efa-aa1f-0cd2e9fb48ff'),('2f593f6b-60f3-4bb0-89c4-62eddc43e74d','f9d0429b-40f0-4efa-aa1f-0cd2e9fb48ff'),('32038642-7864-438e-9be4-184b4a9f1289','f9d0429b-40f0-4efa-aa1f-0cd2e9fb48ff'),('34deff55-d043-48cb-acee-0d79bcb374f5','f9d0429b-40f0-4efa-aa1f-0cd2e9fb48ff'),('3639a9bd-1b7e-4612-9ca9-fe60ea47a670','f9d0429b-40f0-4efa-aa1f-0cd2e9fb48ff'),('37eb437d-b7cd-40ec-9460-de702d87546f','f9d0429b-40f0-4efa-aa1f-0cd2e9fb48ff'),('3b58f190-c017-4b40-9982-24358f4d068a','f9d0429b-40f0-4efa-aa1f-0cd2e9fb48ff'),('3e43f06e-ebbc-4646-9166-f88c8fc75668','f9d0429b-40f0-4efa-aa1f-0cd2e9fb48ff'),('41f07912-ed2b-4cee-a6b8-4dcb853890c9','f9d0429b-40f0-4efa-aa1f-0cd2e9fb48ff'),('4554c7c3-79d8-442a-929b-3251168106a3','f9d0429b-40f0-4efa-aa1f-0cd2e9fb48ff'),('461c7d07-ed85-45a7-8315-65a030eaf698','f9d0429b-40f0-4efa-aa1f-0cd2e9fb48ff'),('465e6705-4195-4068-8698-c07990a33e48','f9d0429b-40f0-4efa-aa1f-0cd2e9fb48ff'),('4d775f20-6b36-4bd5-bf48-682a07801805','f9d0429b-40f0-4efa-aa1f-0cd2e9fb48ff'),('4e619b7e-0d73-49d4-8f22-485eec2ecb99','f9d0429b-40f0-4efa-aa1f-0cd2e9fb48ff'),('4e63bf7b-6fd1-46ac-be32-cc8bce328fd7','f9d0429b-40f0-4efa-aa1f-0cd2e9fb48ff'),('4fb921fb-d461-42a0-8b5c-b5d4bb560538','f9d0429b-40f0-4efa-aa1f-0cd2e9fb48ff'),('4fbcd6a3-aa40-48ce-aac8-13e2cec22efb','f9d0429b-40f0-4efa-aa1f-0cd2e9fb48ff'),('55495e8e-24de-4356-8b16-c4f5620eebff','f9d0429b-40f0-4efa-aa1f-0cd2e9fb48ff'),('575dec5d-50ff-4342-8a97-7196fa2015dc','f9d0429b-40f0-4efa-aa1f-0cd2e9fb48ff'),('5793dc57-4af7-45e2-b335-b8de5fc05ef6','f9d0429b-40f0-4efa-aa1f-0cd2e9fb48ff'),('5c116ec0-a9e4-4067-912b-880f2b0cb574','f9d0429b-40f0-4efa-aa1f-0cd2e9fb48ff'),('6426804e-9a36-4d1f-8712-d42a4a8081a1','f9d0429b-40f0-4efa-aa1f-0cd2e9fb48ff'),('6599e6ba-1e3b-46f2-b4ee-0142b45be1de','f9d0429b-40f0-4efa-aa1f-0cd2e9fb48ff'),('67d352b6-0fcc-4d2a-8cb7-ec5993d36610','f9d0429b-40f0-4efa-aa1f-0cd2e9fb48ff'),('68eb1828-6157-437b-877f-d1bf131c336c','f9d0429b-40f0-4efa-aa1f-0cd2e9fb48ff'),('713df4d4-6d0f-4b96-a787-c86a31f8a482','f9d0429b-40f0-4efa-aa1f-0cd2e9fb48ff'),('713e9b77-cacb-497d-8dfa-4fd525a8a646','f9d0429b-40f0-4efa-aa1f-0cd2e9fb48ff'),('74345b71-e39c-453a-a79c-dff0c11c0295','f9d0429b-40f0-4efa-aa1f-0cd2e9fb48ff'),('74fcb5aa-af42-4971-b3c0-4534523db890','f9d0429b-40f0-4efa-aa1f-0cd2e9fb48ff'),('77b44cab-3d8b-4f9a-a9bc-12067413a045','f9d0429b-40f0-4efa-aa1f-0cd2e9fb48ff'),('788b9b51-72f0-4113-8e4b-f94e41c3720a','f9d0429b-40f0-4efa-aa1f-0cd2e9fb48ff'),('7ad5b853-90db-4152-946e-b5da50aec845','f9d0429b-40f0-4efa-aa1f-0cd2e9fb48ff'),('7b2f79bd-3fd3-4c20-a4ac-a24f1ac846ee','f9d0429b-40f0-4efa-aa1f-0cd2e9fb48ff'),('7f27c1de-3a8e-440d-91a5-ff6620492849','f9d0429b-40f0-4efa-aa1f-0cd2e9fb48ff'),('8634ea31-8566-4c0a-a001-0f86dd4ddb59','f9d0429b-40f0-4efa-aa1f-0cd2e9fb48ff'),('8c998429-ad69-419e-b610-f75afd44adfe','f9d0429b-40f0-4efa-aa1f-0cd2e9fb48ff'),('8cd4a80d-0f77-458e-b3e6-0a3a29cbb185','f9d0429b-40f0-4efa-aa1f-0cd2e9fb48ff'),('8e8cf3ee-666d-49a8-a382-fcdb9f54b793','f9d0429b-40f0-4efa-aa1f-0cd2e9fb48ff'),('91801a9e-7e1c-498a-9158-2df687347153','f9d0429b-40f0-4efa-aa1f-0cd2e9fb48ff'),('91b879f6-8ee9-4fe4-89a6-d99ddbc271b5','f9d0429b-40f0-4efa-aa1f-0cd2e9fb48ff'),('929aa250-b7cb-4606-b0de-e3b4fe42a8e0','f9d0429b-40f0-4efa-aa1f-0cd2e9fb48ff'),('936c7f2c-a6d5-4f78-ac51-676a36e0c8c9','f9d0429b-40f0-4efa-aa1f-0cd2e9fb48ff'),('958ca9e8-517a-40a9-b3cb-ab6afe12f7ab','f9d0429b-40f0-4efa-aa1f-0cd2e9fb48ff'),('98bb68d3-705a-4c81-a49f-71fbebeb50fb','f9d0429b-40f0-4efa-aa1f-0cd2e9fb48ff'),('a0cc1091-ab78-4aa6-8358-bdbcc239e326','f9d0429b-40f0-4efa-aa1f-0cd2e9fb48ff'),('a22760bd-c849-4767-9f80-b19f7d013a0c','f9d0429b-40f0-4efa-aa1f-0cd2e9fb48ff'),('a2c4b1f4-2543-4bd3-bb4d-a7c9e927ce7a','f9d0429b-40f0-4efa-aa1f-0cd2e9fb48ff'),('a587f5aa-3f65-4204-9f49-a0336b116df7','f9d0429b-40f0-4efa-aa1f-0cd2e9fb48ff'),('a5ee0f12-d714-463a-8179-40b5123f0041','f9d0429b-40f0-4efa-aa1f-0cd2e9fb48ff'),('a6ff4127-bcdf-4e9e-a55b-637d8e814ef6','f9d0429b-40f0-4efa-aa1f-0cd2e9fb48ff'),('a77755b7-1225-45ad-8114-fd6e298bb3ba','f9d0429b-40f0-4efa-aa1f-0cd2e9fb48ff'),('ae18cc16-50ec-4840-93d1-c6a6ab49ba67','f9d0429b-40f0-4efa-aa1f-0cd2e9fb48ff'),('af6690dc-e70f-4468-be6e-4c2c2236f550','f9d0429b-40f0-4efa-aa1f-0cd2e9fb48ff'),('b055773d-b75e-46fa-830b-a983f7b3570b','f9d0429b-40f0-4efa-aa1f-0cd2e9fb48ff'),('b6d15246-0929-4371-bf84-797ec5c842f1','f9d0429b-40f0-4efa-aa1f-0cd2e9fb48ff'),('b853b1bb-60f0-4c92-a3f8-34c735df83d1','f9d0429b-40f0-4efa-aa1f-0cd2e9fb48ff'),('c233fc16-b921-476c-b8d0-5a01ff6c4963','f9d0429b-40f0-4efa-aa1f-0cd2e9fb48ff'),('c51f2a79-2d7d-4c49-894a-1ceb5a4aa6e6','f9d0429b-40f0-4efa-aa1f-0cd2e9fb48ff'),('c7ba2108-49b4-452c-af74-16c2af128449','f9d0429b-40f0-4efa-aa1f-0cd2e9fb48ff'),('c8290c88-d012-426d-96bf-2e935bb8c267','f9d0429b-40f0-4efa-aa1f-0cd2e9fb48ff'),('cf954875-a0cb-4e5b-9f79-8c2b3854ba0f','f9d0429b-40f0-4efa-aa1f-0cd2e9fb48ff'),('d4ddba18-a64f-4b25-954c-236fed972b9f','f9d0429b-40f0-4efa-aa1f-0cd2e9fb48ff'),('dc1d73ed-bf0d-4ed5-9bce-4fbeb0bc3c23','f9d0429b-40f0-4efa-aa1f-0cd2e9fb48ff'),('e0e5cc40-7c62-4c1e-80ee-4c7aa67f5eb3','f9d0429b-40f0-4efa-aa1f-0cd2e9fb48ff'),('e223a661-0dc9-41c5-a040-9d1bc5491429','f9d0429b-40f0-4efa-aa1f-0cd2e9fb48ff'),('e25a1ac0-7d6f-461f-baba-74eb6ad8e78b','f9d0429b-40f0-4efa-aa1f-0cd2e9fb48ff'),('e48e3871-0d14-41dd-aa4e-696b3217dfca','f9d0429b-40f0-4efa-aa1f-0cd2e9fb48ff'),('e6348ca6-0fd7-4f55-be0f-d21efc3d3cf1','f9d0429b-40f0-4efa-aa1f-0cd2e9fb48ff'),('e7faadea-133f-4e25-ad2a-0b6fff558ef5','f9d0429b-40f0-4efa-aa1f-0cd2e9fb48ff'),('e9d1bc2e-2ae3-489e-b3f6-a4d9cab3efbc','f9d0429b-40f0-4efa-aa1f-0cd2e9fb48ff'),('eff6dfcb-91a0-40f2-98ac-7968d3ea807d','f9d0429b-40f0-4efa-aa1f-0cd2e9fb48ff'),('f3d1dd80-5c21-492f-844a-bc9c7584b092','f9d0429b-40f0-4efa-aa1f-0cd2e9fb48ff'),('f6506412-bb42-4aaf-9d06-bb8d09542f20','f9d0429b-40f0-4efa-aa1f-0cd2e9fb48ff'),('f77d779e-49b5-4b1f-aa15-3d53d3f7eb3f','f9d0429b-40f0-4efa-aa1f-0cd2e9fb48ff'),('f7d9a4d0-3161-46da-a5df-cb18a88e1442','f9d0429b-40f0-4efa-aa1f-0cd2e9fb48ff'),('f8052869-8e69-486f-bd9b-424ea3608dbb','f9d0429b-40f0-4efa-aa1f-0cd2e9fb48ff'),('f84526ca-3701-48f7-b61e-093efecd2127','f9d0429b-40f0-4efa-aa1f-0cd2e9fb48ff'),('fa7cd9b0-a397-4b75-9d8b-109afdc1cc34','f9d0429b-40f0-4efa-aa1f-0cd2e9fb48ff'),('fa82dd7b-b5f5-4dbb-83da-379ffa789152','f9d0429b-40f0-4efa-aa1f-0cd2e9fb48ff');
/*!40000 ALTER TABLE `has` ENABLE KEYS */;
UNLOCK TABLES;

--
-- Table structure for table `hospital`
--

DROP TABLE IF EXISTS `hospital`;
/*!40101 SET @saved_cs_client     = @@character_set_client */;
 SET character_set_client = utf8mb4 ;
CREATE TABLE `hospital` (
  `HospitalUid` char(37) CHARACTER SET utf8mb4 COLLATE utf8mb4_unicode_ci NOT NULL,
  `NumberOfRooms` int(11) DEFAULT NULL,
  PRIMARY KEY (`HospitalUid`)
) ENGINE=InnoDB DEFAULT CHARSET=utf8mb4 COLLATE=utf8mb4_unicode_ci;
/*!40101 SET character_set_client = @saved_cs_client */;

--
-- Dumping data for table `hospital`
--

LOCK TABLES `hospital` WRITE;
/*!40000 ALTER TABLE `hospital` DISABLE KEYS */;
INSERT INTO `hospital` VALUES ('f9d0429b-40f0-4efa-aa1f-0cd2e9fb48ff',100);
/*!40000 ALTER TABLE `hospital` ENABLE KEYS */;
UNLOCK TABLES;

--
-- Table structure for table `hospital_works_for`
--

DROP TABLE IF EXISTS `hospital_works_for`;
/*!40101 SET @saved_cs_client     = @@character_set_client */;
 SET character_set_client = utf8mb4 ;
CREATE TABLE `hospital_works_for` (
  `HEmployeeUid` char(37) COLLATE utf8_bin NOT NULL,
  `HospitalUid` char(37) COLLATE utf8_bin DEFAULT NULL,
  PRIMARY KEY (`HEmployeeUid`)
) ENGINE=InnoDB DEFAULT CHARSET=utf8 COLLATE=utf8_bin;
/*!40101 SET character_set_client = @saved_cs_client */;

--
-- Dumping data for table `hospital_works_for`
--

LOCK TABLES `hospital_works_for` WRITE;
/*!40000 ALTER TABLE `hospital_works_for` DISABLE KEYS */;
INSERT INTO `hospital_works_for` VALUES ('009cb71f-c256-48c4-a495-f093974d2ce7','f9d0429b-40f0-4efa-aa1f-0cd2e9fb48ff'),('03ad1927-b676-4fe8-94f8-277a6d9b7cc8','f9d0429b-40f0-4efa-aa1f-0cd2e9fb48ff'),('04873f81-562e-48c4-b934-16fff153829d','f9d0429b-40f0-4efa-aa1f-0cd2e9fb48ff'),('059f75d6-77cb-436b-aab4-8492dac103be','f9d0429b-40f0-4efa-aa1f-0cd2e9fb48ff'),('0a190520-09a2-4c03-a926-c809d19134cc','f9d0429b-40f0-4efa-aa1f-0cd2e9fb48ff'),('0c660bf4-c2bf-4420-87e3-d7a2c81af344','f9d0429b-40f0-4efa-aa1f-0cd2e9fb48ff'),('0d323651-cd73-4e48-9dfc-96a8fc9044ab','f9d0429b-40f0-4efa-aa1f-0cd2e9fb48ff'),('0dd349c0-be04-4031-8a5c-e26ed68621bc','f9d0429b-40f0-4efa-aa1f-0cd2e9fb48ff'),('0e4ad3b3-ceab-4587-8f72-7410bf2da593','f9d0429b-40f0-4efa-aa1f-0cd2e9fb48ff'),('0f811b62-97d5-422a-8dcc-9b5a190ad900','f9d0429b-40f0-4efa-aa1f-0cd2e9fb48ff'),('0fec7107-c140-4566-9dee-197154ccf443','f9d0429b-40f0-4efa-aa1f-0cd2e9fb48ff'),('10f2a081-ac05-47db-b480-cd80e80f6c35','f9d0429b-40f0-4efa-aa1f-0cd2e9fb48ff'),('13192204-78c2-4c12-b935-40b591fa9c74','f9d0429b-40f0-4efa-aa1f-0cd2e9fb48ff'),('139a769c-4b2d-4fa7-a78b-ed3a2d32fe96','f9d0429b-40f0-4efa-aa1f-0cd2e9fb48ff'),('14f5dfcf-0f43-4bd5-94bc-9c99e51dcf34','f9d0429b-40f0-4efa-aa1f-0cd2e9fb48ff'),('16d2cb46-e86b-4c9a-99d0-d95d2fb4723d','f9d0429b-40f0-4efa-aa1f-0cd2e9fb48ff'),('172a6656-0d94-408d-a6a4-46a2860895f4','f9d0429b-40f0-4efa-aa1f-0cd2e9fb48ff'),('177d5594-434d-4a4a-84c3-e8b7ab93d273','f9d0429b-40f0-4efa-aa1f-0cd2e9fb48ff'),('17fde832-8041-44a8-a533-039371e6a1c5','f9d0429b-40f0-4efa-aa1f-0cd2e9fb48ff'),('1b9f8ecb-3cd2-41b5-9478-af4fe9897974','f9d0429b-40f0-4efa-aa1f-0cd2e9fb48ff'),('1c0acce5-95f3-4d3f-87e4-8ff49f0f6352','f9d0429b-40f0-4efa-aa1f-0cd2e9fb48ff'),('1c52dbf7-db8b-4710-a0a5-5eb0768da05e','f9d0429b-40f0-4efa-aa1f-0cd2e9fb48ff'),('1cd9bf63-8ea6-4319-bc6e-296dc070820d','f9d0429b-40f0-4efa-aa1f-0cd2e9fb48ff'),('1dab1e2c-5656-4e5a-8ac2-982fac0419f2','f9d0429b-40f0-4efa-aa1f-0cd2e9fb48ff'),('1ee2dd99-5116-4daa-915f-efa7ddfcd5a4','f9d0429b-40f0-4efa-aa1f-0cd2e9fb48ff'),('1f2ca0e2-00ea-4d36-9b92-905ffb72ea99','f9d0429b-40f0-4efa-aa1f-0cd2e9fb48ff'),('21e80fe1-1570-4223-9b73-26221415f4c4','f9d0429b-40f0-4efa-aa1f-0cd2e9fb48ff'),('230f3de4-2bd7-4504-8d2b-6535bf25b915','f9d0429b-40f0-4efa-aa1f-0cd2e9fb48ff'),('238862da-139a-48c1-86fc-32bafc1846d3','f9d0429b-40f0-4efa-aa1f-0cd2e9fb48ff'),('2683bfce-e9e5-443e-98fc-9a618be35dd7','f9d0429b-40f0-4efa-aa1f-0cd2e9fb48ff'),('294840ea-cb08-4115-be9d-b4f8dfc23010','f9d0429b-40f0-4efa-aa1f-0cd2e9fb48ff'),('2a0bc4cb-b744-4016-8dda-e1fae9d67b51','f9d0429b-40f0-4efa-aa1f-0cd2e9fb48ff'),('2a839f23-cee3-4517-b9a5-d5f24bd8a25f','f9d0429b-40f0-4efa-aa1f-0cd2e9fb48ff'),('2b7bdc3f-6cb3-47b9-a9ee-956ef4a864a6','f9d0429b-40f0-4efa-aa1f-0cd2e9fb48ff'),('2be4e918-ca66-4741-912f-31eb50724b09','f9d0429b-40f0-4efa-aa1f-0cd2e9fb48ff'),('2d226e55-64ef-45e8-b8ba-df509bd80fba','f9d0429b-40f0-4efa-aa1f-0cd2e9fb48ff'),('2d4d943e-25f8-4ea0-9799-4922877b0a34','f9d0429b-40f0-4efa-aa1f-0cd2e9fb48ff'),('2f35e2db-7bb8-483f-9faf-e36527034de7','f9d0429b-40f0-4efa-aa1f-0cd2e9fb48ff'),('2f88836e-cbe8-4530-a63a-4a7cf9f272b1','f9d0429b-40f0-4efa-aa1f-0cd2e9fb48ff'),('2fb9f150-48e4-4d45-b0c5-208f2cf83961','f9d0429b-40f0-4efa-aa1f-0cd2e9fb48ff'),('3070eafe-d0b3-48a6-b66e-b955d36a375d','f9d0429b-40f0-4efa-aa1f-0cd2e9fb48ff'),('3311e925-edf7-411c-a999-b2fbbf714f9d','f9d0429b-40f0-4efa-aa1f-0cd2e9fb48ff'),('33228528-9c0c-48f4-a8a3-8d5af76a5525','f9d0429b-40f0-4efa-aa1f-0cd2e9fb48ff'),('3464202a-64f6-4bdb-b1e3-f3b700786010','f9d0429b-40f0-4efa-aa1f-0cd2e9fb48ff'),('347dcec6-07a0-40f0-bc7b-226cb79353de','f9d0429b-40f0-4efa-aa1f-0cd2e9fb48ff'),('351fdffb-8ae9-4228-ad26-d7e92ff186cb','f9d0429b-40f0-4efa-aa1f-0cd2e9fb48ff'),('35c42692-85b4-4439-aab9-a95006714b05','f9d0429b-40f0-4efa-aa1f-0cd2e9fb48ff'),('35cc5315-f7aa-41e8-bcdb-56d01ff2de2b','f9d0429b-40f0-4efa-aa1f-0cd2e9fb48ff'),('36d59706-761c-48ca-8cef-2875f6474f0c','f9d0429b-40f0-4efa-aa1f-0cd2e9fb48ff'),('37111387-e2f6-4db7-9440-6644c0095457','f9d0429b-40f0-4efa-aa1f-0cd2e9fb48ff'),('372ac7d0-1b62-4940-8c7e-630d06c11c1d','f9d0429b-40f0-4efa-aa1f-0cd2e9fb48ff'),('37882fd0-19cf-424f-addc-6524bd0bbddf','f9d0429b-40f0-4efa-aa1f-0cd2e9fb48ff'),('39e3f62e-691f-490f-ad2d-42702588ccf4','f9d0429b-40f0-4efa-aa1f-0cd2e9fb48ff'),('3b0b96d2-ce9f-4d60-b9f5-20ebab38933b','f9d0429b-40f0-4efa-aa1f-0cd2e9fb48ff'),('3e21c216-9180-4116-b7bc-91f5d6f5f4cf','f9d0429b-40f0-4efa-aa1f-0cd2e9fb48ff'),('3facb4d3-96e5-4b81-9f93-1616c8fa1650','f9d0429b-40f0-4efa-aa1f-0cd2e9fb48ff'),('3fb6d123-4396-4bf1-bc53-77bbe144a170','f9d0429b-40f0-4efa-aa1f-0cd2e9fb48ff'),('401fb479-9b9c-40ad-b0f2-92fb7bdce886','f9d0429b-40f0-4efa-aa1f-0cd2e9fb48ff'),('4175a310-cb08-4c98-a5b1-ea63b52fe446','f9d0429b-40f0-4efa-aa1f-0cd2e9fb48ff'),('41af273a-6774-432c-99e3-e942d91dbd1c','f9d0429b-40f0-4efa-aa1f-0cd2e9fb48ff'),('427c559c-8507-4ce6-bd43-79b544a86e28','f9d0429b-40f0-4efa-aa1f-0cd2e9fb48ff'),('43791942-094c-45aa-9e5a-74a384787223','f9d0429b-40f0-4efa-aa1f-0cd2e9fb48ff'),('437ce178-22c3-4e5d-9a60-5995ea696b10','f9d0429b-40f0-4efa-aa1f-0cd2e9fb48ff'),('43acb69b-d000-42ec-82ec-74e9459ef736','f9d0429b-40f0-4efa-aa1f-0cd2e9fb48ff'),('43f09952-4d33-45d1-a33a-23f72e0b1034','f9d0429b-40f0-4efa-aa1f-0cd2e9fb48ff'),('4641d705-2815-4a35-97ce-0dc3468b6bd9','f9d0429b-40f0-4efa-aa1f-0cd2e9fb48ff'),('47bf8551-4370-4957-9558-569f8cbbe7cb','f9d0429b-40f0-4efa-aa1f-0cd2e9fb48ff'),('47d02a50-3245-4a82-94fc-4270a4946db7','f9d0429b-40f0-4efa-aa1f-0cd2e9fb48ff'),('48cc0f71-425f-4aa3-af54-d03cb999dc7e','f9d0429b-40f0-4efa-aa1f-0cd2e9fb48ff'),('48edb552-6dfa-45b3-bd7d-1b38dea87577','f9d0429b-40f0-4efa-aa1f-0cd2e9fb48ff'),('4b12a482-4b67-4847-bdbb-ce07662c200a','f9d0429b-40f0-4efa-aa1f-0cd2e9fb48ff'),('4c8096c9-9bc4-44d0-a0f9-5b13950cb751','f9d0429b-40f0-4efa-aa1f-0cd2e9fb48ff'),('4d2424ce-4566-40f2-9dc8-c73570d1a3c2','f9d0429b-40f0-4efa-aa1f-0cd2e9fb48ff'),('4d52e17f-33f5-4fa6-9566-22bab45d705c','f9d0429b-40f0-4efa-aa1f-0cd2e9fb48ff'),('4dde97cf-34d8-44e4-b6db-b18498778201','f9d0429b-40f0-4efa-aa1f-0cd2e9fb48ff'),('4e4c7747-8887-4e9b-8a80-fa019cbbdba0','f9d0429b-40f0-4efa-aa1f-0cd2e9fb48ff'),('501169dc-699d-498b-a945-62c2fd80d72f','f9d0429b-40f0-4efa-aa1f-0cd2e9fb48ff'),('52d95dd1-1f59-4b3b-8a2a-8edfbc9c98be','f9d0429b-40f0-4efa-aa1f-0cd2e9fb48ff'),('532054d9-872f-4831-ab27-e188f696f779','f9d0429b-40f0-4efa-aa1f-0cd2e9fb48ff'),('53b338fa-4091-46b1-a9f7-056b37e1bf60','f9d0429b-40f0-4efa-aa1f-0cd2e9fb48ff'),('54b626ef-5d5b-4788-bc94-6d96968e7f19','f9d0429b-40f0-4efa-aa1f-0cd2e9fb48ff'),('5500b939-7d30-4572-9103-334ef47a0cd7','f9d0429b-40f0-4efa-aa1f-0cd2e9fb48ff'),('554c3014-2971-433e-9be4-d0f212c10008','f9d0429b-40f0-4efa-aa1f-0cd2e9fb48ff'),('55526877-e67c-4120-bfad-17c2c7a230ea','f9d0429b-40f0-4efa-aa1f-0cd2e9fb48ff'),('56098cea-2de6-458f-ae1d-e72eb88f561e','f9d0429b-40f0-4efa-aa1f-0cd2e9fb48ff'),('561ef124-44c2-4023-8317-ac3782984d74','f9d0429b-40f0-4efa-aa1f-0cd2e9fb48ff'),('58dc1253-c814-4bf4-8a05-2050821c73f2','f9d0429b-40f0-4efa-aa1f-0cd2e9fb48ff'),('5914f993-a3d0-468a-9e8b-ceb3e93d0cf9','f9d0429b-40f0-4efa-aa1f-0cd2e9fb48ff'),('5b0c1c63-cc70-46da-a551-efbaca3af940','f9d0429b-40f0-4efa-aa1f-0cd2e9fb48ff'),('5b10921f-b435-4897-bf25-0984086c524f','f9d0429b-40f0-4efa-aa1f-0cd2e9fb48ff'),('5bf04d5c-5428-49ea-bc3d-c78213a118e1','f9d0429b-40f0-4efa-aa1f-0cd2e9fb48ff'),('5e9bda1f-b4ff-4e3a-bc24-582676d49528','f9d0429b-40f0-4efa-aa1f-0cd2e9fb48ff'),('5fd7b4d8-fbbe-416c-a2d1-d7e1fdf2adcb','f9d0429b-40f0-4efa-aa1f-0cd2e9fb48ff'),('6027453d-23c9-4006-bb1e-066fc9abb103','f9d0429b-40f0-4efa-aa1f-0cd2e9fb48ff'),('60b42587-5242-4beb-925b-aecd2954179d','f9d0429b-40f0-4efa-aa1f-0cd2e9fb48ff'),('631bf4ed-424c-4370-bf9d-9040c321cce0','f9d0429b-40f0-4efa-aa1f-0cd2e9fb48ff'),('63a4aeec-2c35-4fe1-93f5-4040844a0392','f9d0429b-40f0-4efa-aa1f-0cd2e9fb48ff'),('65a36413-573c-49d1-869e-e4267ec5c12c','f9d0429b-40f0-4efa-aa1f-0cd2e9fb48ff'),('663496ed-722f-4450-a392-3ccf5c509357','f9d0429b-40f0-4efa-aa1f-0cd2e9fb48ff'),('680d3407-2b05-48f1-8b8c-4d473993990a','f9d0429b-40f0-4efa-aa1f-0cd2e9fb48ff'),('6a4b3aa4-9aba-4fbc-a6c1-c58b3da4955f','f9d0429b-40f0-4efa-aa1f-0cd2e9fb48ff'),('6c12c7a5-04a5-4193-b512-02c0e336ee65','f9d0429b-40f0-4efa-aa1f-0cd2e9fb48ff'),('6f44d1c1-1bc5-4dd1-b759-8d1dbd8d881d','f9d0429b-40f0-4efa-aa1f-0cd2e9fb48ff'),('6f582cd5-445c-4aff-8c35-6760eb05c75a','f9d0429b-40f0-4efa-aa1f-0cd2e9fb48ff'),('6f7773bc-94ab-4632-9357-ebcdf6aa0c0b','f9d0429b-40f0-4efa-aa1f-0cd2e9fb48ff'),('6fdf476c-b98d-4552-93fd-ae7e178bfe08','f9d0429b-40f0-4efa-aa1f-0cd2e9fb48ff'),('753c3f19-2350-4965-9e3d-a81537a1e3fc','f9d0429b-40f0-4efa-aa1f-0cd2e9fb48ff'),('768d3a36-4b5e-4b42-a06a-0fb053753c11','f9d0429b-40f0-4efa-aa1f-0cd2e9fb48ff'),('76a1814e-219a-4104-a543-7f89b4dda168','f9d0429b-40f0-4efa-aa1f-0cd2e9fb48ff'),('778e4fb1-d3a9-4e5a-a8d2-004035328b3b','f9d0429b-40f0-4efa-aa1f-0cd2e9fb48ff'),('78905a53-156f-44ff-baa9-086313049b82','f9d0429b-40f0-4efa-aa1f-0cd2e9fb48ff'),('78b9fb37-aec1-4485-87fe-5c1264c3684f','f9d0429b-40f0-4efa-aa1f-0cd2e9fb48ff'),('79d63c53-a7e7-4daf-88fc-4932d772c6d9','f9d0429b-40f0-4efa-aa1f-0cd2e9fb48ff'),('7a899765-dd4f-4f9b-89b4-2d7764b54f06','f9d0429b-40f0-4efa-aa1f-0cd2e9fb48ff'),('7c82becb-fbca-498e-bedc-04892773bdfc','f9d0429b-40f0-4efa-aa1f-0cd2e9fb48ff'),('800a3321-c9af-4b39-ab41-729a7d0218a4','f9d0429b-40f0-4efa-aa1f-0cd2e9fb48ff'),('8048c1a9-04f1-4a7a-b452-f0712c119918','f9d0429b-40f0-4efa-aa1f-0cd2e9fb48ff'),('80dbff79-21d6-4c62-a1ba-2671e655185d','f9d0429b-40f0-4efa-aa1f-0cd2e9fb48ff'),('80fb5587-2c72-460f-8478-d5d7a8006773','f9d0429b-40f0-4efa-aa1f-0cd2e9fb48ff'),('81042274-0feb-4722-a667-e4356369cbaa','f9d0429b-40f0-4efa-aa1f-0cd2e9fb48ff'),('81245949-c268-4b8c-85a8-82041bd38a24','f9d0429b-40f0-4efa-aa1f-0cd2e9fb48ff'),('83929850-f4c2-4813-903c-03af40de6810','f9d0429b-40f0-4efa-aa1f-0cd2e9fb48ff'),('83e0bb06-927b-48c1-89ff-b83b4be7e47a','f9d0429b-40f0-4efa-aa1f-0cd2e9fb48ff'),('85706373-8946-44ff-a382-2562213fd38d','f9d0429b-40f0-4efa-aa1f-0cd2e9fb48ff'),('86748425-6c78-42e3-bcb8-ce6194bc7770','f9d0429b-40f0-4efa-aa1f-0cd2e9fb48ff'),('875d487e-38b0-4246-8713-d3b39daa17c5','f9d0429b-40f0-4efa-aa1f-0cd2e9fb48ff'),('878a6cee-b866-4f38-b2ce-a59f100383e6','f9d0429b-40f0-4efa-aa1f-0cd2e9fb48ff'),('8856838e-b2a5-42ad-a8d2-d5bf0a1d988e','f9d0429b-40f0-4efa-aa1f-0cd2e9fb48ff'),('88f63f85-c045-425d-9d9f-97a54223efd0','f9d0429b-40f0-4efa-aa1f-0cd2e9fb48ff'),('8b5cad91-397b-4a85-af85-d0f3f59f6b59','f9d0429b-40f0-4efa-aa1f-0cd2e9fb48ff'),('8ebe933f-7ac1-41ec-9ad3-34a3304c9aac','f9d0429b-40f0-4efa-aa1f-0cd2e9fb48ff'),('8ecdd7f0-fe9a-48fb-84e1-0dc651b4df86','f9d0429b-40f0-4efa-aa1f-0cd2e9fb48ff'),('8f62bd74-06ea-44d3-ac98-f75e3d7f3273','f9d0429b-40f0-4efa-aa1f-0cd2e9fb48ff'),('949a797a-5ead-48ca-9eec-293681e47cc1','f9d0429b-40f0-4efa-aa1f-0cd2e9fb48ff'),('94fd244d-bd01-4284-97eb-8b213f8bb059','f9d0429b-40f0-4efa-aa1f-0cd2e9fb48ff'),('95dc4de7-e6a0-4393-a754-a9e77c354871','f9d0429b-40f0-4efa-aa1f-0cd2e9fb48ff'),('965018e0-d6b4-4093-9611-9958e5de704c','f9d0429b-40f0-4efa-aa1f-0cd2e9fb48ff'),('97d44c7b-fa2f-4205-b84d-3211f68dd421','f9d0429b-40f0-4efa-aa1f-0cd2e9fb48ff'),('9989fdb5-f497-47b7-964e-b913ade3cfa7','f9d0429b-40f0-4efa-aa1f-0cd2e9fb48ff'),('9aaaebb5-4a1e-4bac-8013-e13af3f6c5c4','f9d0429b-40f0-4efa-aa1f-0cd2e9fb48ff'),('9b49bbbc-dddf-4ac3-8c2a-32123d9a97cd','f9d0429b-40f0-4efa-aa1f-0cd2e9fb48ff'),('9c9534a5-b5ea-46d8-a638-b26ab2235634','f9d0429b-40f0-4efa-aa1f-0cd2e9fb48ff'),('9d66f6dc-1c8d-4d1c-82d3-e5f5fd16200e','f9d0429b-40f0-4efa-aa1f-0cd2e9fb48ff'),('9dd03552-fd87-4289-99f4-261cc069ce3d','f9d0429b-40f0-4efa-aa1f-0cd2e9fb48ff'),('a01abe66-f979-4128-9e35-8b772ff62af7','f9d0429b-40f0-4efa-aa1f-0cd2e9fb48ff'),('a0ac052e-9482-432d-b2f6-e8e157f754e4','f9d0429b-40f0-4efa-aa1f-0cd2e9fb48ff'),('a124e7b5-9699-4c87-a0d7-bbd84dbfbc8f','f9d0429b-40f0-4efa-aa1f-0cd2e9fb48ff'),('a1db3586-c7f1-4ab7-87fb-1040332aafcc','f9d0429b-40f0-4efa-aa1f-0cd2e9fb48ff'),('a1fcd664-410b-4cc1-9c92-d9d5c1ba8533','f9d0429b-40f0-4efa-aa1f-0cd2e9fb48ff'),('a21df552-f0d3-475a-ab46-f9718d931207','f9d0429b-40f0-4efa-aa1f-0cd2e9fb48ff'),('a2a36bee-29d2-4c4a-b232-b5ea9cdd723a','f9d0429b-40f0-4efa-aa1f-0cd2e9fb48ff'),('a30148ee-a308-4371-ab36-6c865f0ca8b2','f9d0429b-40f0-4efa-aa1f-0cd2e9fb48ff'),('a32aa690-401f-4c8c-9718-e72a61152780','f9d0429b-40f0-4efa-aa1f-0cd2e9fb48ff'),('a32ed332-8097-40bf-9bae-3ada5c8daafb','f9d0429b-40f0-4efa-aa1f-0cd2e9fb48ff'),('a45611ee-5ae5-4986-9bde-ded684155ff8','f9d0429b-40f0-4efa-aa1f-0cd2e9fb48ff'),('a59bfdf4-8ba4-4a7b-a63f-983c1d6bb39e','f9d0429b-40f0-4efa-aa1f-0cd2e9fb48ff'),('a63eae56-d434-43bd-9c01-21da3504fd97','f9d0429b-40f0-4efa-aa1f-0cd2e9fb48ff'),('a74ae319-bf40-47be-a0b5-d8bde54a2d43','f9d0429b-40f0-4efa-aa1f-0cd2e9fb48ff'),('a89b8902-0665-4434-95e5-9886f387e51d','f9d0429b-40f0-4efa-aa1f-0cd2e9fb48ff'),('aa9001f4-8824-4f02-8297-05c9d2bc7447','f9d0429b-40f0-4efa-aa1f-0cd2e9fb48ff'),('ab31f804-68fb-449f-9647-c41aa32fec94','f9d0429b-40f0-4efa-aa1f-0cd2e9fb48ff'),('ac9b977c-f0d8-4a8d-8829-254a53537fdf','f9d0429b-40f0-4efa-aa1f-0cd2e9fb48ff'),('ae472a45-6e7c-4d59-b207-25d0b2ca81a3','f9d0429b-40f0-4efa-aa1f-0cd2e9fb48ff'),('af819830-85f4-4209-86ad-f454afe36afd','f9d0429b-40f0-4efa-aa1f-0cd2e9fb48ff'),('b08684b2-4efd-46c0-bc59-b9851b889810','f9d0429b-40f0-4efa-aa1f-0cd2e9fb48ff'),('b086c499-a214-4cab-8af0-348e129f28e0','f9d0429b-40f0-4efa-aa1f-0cd2e9fb48ff'),('b08f920c-adbd-49e5-b63e-d63b8fab6b5d','f9d0429b-40f0-4efa-aa1f-0cd2e9fb48ff'),('b0ff383d-a637-44cd-b699-e8c241c7639a','f9d0429b-40f0-4efa-aa1f-0cd2e9fb48ff'),('b1527252-46c1-468b-87c4-8c902388c9fa','f9d0429b-40f0-4efa-aa1f-0cd2e9fb48ff'),('b2555f0b-54e3-4796-bb99-498be87c896a','f9d0429b-40f0-4efa-aa1f-0cd2e9fb48ff'),('b29aaae9-a958-45c2-87ec-6633177ea0eb','f9d0429b-40f0-4efa-aa1f-0cd2e9fb48ff'),('b2bf4906-1ceb-410c-b478-fc5a89381e21','f9d0429b-40f0-4efa-aa1f-0cd2e9fb48ff'),('b3c2393b-094b-4364-9589-78dde6b986ba','f9d0429b-40f0-4efa-aa1f-0cd2e9fb48ff'),('b42376ad-25cc-4eb8-8faf-489c925a3196','f9d0429b-40f0-4efa-aa1f-0cd2e9fb48ff'),('b4592585-671a-400d-a3fd-3a34ed0fa229','f9d0429b-40f0-4efa-aa1f-0cd2e9fb48ff'),('b60bd23d-9bd2-4faa-8531-049571432d46','f9d0429b-40f0-4efa-aa1f-0cd2e9fb48ff'),('b851ee73-c427-465c-9135-ed99d06cc612','f9d0429b-40f0-4efa-aa1f-0cd2e9fb48ff'),('b8ec1537-5f69-41f7-ade4-9f34a280a0e0','f9d0429b-40f0-4efa-aa1f-0cd2e9fb48ff'),('bd2f9eed-b1c0-42d6-81be-e37ba85354ce','f9d0429b-40f0-4efa-aa1f-0cd2e9fb48ff'),('be5501fd-f166-4a68-baf0-726b4b94a3b9','f9d0429b-40f0-4efa-aa1f-0cd2e9fb48ff'),('bead03f7-068f-470a-96bb-ce48fce29eee','f9d0429b-40f0-4efa-aa1f-0cd2e9fb48ff'),('c0fdb2b2-3692-4472-8797-3ffc8dcb46be','f9d0429b-40f0-4efa-aa1f-0cd2e9fb48ff'),('c1905c4a-d383-4659-b264-befe6e768d44','f9d0429b-40f0-4efa-aa1f-0cd2e9fb48ff'),('c21892a3-6378-4733-8952-11c405f15aa5','f9d0429b-40f0-4efa-aa1f-0cd2e9fb48ff'),('c3959bcc-252a-45e6-bcf8-96063dd982f3','f9d0429b-40f0-4efa-aa1f-0cd2e9fb48ff'),('c3aee73c-327e-4f71-a229-f2b28424416d','f9d0429b-40f0-4efa-aa1f-0cd2e9fb48ff'),('c6cd89f4-f63e-468a-8552-3f593ddc87e1','f9d0429b-40f0-4efa-aa1f-0cd2e9fb48ff'),('c702d4f7-f5e3-4e2d-9d93-5f7cc472e271','f9d0429b-40f0-4efa-aa1f-0cd2e9fb48ff'),('c71c5f93-30b2-4e3d-9fbb-b162ad25306a','f9d0429b-40f0-4efa-aa1f-0cd2e9fb48ff'),('c77eb1e1-3d8b-4488-b4bf-9b44f7244c8f','f9d0429b-40f0-4efa-aa1f-0cd2e9fb48ff'),('c885900b-3c4c-4674-9850-e78c3aa604b4','f9d0429b-40f0-4efa-aa1f-0cd2e9fb48ff'),('c932e16f-12a5-4ba2-8382-5c6a0e1e2c16','f9d0429b-40f0-4efa-aa1f-0cd2e9fb48ff'),('ca3dd714-cb76-4a57-a2b9-447eeafa2717','f9d0429b-40f0-4efa-aa1f-0cd2e9fb48ff'),('ca5b5b7d-2167-4462-ba3f-55b661e2239d','f9d0429b-40f0-4efa-aa1f-0cd2e9fb48ff'),('cbf07e76-f87f-490c-85c8-aada06930ad2','f9d0429b-40f0-4efa-aa1f-0cd2e9fb48ff'),('cc2731a4-42f8-43ac-8ab0-6f3ece68907c','f9d0429b-40f0-4efa-aa1f-0cd2e9fb48ff'),('cee88841-470d-4746-8cda-af031a0e099b','f9d0429b-40f0-4efa-aa1f-0cd2e9fb48ff'),('cf62fca0-92bc-4a28-934a-f110db7b8b32','f9d0429b-40f0-4efa-aa1f-0cd2e9fb48ff'),('d11832f1-82aa-4893-bea9-accba177f33f','f9d0429b-40f0-4efa-aa1f-0cd2e9fb48ff'),('d1fa1eb2-3317-408e-94d4-4c912fd15fdd','f9d0429b-40f0-4efa-aa1f-0cd2e9fb48ff'),('d2979598-8090-4559-9010-4a45f83f3b9f','f9d0429b-40f0-4efa-aa1f-0cd2e9fb48ff'),('d385a7b0-d59a-49c5-8acb-f76542ffacad','f9d0429b-40f0-4efa-aa1f-0cd2e9fb48ff'),('d5762b3e-bf37-4c3e-909a-aafceddbcc84','f9d0429b-40f0-4efa-aa1f-0cd2e9fb48ff'),('d65f77a1-d181-4e24-b9a3-1641c6d3c836','f9d0429b-40f0-4efa-aa1f-0cd2e9fb48ff'),('d87efc38-877e-4a4b-8c13-078df47362c2','f9d0429b-40f0-4efa-aa1f-0cd2e9fb48ff'),('d97b1236-e4e0-4deb-9179-1ece8032f33b','f9d0429b-40f0-4efa-aa1f-0cd2e9fb48ff'),('d9a7e27b-05e2-4ca3-98c5-4c11216619ed','f9d0429b-40f0-4efa-aa1f-0cd2e9fb48ff'),('dcf57d71-1bc3-4fd6-8bdf-e0ca588941f9','f9d0429b-40f0-4efa-aa1f-0cd2e9fb48ff'),('de24dafb-81e2-4442-9e21-70595bda1a07','f9d0429b-40f0-4efa-aa1f-0cd2e9fb48ff'),('de93533b-ef80-433f-9434-bc3515b0db89','f9d0429b-40f0-4efa-aa1f-0cd2e9fb48ff'),('df9eea43-4dae-49b1-8bf4-facad9008248','f9d0429b-40f0-4efa-aa1f-0cd2e9fb48ff'),('e0c241ce-f027-42bf-bb4e-fa87f1e86b75','f9d0429b-40f0-4efa-aa1f-0cd2e9fb48ff'),('e1a65c20-6158-4d3b-b9f6-4bc14099298f','f9d0429b-40f0-4efa-aa1f-0cd2e9fb48ff'),('e1d4bf7c-c586-48e5-94f6-ea8b4d45b6d6','f9d0429b-40f0-4efa-aa1f-0cd2e9fb48ff'),('e1fac6c1-fe77-469b-8e63-7103eb83e9ed','f9d0429b-40f0-4efa-aa1f-0cd2e9fb48ff'),('e232eae1-a9cf-44a9-ac9c-54763ceadfe3','f9d0429b-40f0-4efa-aa1f-0cd2e9fb48ff'),('e23882fd-b62a-4ed1-a232-9cf12e65b7a0','f9d0429b-40f0-4efa-aa1f-0cd2e9fb48ff'),('e23970d5-40b7-4435-915e-d2f6adde65ef','f9d0429b-40f0-4efa-aa1f-0cd2e9fb48ff'),('e2e660cc-f919-4a6b-ad6b-97499e236ff2','f9d0429b-40f0-4efa-aa1f-0cd2e9fb48ff'),('e399e35b-e1b6-4fae-b6c7-bf19c69fbdb4','f9d0429b-40f0-4efa-aa1f-0cd2e9fb48ff'),('e42cb185-30db-48d5-8611-4ea969bec2f3','f9d0429b-40f0-4efa-aa1f-0cd2e9fb48ff'),('e4c1f588-984b-4f85-9d4c-ea0feab1c716','f9d0429b-40f0-4efa-aa1f-0cd2e9fb48ff'),('e5400257-b125-49d9-a25d-1fafffc580f5','f9d0429b-40f0-4efa-aa1f-0cd2e9fb48ff'),('e646219d-992b-4f55-bedb-19ab105526e9','f9d0429b-40f0-4efa-aa1f-0cd2e9fb48ff'),('e68d3b07-42f5-4a6a-b8ee-fe01330aaaa7','f9d0429b-40f0-4efa-aa1f-0cd2e9fb48ff'),('e7416b5b-d9b8-4510-befa-c6ae4301ef55','f9d0429b-40f0-4efa-aa1f-0cd2e9fb48ff'),('e91a6b43-4545-4450-a688-b438e3b37116','f9d0429b-40f0-4efa-aa1f-0cd2e9fb48ff'),('e9308246-3f96-42d0-9303-c31173dc9c7b','f9d0429b-40f0-4efa-aa1f-0cd2e9fb48ff'),('e9ffa47b-0187-4195-86ba-dbb38fb3b245','f9d0429b-40f0-4efa-aa1f-0cd2e9fb48ff'),('eb3f6b3a-7afa-45f2-b6f7-571312adfdc8','f9d0429b-40f0-4efa-aa1f-0cd2e9fb48ff'),('eb625015-b6a4-4ebf-9d99-3c030613dbe6','f9d0429b-40f0-4efa-aa1f-0cd2e9fb48ff'),('ebf6a18e-5fa9-4c6d-8b03-4f8864cb3b8b','f9d0429b-40f0-4efa-aa1f-0cd2e9fb48ff'),('ed4f121f-aa46-4e24-951c-29d1bfb48c80','f9d0429b-40f0-4efa-aa1f-0cd2e9fb48ff'),('f033a80e-edc7-4e43-87c5-3ee3da716dbd','f9d0429b-40f0-4efa-aa1f-0cd2e9fb48ff'),('f15e101c-8442-4625-8426-aa60b8e9d360','f9d0429b-40f0-4efa-aa1f-0cd2e9fb48ff'),('f1f3acc2-c27b-42ac-a69c-4c5943553ef7','f9d0429b-40f0-4efa-aa1f-0cd2e9fb48ff'),('f248a53e-0506-4f09-bbf4-3eda5d0c7dd1','f9d0429b-40f0-4efa-aa1f-0cd2e9fb48ff'),('f3e26306-4314-4413-ac1c-e245654ddcfe','f9d0429b-40f0-4efa-aa1f-0cd2e9fb48ff'),('f625c764-7b12-44fe-a413-ae5de6d8f53c','f9d0429b-40f0-4efa-aa1f-0cd2e9fb48ff'),('f724f38a-582d-4890-96d4-bb5b8580235e','f9d0429b-40f0-4efa-aa1f-0cd2e9fb48ff'),('f7d3f612-d2dd-4490-a6ef-6cef6939764e','f9d0429b-40f0-4efa-aa1f-0cd2e9fb48ff'),('f81e060c-870b-4ef0-a761-24c002cb00bd','f9d0429b-40f0-4efa-aa1f-0cd2e9fb48ff'),('f85687d6-151a-4ff3-bae3-707a3b13f5c5','f9d0429b-40f0-4efa-aa1f-0cd2e9fb48ff'),('f96ddfd3-46d5-41a7-81e8-4fbb139a4c1f','f9d0429b-40f0-4efa-aa1f-0cd2e9fb48ff'),('fa408e24-a03e-4b09-a9b4-1d65d1ff8705','f9d0429b-40f0-4efa-aa1f-0cd2e9fb48ff'),('fa9a4aae-773a-40b2-9d69-c81ebdd86d42','f9d0429b-40f0-4efa-aa1f-0cd2e9fb48ff'),('fbc20a34-aa89-4410-89d7-c64521cb4f01','f9d0429b-40f0-4efa-aa1f-0cd2e9fb48ff'),('fcd6222c-6b58-41c1-b861-dcb89aa29b6d','f9d0429b-40f0-4efa-aa1f-0cd2e9fb48ff'),('fcf61374-d489-4ea1-8947-b68b1c50afb3','f9d0429b-40f0-4efa-aa1f-0cd2e9fb48ff'),('fcfb09e4-cbe6-461e-ae8e-8aa45ce85871','f9d0429b-40f0-4efa-aa1f-0cd2e9fb48ff');
/*!40000 ALTER TABLE `hospital_works_for` ENABLE KEYS */;
UNLOCK TABLES;

--
-- Table structure for table `hospitalemployee`
--

DROP TABLE IF EXISTS `hospitalemployee`;
/*!40101 SET @saved_cs_client     = @@character_set_client */;
 SET character_set_client = utf8mb4 ;
CREATE TABLE `hospitalemployee` (
  `HEmployeeUid` char(37) NOT NULL,
  `Qualification` varchar(45) NOT NULL,
  `Salary` double DEFAULT NULL,
  PRIMARY KEY (`HEmployeeUid`)
) ENGINE=InnoDB DEFAULT CHARSET=utf8;
/*!40101 SET character_set_client = @saved_cs_client */;

--
-- Dumping data for table `hospitalemployee`
--

LOCK TABLES `hospitalemployee` WRITE;
/*!40000 ALTER TABLE `hospitalemployee` DISABLE KEYS */;
INSERT INTO `hospitalemployee` VALUES ('009cb71f-c256-48c4-a495-f093974d2ce7','DGO',62297),('03ad1927-b676-4fe8-94f8-277a6d9b7cc8','DA',84795),('04873f81-562e-48c4-b934-16fff153829d','BMedSci',69657),('059f75d6-77cb-436b-aab4-8492dac103be','DS',74816),('0a190520-09a2-4c03-a926-c809d19134cc','MFOM',95954),('0c660bf4-c2bf-4420-87e3-d7a2c81af344','FFPath',75157),('0d323651-cd73-4e48-9dfc-96a8fc9044ab','MRCP',82695),('0dd349c0-be04-4031-8a5c-e26ed68621bc','FRCOG',83375),('0e4ad3b3-ceab-4587-8f72-7410bf2da593','FRCPsych',62153),('0f811b62-97d5-422a-8dcc-9b5a190ad900','FRCSI',95655),('0fec7107-c140-4566-9dee-197154ccf443','MRCPsych',79298),('10f2a081-ac05-47db-b480-cd80e80f6c35','FFFP',63647),('13192204-78c2-4c12-b935-40b591fa9c74','MPhil',87794),('139a769c-4b2d-4fa7-a78b-ed3a2d32fe96','PhD',94128),('14f5dfcf-0f43-4bd5-94bc-9c99e51dcf34','DRCOG',63445),('16d2cb46-e86b-4c9a-99d0-d95d2fb4723d','GP',65235),('172a6656-0d94-408d-a6a4-46a2860895f4','MClinPscychol',82454),('177d5594-434d-4a4a-84c3-e8b7ab93d273','DA',62237),('17fde832-8041-44a8-a533-039371e6a1c5','MBBCh',66928),('1b9f8ecb-3cd2-41b5-9478-af4fe9897974','DA',66568),('1c0acce5-95f3-4d3f-87e4-8ff49f0f6352','MRCPsych',75768),('1c52dbf7-db8b-4710-a0a5-5eb0768da05e','DO',78361),('1cd9bf63-8ea6-4319-bc6e-296dc070820d','DCP',64298),('1dab1e2c-5656-4e5a-8ac2-982fac0419f2','DPM',84168),('1ee2dd99-5116-4daa-915f-efa7ddfcd5a4','MMedSc',84739),('1f2ca0e2-00ea-4d36-9b92-905ffb72ea99','LRCPS',77493),('21e80fe1-1570-4223-9b73-26221415f4c4','MRCOG',87893),('230f3de4-2bd7-4504-8d2b-6535bf25b915','FRCPath',88697),('238862da-139a-48c1-86fc-32bafc1846d3','DPH',74795),('2683bfce-e9e5-443e-98fc-9a618be35dd7','FFA',89412),('294840ea-cb08-4115-be9d-b4f8dfc23010','MRCPsych',64133),('2a0bc4cb-b744-4016-8dda-e1fae9d67b51','MChOrth',69883),('2a839f23-cee3-4517-b9a5-d5f24bd8a25f','DPhysMed',85159),('2b7bdc3f-6cb3-47b9-a9ee-956ef4a864a6','MBBS',91247),('2be4e918-ca66-4741-912f-31eb50724b09','MRCPI',96542),('2d226e55-64ef-45e8-b8ba-df509bd80fba','LRCPS',69884),('2d4d943e-25f8-4ea0-9799-4922877b0a34','MPhil',99245),('2f35e2db-7bb8-483f-9faf-e36527034de7','FFR',79188),('2f88836e-cbe8-4530-a63a-4a7cf9f272b1','BMedSci',86798),('2fb9f150-48e4-4d45-b0c5-208f2cf83961','BSc',64839),('3070eafe-d0b3-48a6-b66e-b955d36a375d','FRCGP',71334),('3311e925-edf7-411c-a999-b2fbbf714f9d','MSc',81621),('33228528-9c0c-48f4-a8a3-8d5af76a5525','DPM',68531),('3464202a-64f6-4bdb-b1e3-f3b700786010','MRCP',83859),('347dcec6-07a0-40f0-bc7b-226cb79353de','FFFP',97929),('351fdffb-8ae9-4228-ad26-d7e92ff186cb','MD',97375),('35c42692-85b4-4439-aab9-a95006714b05','FRCPsych',92589),('35cc5315-f7aa-41e8-bcdb-56d01ff2de2b','DObst',72652),('36d59706-761c-48ca-8cef-2875f6474f0c','BSc',95649),('37111387-e2f6-4db7-9440-6644c0095457','FRCGP',67974),('372ac7d0-1b62-4940-8c7e-630d06c11c1d','SpR',77484),('37882fd0-19cf-424f-addc-6524bd0bbddf','BMedSci',93398),('39e3f62e-691f-490f-ad2d-42702588ccf4','DGO',72364),('3b0b96d2-ce9f-4d60-b9f5-20ebab38933b','DRCPath',68957),('3e21c216-9180-4116-b7bc-91f5d6f5f4cf','LRCPS',65339),('3facb4d3-96e5-4b81-9f93-1616c8fa1650','MPhil',96188),('3fb6d123-4396-4bf1-bc53-77bbe144a170','CPH',98965),('401fb479-9b9c-40ad-b0f2-92fb7bdce886','FRCR',92286),('4175a310-cb08-4c98-a5b1-ea63b52fe446','DS',77592),('41af273a-6774-432c-99e3-e942d91dbd1c','PhD',94851),('427c559c-8507-4ce6-bd43-79b544a86e28','CPH',67713),('43791942-094c-45aa-9e5a-74a384787223','DGM',63586),('437ce178-22c3-4e5d-9a60-5995ea696b10','BMedSci',85217),('43acb69b-d000-42ec-82ec-74e9459ef736','MClinPscychol',74477),('43f09952-4d33-45d1-a33a-23f72e0b1034','SpR',99575),('4641d705-2815-4a35-97ce-0dc3468b6bd9','BMedSci',78571),('47bf8551-4370-4957-9558-569f8cbbe7cb','FFPHM',71893),('47d02a50-3245-4a82-94fc-4270a4946db7','PhD',96579),('48cc0f71-425f-4aa3-af54-d03cb999dc7e','DObst',66681),('48edb552-6dfa-45b3-bd7d-1b38dea87577','FRSH',85481),('4b12a482-4b67-4847-bdbb-ce07662c200a','LRCPI',94584),('4c8096c9-9bc4-44d0-a0f9-5b13950cb751','LRCS',83481),('4d2424ce-4566-40f2-9dc8-c73570d1a3c2','FRS',96933),('4d52e17f-33f5-4fa6-9566-22bab45d705c','MClinPscychol',94311),('4dde97cf-34d8-44e4-b6db-b18498778201','BMedSci',64839),('4e4c7747-8887-4e9b-8a80-fa019cbbdba0','FRCSI',73675),('501169dc-699d-498b-a945-62c2fd80d72f','MRCPsych',62975),('52d95dd1-1f59-4b3b-8a2a-8edfbc9c98be','FFPath',87446),('532054d9-872f-4831-ab27-e188f696f779','MRCOG',95723),('53b338fa-4091-46b1-a9f7-056b37e1bf60','MA',73941),('54b626ef-5d5b-4788-bc94-6d96968e7f19','DPM',65939),('5500b939-7d30-4572-9103-334ef47a0cd7','PhD',63345),('554c3014-2971-433e-9be4-d0f212c10008','LRCP',77486),('55526877-e67c-4120-bfad-17c2c7a230ea','MRCP',99868),('56098cea-2de6-458f-ae1d-e72eb88f561e','FRSH',81546),('561ef124-44c2-4023-8317-ac3782984d74','DPath',96916),('58dc1253-c814-4bf4-8a05-2050821c73f2','FRCPS',95475),('5914f993-a3d0-468a-9e8b-ceb3e93d0cf9','MBAcA',83174),('5b0c1c63-cc70-46da-a551-efbaca3af940','PhD',83791),('5b10921f-b435-4897-bf25-0984086c524f','CPH',62496),('5bf04d5c-5428-49ea-bc3d-c78213a118e1','DPhysMed',98772),('5e9bda1f-b4ff-4e3a-bc24-582676d49528','FFPHM',97622),('5fd7b4d8-fbbe-416c-a2d1-d7e1fdf2adcb','BS',99548),('6027453d-23c9-4006-bb1e-066fc9abb103','MMedSc',61763),('60b42587-5242-4beb-925b-aecd2954179d','DCP',87122),('631bf4ed-424c-4370-bf9d-9040c321cce0','FRS',75512),('63a4aeec-2c35-4fe1-93f5-4040844a0392','MMed',99523),('65a36413-573c-49d1-869e-e4267ec5c12c','DO',85245),('663496ed-722f-4450-a392-3ccf5c509357','DObst',89484),('680d3407-2b05-48f1-8b8c-4d473993990a','PRHO',65693),('6a4b3aa4-9aba-4fbc-a6c1-c58b3da4955f','FRCR',85662),('6c12c7a5-04a5-4193-b512-02c0e336ee65','DPath',75563),('6f44d1c1-1bc5-4dd1-b759-8d1dbd8d881d','PhD',87249),('6f582cd5-445c-4aff-8c35-6760eb05c75a','PhD',64154),('6f7773bc-94ab-4632-9357-ebcdf6aa0c0b','MBBCh',96887),('6fdf476c-b98d-4552-93fd-ae7e178bfe08','FRCPath',92833),('753c3f19-2350-4965-9e3d-a81537a1e3fc','PhD',72954),('768d3a36-4b5e-4b42-a06a-0fb053753c11','MBChB',89283),('76a1814e-219a-4104-a543-7f89b4dda168','FRCOphth',79688),('778e4fb1-d3a9-4e5a-a8d2-004035328b3b','FRCPath',72397),('78905a53-156f-44ff-baa9-086313049b82','DDS',73175),('78b9fb37-aec1-4485-87fe-5c1264c3684f','FFCM',97538),('79d63c53-a7e7-4daf-88fc-4932d772c6d9','FFA',87849),('7a899765-dd4f-4f9b-89b4-2d7764b54f06','MMedSc',87421),('7c82becb-fbca-498e-bedc-04892773bdfc','FRCPsych',75156),('800a3321-c9af-4b39-ab41-729a7d0218a4','DPH',97889),('8048c1a9-04f1-4a7a-b452-f0712c119918','FRCS',78236),('80dbff79-21d6-4c62-a1ba-2671e655185d','PhD',71141),('80fb5587-2c72-460f-8478-d5d7a8006773','DRCPath',88583),('81042274-0feb-4722-a667-e4356369cbaa','FRCR',62328),('81245949-c268-4b8c-85a8-82041bd38a24','ChB',94234),('83929850-f4c2-4813-903c-03af40de6810','ChB',93414),('83e0bb06-927b-48c1-89ff-b83b4be7e47a','BMedSci',85595),('85706373-8946-44ff-a382-2562213fd38d','FRCR',62488),('86748425-6c78-42e3-bcb8-ce6194bc7770','MPhil',91323),('875d487e-38b0-4246-8713-d3b39daa17c5','DRCPath',94361),('878a6cee-b866-4f38-b2ce-a59f100383e6','FRCOG',91829),('8856838e-b2a5-42ad-a8d2-d5bf0a1d988e','DCPath',94113),('88f63f85-c045-425d-9d9f-97a54223efd0','MRCPath',62432),('8b5cad91-397b-4a85-af85-d0f3f59f6b59','MRCPI',63611),('8ebe933f-7ac1-41ec-9ad3-34a3304c9aac','FRSH',82332),('8ecdd7f0-fe9a-48fb-84e1-0dc651b4df86','DA',82147),('8f62bd74-06ea-44d3-ac98-f75e3d7f3273','FRS',88311),('949a797a-5ead-48ca-9eec-293681e47cc1','FRSH',68817),('94fd244d-bd01-4284-97eb-8b213f8bb059','DA',98864),('95dc4de7-e6a0-4393-a754-a9e77c354871','MFOM',96189),('965018e0-d6b4-4093-9611-9958e5de704c','FRSH',63444),('97d44c7b-fa2f-4205-b84d-3211f68dd421','FRS',69324),('9989fdb5-f497-47b7-964e-b913ade3cfa7','DPM',89746),('9aaaebb5-4a1e-4bac-8013-e13af3f6c5c4','LRCS',65199),('9b49bbbc-dddf-4ac3-8c2a-32123d9a97cd','BChir',86141),('9c9534a5-b5ea-46d8-a638-b26ab2235634','BMedSci',68233),('9d66f6dc-1c8d-4d1c-82d3-e5f5fd16200e','DObst',62737),('9dd03552-fd87-4289-99f4-261cc069ce3d','FRCR',85945),('a01abe66-f979-4128-9e35-8b772ff62af7','MFFP',97621),('a0ac052e-9482-432d-b2f6-e8e157f754e4','MD',95245),('a124e7b5-9699-4c87-a0d7-bbd84dbfbc8f','DCh',67333),('a1db3586-c7f1-4ab7-87fb-1040332aafcc','FFR',93451),('a1fcd664-410b-4cc1-9c92-d9d5c1ba8533','ChB',83563),('a21df552-f0d3-475a-ab46-f9718d931207','MS',91197),('a2a36bee-29d2-4c4a-b232-b5ea9cdd723a','FRCPath',65588),('a30148ee-a308-4371-ab36-6c865f0ca8b2','BPharm',67431),('a32aa690-401f-4c8c-9718-e72a61152780','MRCS',71556),('a32ed332-8097-40bf-9bae-3ada5c8daafb','DO',96558),('a45611ee-5ae5-4986-9bde-ded684155ff8','DPM',72368),('a59bfdf4-8ba4-4a7b-a63f-983c1d6bb39e','FFPath',64128),('a63eae56-d434-43bd-9c01-21da3504fd97','BS',82134),('a74ae319-bf40-47be-a0b5-d8bde54a2d43','DPath',66425),('a89b8902-0665-4434-95e5-9886f387e51d','DRCOG',76744),('aa9001f4-8824-4f02-8297-05c9d2bc7447','FFFP',82689),('ab31f804-68fb-449f-9647-c41aa32fec94','FRS',67237),('ac9b977c-f0d8-4a8d-8829-254a53537fdf','DPM',87112),('ae472a45-6e7c-4d59-b207-25d0b2ca81a3','MMedSc',79636),('af819830-85f4-4209-86ad-f454afe36afd','MBChB',65935),('b08684b2-4efd-46c0-bc59-b9851b889810','MBChB',71292),('b086c499-a214-4cab-8af0-348e129f28e0','MMed',92561),('b08f920c-adbd-49e5-b63e-d63b8fab6b5d','DPH',95544),('b0ff383d-a637-44cd-b699-e8c241c7639a','GP',87586),('b1527252-46c1-468b-87c4-8c902388c9fa','MSc',77515),('b2555f0b-54e3-4796-bb99-498be87c896a','MMed',95318),('b29aaae9-a958-45c2-87ec-6633177ea0eb','FRCGP',87519),('b2bf4906-1ceb-410c-b478-fc5a89381e21','FRS',78363),('b3c2393b-094b-4364-9589-78dde6b986ba','BMedSci',77177),('b42376ad-25cc-4eb8-8faf-489c925a3196','FFPHM',65438),('b4592585-671a-400d-a3fd-3a34ed0fa229','BChir',77276),('b60bd23d-9bd2-4faa-8531-049571432d46','FFR',83282),('b851ee73-c427-465c-9135-ed99d06cc612','FFR',75811),('b8ec1537-5f69-41f7-ade4-9f34a280a0e0','MPhil',94645),('bd2f9eed-b1c0-42d6-81be-e37ba85354ce','LRCSI',83181),('be5501fd-f166-4a68-baf0-726b4b94a3b9','DPhysMed',66696),('bead03f7-068f-470a-96bb-ce48fce29eee','MFOM',67591),('c0fdb2b2-3692-4472-8797-3ffc8dcb46be','LRCSI',96335),('c1905c4a-d383-4659-b264-befe6e768d44','DCh',93917),('c21892a3-6378-4733-8952-11c405f15aa5','PRHO',71366),('c3959bcc-252a-45e6-bcf8-96063dd982f3','DR',92769),('c3aee73c-327e-4f71-a229-f2b28424416d','MA',92131),('c6cd89f4-f63e-468a-8552-3f593ddc87e1','BMedSci',71768),('c702d4f7-f5e3-4e2d-9d93-5f7cc472e271','DS',69649),('c71c5f93-30b2-4e3d-9fbb-b162ad25306a','BPharm',77615),('c77eb1e1-3d8b-4488-b4bf-9b44f7244c8f','DGO',75877),('c885900b-3c4c-4674-9850-e78c3aa604b4','BS',67983),('c932e16f-12a5-4ba2-8382-5c6a0e1e2c16','LRCSI',81733),('ca3dd714-cb76-4a57-a2b9-447eeafa2717','DPath',97963),('ca5b5b7d-2167-4462-ba3f-55b661e2239d','BPharm',77822),('cbf07e76-f87f-490c-85c8-aada06930ad2','CPH',68946),('cc2731a4-42f8-43ac-8ab0-6f3ece68907c','FRCPS',74632),('cee88841-470d-4746-8cda-af031a0e099b','MMedSc',77925),('cf62fca0-92bc-4a28-934a-f110db7b8b32','DFM',83878),('d11832f1-82aa-4893-bea9-accba177f33f','FRCR',94897),('d1fa1eb2-3317-408e-94d4-4c912fd15fdd','CPH',67659),('d2979598-8090-4559-9010-4a45f83f3b9f','MFPHM',99978),('d385a7b0-d59a-49c5-8acb-f76542ffacad','DPath',77815),('d5762b3e-bf37-4c3e-909a-aafceddbcc84','DO',78761),('d65f77a1-d181-4e24-b9a3-1641c6d3c836','LMS',92461),('d87efc38-877e-4a4b-8c13-078df47362c2','MFPHM',82871),('d97b1236-e4e0-4deb-9179-1ece8032f33b','DCPath',87172),('d9a7e27b-05e2-4ca3-98c5-4c11216619ed','DGM',73179),('dcf57d71-1bc3-4fd6-8bdf-e0ca588941f9','CPH',67269),('de24dafb-81e2-4442-9e21-70595bda1a07','MD',74597),('de93533b-ef80-433f-9434-bc3515b0db89','FRCA',76823),('df9eea43-4dae-49b1-8bf4-facad9008248','BSc',87449),('e0c241ce-f027-42bf-bb4e-fa87f1e86b75','MD',61485),('e1a65c20-6158-4d3b-b9f6-4bc14099298f','MRCPI',79418),('e1d4bf7c-c586-48e5-94f6-ea8b4d45b6d6','PhD',88276),('e1fac6c1-fe77-469b-8e63-7103eb83e9ed','MBBCh',93388),('e232eae1-a9cf-44a9-ac9c-54763ceadfe3','MBAcA',88521),('e23882fd-b62a-4ed1-a232-9cf12e65b7a0','DA',77588),('e23970d5-40b7-4435-915e-d2f6adde65ef','PRHO',95398),('e2e660cc-f919-4a6b-ad6b-97499e236ff2','FRCS',93855),('e399e35b-e1b6-4fae-b6c7-bf19c69fbdb4','FRCOG',71289),('e42cb185-30db-48d5-8611-4ea969bec2f3','DObst',85995),('e4c1f588-984b-4f85-9d4c-ea0feab1c716','DRCPath',91299),('e5400257-b125-49d9-a25d-1fafffc580f5','MBBS',82228),('e646219d-992b-4f55-bedb-19ab105526e9','MFFP',61992),('e68d3b07-42f5-4a6a-b8ee-fe01330aaaa7','FRCGP',95183),('e7416b5b-d9b8-4510-befa-c6ae4301ef55','MBBCh',64868),('e91a6b43-4545-4450-a688-b438e3b37116','MRCPath',67287),('e9308246-3f96-42d0-9303-c31173dc9c7b','SpR',79885),('e9ffa47b-0187-4195-86ba-dbb38fb3b245','DO',95843),('eb3f6b3a-7afa-45f2-b6f7-571312adfdc8','FRCA',73554),('eb625015-b6a4-4ebf-9d99-3c030613dbe6','DMR',94693),('ebf6a18e-5fa9-4c6d-8b03-4f8864cb3b8b','DPhysMed',74216),('ed4f121f-aa46-4e24-951c-29d1bfb48c80','MBBS',75175),('f033a80e-edc7-4e43-87c5-3ee3da716dbd','MFOM',85879),('f15e101c-8442-4625-8426-aa60b8e9d360','FFR',95377),('f1f3acc2-c27b-42ac-a69c-4c5943553ef7','MChOrth',65895),('f248a53e-0506-4f09-bbf4-3eda5d0c7dd1','DRCOG',92655),('f3e26306-4314-4413-ac1c-e245654ddcfe','MChOrth',82811),('f625c764-7b12-44fe-a413-ae5de6d8f53c','MRCOG',89859),('f724f38a-582d-4890-96d4-bb5b8580235e','DCP',85276),('f7d3f612-d2dd-4490-a6ef-6cef6939764e','LRCS',61441),('f81e060c-870b-4ef0-a761-24c002cb00bd','SHO',69466),('f85687d6-151a-4ff3-bae3-707a3b13f5c5','FRCS',73246),('f96ddfd3-46d5-41a7-81e8-4fbb139a4c1f','DCPath',74411),('fa408e24-a03e-4b09-a9b4-1d65d1ff8705','FFR',64448),('fa9a4aae-773a-40b2-9d69-c81ebdd86d42','FRCOG',71729),('fbc20a34-aa89-4410-89d7-c64521cb4f01','MBBCh',75439),('fcd6222c-6b58-41c1-b861-dcb89aa29b6d','DCh',71581),('fcf61374-d489-4ea1-8947-b68b1c50afb3','MChOrth',78986),('fcfb09e4-cbe6-461e-ae8e-8aa45ce85871','DPhysMed',89484);
/*!40000 ALTER TABLE `hospitalemployee` ENABLE KEYS */;
UNLOCK TABLES;

--
-- Table structure for table `maintains`
--

DROP TABLE IF EXISTS `maintains`;
/*!40101 SET @saved_cs_client     = @@character_set_client */;
 SET character_set_client = utf8mb4 ;
CREATE TABLE `maintains` (
  `MedicationUid` char(37) COLLATE utf8_bin NOT NULL,
  `PharmacyUid` char(37) COLLATE utf8_bin NOT NULL,
  PRIMARY KEY (`MedicationUid`)
) ENGINE=InnoDB DEFAULT CHARSET=utf8 COLLATE=utf8_bin;
/*!40101 SET character_set_client = @saved_cs_client */;

--
-- Dumping data for table `maintains`
--

LOCK TABLES `maintains` WRITE;
/*!40000 ALTER TABLE `maintains` DISABLE KEYS */;
INSERT INTO `maintains` VALUES ('001b6ecc-7d4b-4a70-bf69-aaeff1d2d6db','087d3d1d-6c94-4ce2-97ce-f005e3253d81'),('05c493ce-cf36-45d0-9c42-22dfabff4535','087d3d1d-6c94-4ce2-97ce-f005e3253d81'),('0627f40b-71d2-45b0-89d3-3b5481b4ccf0','087d3d1d-6c94-4ce2-97ce-f005e3253d81'),('07a6d3be-6416-4782-84dc-f5e2417ff543','087d3d1d-6c94-4ce2-97ce-f005e3253d81'),('098b73cc-e13f-47df-ab7a-9de2a17bc028','087d3d1d-6c94-4ce2-97ce-f005e3253d81'),('0b6f058d-54a0-4b2d-9451-d5924c700aaf','087d3d1d-6c94-4ce2-97ce-f005e3253d81'),('0cabc06b-b9dd-4978-83d3-cbc9295c6f5a','087d3d1d-6c94-4ce2-97ce-f005e3253d81'),('0eaaf954-a4eb-4aa5-9ec3-c89992994ea0','087d3d1d-6c94-4ce2-97ce-f005e3253d81'),('10b33669-9b7a-4a2a-8cd5-69f3cc9b973c','087d3d1d-6c94-4ce2-97ce-f005e3253d81'),('116acf4f-ae05-4679-81dc-1710b5ae79cb','087d3d1d-6c94-4ce2-97ce-f005e3253d81'),('13536b9b-736d-4dfb-b9e6-c824f01a9b42','087d3d1d-6c94-4ce2-97ce-f005e3253d81'),('13908591-8256-47e4-92bf-b98d40684b62','087d3d1d-6c94-4ce2-97ce-f005e3253d81'),('13a02f90-cc26-495b-804c-f6e5ea4b2134','087d3d1d-6c94-4ce2-97ce-f005e3253d81'),('13db2283-a327-44dc-8650-8eb04fccd0a5','087d3d1d-6c94-4ce2-97ce-f005e3253d81'),('15200195-8c29-4d1a-82af-3b593ab22964','087d3d1d-6c94-4ce2-97ce-f005e3253d81'),('15738c58-8f74-4edf-8058-dfd92ad7cf04','087d3d1d-6c94-4ce2-97ce-f005e3253d81'),('16ed7afe-d409-4404-91e6-17cafaa610e4','087d3d1d-6c94-4ce2-97ce-f005e3253d81'),('1935f6d3-9318-4a2c-993b-a37469f29090','087d3d1d-6c94-4ce2-97ce-f005e3253d81'),('1993df9d-c77f-4199-b0b6-c640c7f769ca','087d3d1d-6c94-4ce2-97ce-f005e3253d81'),('1a065c7c-b2e3-4e55-b64e-db5e4fd95a5b','087d3d1d-6c94-4ce2-97ce-f005e3253d81'),('1a2c3804-2f9d-4413-8eec-8af1f6dc5966','087d3d1d-6c94-4ce2-97ce-f005e3253d81'),('1abe4b4b-f0f0-46c9-a4a7-47ef26fa1c25','087d3d1d-6c94-4ce2-97ce-f005e3253d81'),('1d3549f3-9cef-4104-97bf-9b9c82f7965c','087d3d1d-6c94-4ce2-97ce-f005e3253d81'),('1ece3d58-8f64-4e85-a5d2-064c8bdc7e16','087d3d1d-6c94-4ce2-97ce-f005e3253d81'),('20f3bb4b-8eaa-420b-89ef-efe2a6884cd6','087d3d1d-6c94-4ce2-97ce-f005e3253d81'),('20fc6329-4523-4926-9dba-c93a2ddec5e8','087d3d1d-6c94-4ce2-97ce-f005e3253d81'),('211d1590-6fc5-4673-84a6-1e197dc555c5','087d3d1d-6c94-4ce2-97ce-f005e3253d81'),('214ff31d-1ed1-4e4f-8a38-959dd207c46f','087d3d1d-6c94-4ce2-97ce-f005e3253d81'),('218819cc-e829-4484-9c25-85922ef001e7','087d3d1d-6c94-4ce2-97ce-f005e3253d81'),('23083dac-e09b-42ba-92f8-fbe4668c8480','087d3d1d-6c94-4ce2-97ce-f005e3253d81'),('2314755a-d4f7-4277-97f3-553abd34b232','087d3d1d-6c94-4ce2-97ce-f005e3253d81'),('2394eb3d-4557-47d5-b4fb-246741d38de1','087d3d1d-6c94-4ce2-97ce-f005e3253d81'),('23bae648-26dd-4eb6-85b9-0cf67a8dd16a','087d3d1d-6c94-4ce2-97ce-f005e3253d81'),('254b6b02-92a5-4eb4-afeb-01a65462f64d','087d3d1d-6c94-4ce2-97ce-f005e3253d81'),('254dc6d1-b434-48bc-94f6-a324fff13537','087d3d1d-6c94-4ce2-97ce-f005e3253d81'),('2792a888-2959-44cf-b918-42df53c154ac','087d3d1d-6c94-4ce2-97ce-f005e3253d81'),('27f856ef-5742-40ad-bfed-98cbed37aed2','087d3d1d-6c94-4ce2-97ce-f005e3253d81'),('27fe3f51-4f5d-4ae8-af74-e79a6f68b2c4','087d3d1d-6c94-4ce2-97ce-f005e3253d81'),('28aed804-5bbb-48f2-872f-d123f63d75c4','087d3d1d-6c94-4ce2-97ce-f005e3253d81'),('29874f84-04d2-4454-a33a-230ad7646643','087d3d1d-6c94-4ce2-97ce-f005e3253d81'),('2ab6276f-5c32-4a52-91c8-dfe4c7fe57f8','087d3d1d-6c94-4ce2-97ce-f005e3253d81'),('30301d70-90b0-40b3-823c-e26a09a6d1f0','087d3d1d-6c94-4ce2-97ce-f005e3253d81'),('306364fc-170f-490c-ba5b-c7c3aba2e2ed','087d3d1d-6c94-4ce2-97ce-f005e3253d81'),('31bd6fe6-4bc9-4b1f-be92-78890bcddb9e','087d3d1d-6c94-4ce2-97ce-f005e3253d81'),('332954cc-0a27-4fd8-9225-ac85275a7e13','087d3d1d-6c94-4ce2-97ce-f005e3253d81'),('39620cc4-92d1-488c-9476-2a33ac8b3958','087d3d1d-6c94-4ce2-97ce-f005e3253d81'),('3b1f1cb0-a42a-4952-a612-16fff232c045','087d3d1d-6c94-4ce2-97ce-f005e3253d81'),('3e7edb15-0d84-43ef-90b2-218f95c69c69','087d3d1d-6c94-4ce2-97ce-f005e3253d81'),('3f885f72-d312-491b-802e-597ed46e7e57','087d3d1d-6c94-4ce2-97ce-f005e3253d81'),('41b869c9-947c-44ce-825b-7ac9645a65af','087d3d1d-6c94-4ce2-97ce-f005e3253d81'),('43a996ee-38cc-415b-9af4-dd5a7e811bff','087d3d1d-6c94-4ce2-97ce-f005e3253d81'),('449030db-1450-4d3d-83ea-555498e72eb0','087d3d1d-6c94-4ce2-97ce-f005e3253d81'),('4847e151-0529-4231-ae43-4d89eb0e105e','087d3d1d-6c94-4ce2-97ce-f005e3253d81'),('484d8255-aef0-4a67-a337-245d9656f476','087d3d1d-6c94-4ce2-97ce-f005e3253d81'),('4864b74a-fba0-44e7-8f56-36e715b1f5a5','087d3d1d-6c94-4ce2-97ce-f005e3253d81'),('497dc656-081a-4cba-b266-4ec1db047c7d','087d3d1d-6c94-4ce2-97ce-f005e3253d81'),('4ad28920-deba-4226-9746-a5f308676b38','087d3d1d-6c94-4ce2-97ce-f005e3253d81'),('4ba42d1c-a255-4e7b-b18f-845e76d344b3','087d3d1d-6c94-4ce2-97ce-f005e3253d81'),('4cc3a98e-7499-48d7-b431-e46512ab84d1','087d3d1d-6c94-4ce2-97ce-f005e3253d81'),('4d920fc7-264b-4ed2-96d3-443402869d81','087d3d1d-6c94-4ce2-97ce-f005e3253d81'),('4eb3e55f-19af-4f0d-9188-4e8662a433e9','087d3d1d-6c94-4ce2-97ce-f005e3253d81'),('4f7f7614-aaa8-4ada-9c3e-f303bdf56841','087d3d1d-6c94-4ce2-97ce-f005e3253d81'),('5007e600-e123-488c-9cb5-7d0b5752f72d','087d3d1d-6c94-4ce2-97ce-f005e3253d81'),('50fd5c9c-9a60-4124-9be7-c9b7fcf71d4a','087d3d1d-6c94-4ce2-97ce-f005e3253d81'),('515364c7-0313-4fbd-9374-7a792efe4cab','087d3d1d-6c94-4ce2-97ce-f005e3253d81'),('52471079-77ef-4e3b-aaee-6ceee3224092','087d3d1d-6c94-4ce2-97ce-f005e3253d81'),('52c9c969-f110-4d12-b1ed-c1c9b0c8a8d6','087d3d1d-6c94-4ce2-97ce-f005e3253d81'),('56784a95-6c62-414c-8c39-3e6e1cee9757','087d3d1d-6c94-4ce2-97ce-f005e3253d81'),('58d25efe-32f6-4d38-9bb9-36779f51ad50','087d3d1d-6c94-4ce2-97ce-f005e3253d81'),('5ad80e64-ed44-4747-9e6f-b8d35b1aea64','087d3d1d-6c94-4ce2-97ce-f005e3253d81'),('5bcaf461-3791-462f-a461-c7061f1035ea','087d3d1d-6c94-4ce2-97ce-f005e3253d81'),('5c7d9286-6e0b-43f8-a31d-bb5aa70d19f1','087d3d1d-6c94-4ce2-97ce-f005e3253d81'),('5e8f6de4-db30-43f1-b38a-befe718064db','087d3d1d-6c94-4ce2-97ce-f005e3253d81'),('602e4436-8aab-4cd5-87af-f2a2b57359b2','087d3d1d-6c94-4ce2-97ce-f005e3253d81'),('631b4a24-d7f7-4bb0-bb3a-71d6468a1866','087d3d1d-6c94-4ce2-97ce-f005e3253d81'),('63735cd7-e75b-4b44-9261-9a432d90eaac','087d3d1d-6c94-4ce2-97ce-f005e3253d81'),('6434387d-4107-4fef-b83d-8aa8c7b76539','087d3d1d-6c94-4ce2-97ce-f005e3253d81'),('64f08f08-34b9-49f4-a5f4-c7d87e70eb01','087d3d1d-6c94-4ce2-97ce-f005e3253d81'),('67486052-3757-4e1e-bb17-d623215db800','087d3d1d-6c94-4ce2-97ce-f005e3253d81'),('6807f0bf-d588-4bf9-829d-dda9bab04c76','087d3d1d-6c94-4ce2-97ce-f005e3253d81'),('68b10954-759a-4507-b781-0e8db085aebc','087d3d1d-6c94-4ce2-97ce-f005e3253d81'),('6a64dca6-0c53-46f3-a60d-99f484c17f0e','087d3d1d-6c94-4ce2-97ce-f005e3253d81'),('6c4244b1-6ea5-469b-a4d5-e93916a77054','087d3d1d-6c94-4ce2-97ce-f005e3253d81'),('6cd05c34-6184-4950-9ec1-7b4095161274','087d3d1d-6c94-4ce2-97ce-f005e3253d81'),('6d7a0dff-2908-4b5b-9d25-7e71459190c9','087d3d1d-6c94-4ce2-97ce-f005e3253d81'),('6dd3b98b-8926-4a7e-bcab-30115ed6b8de','087d3d1d-6c94-4ce2-97ce-f005e3253d81'),('70613b06-f891-43e4-8156-1dde0b045d18','087d3d1d-6c94-4ce2-97ce-f005e3253d81'),('7277589b-75fa-46f4-ad37-c40de51b0454','087d3d1d-6c94-4ce2-97ce-f005e3253d81'),('751e78df-2be5-4d50-96fb-548dc0120f4b','087d3d1d-6c94-4ce2-97ce-f005e3253d81'),('7841a220-ab81-43d4-8b25-32f82dca4ac9','087d3d1d-6c94-4ce2-97ce-f005e3253d81'),('799cf8f3-3c82-48b3-a985-6fa83d78309a','087d3d1d-6c94-4ce2-97ce-f005e3253d81'),('79cffe4d-c74b-4159-97f3-848aba91fae4','087d3d1d-6c94-4ce2-97ce-f005e3253d81'),('7b256d4b-3ae4-4eb9-bc7d-dda046f38f29','087d3d1d-6c94-4ce2-97ce-f005e3253d81'),('7c1077d8-5554-4aff-b582-c78c0a4fd6b1','087d3d1d-6c94-4ce2-97ce-f005e3253d81'),('7de8be1c-7361-4240-8a92-de294aa9179b','087d3d1d-6c94-4ce2-97ce-f005e3253d81'),('7eb061a2-df98-433c-ace1-114fdfc62046','087d3d1d-6c94-4ce2-97ce-f005e3253d81'),('7fad65ee-7841-45f7-9410-d6a2ec0e5b82','087d3d1d-6c94-4ce2-97ce-f005e3253d81'),('80931bef-0513-48d9-970e-4bef67aacd41','087d3d1d-6c94-4ce2-97ce-f005e3253d81'),('874d645b-97d1-44cd-a49f-36359b3f1649','087d3d1d-6c94-4ce2-97ce-f005e3253d81'),('87b4cffa-6bdb-4653-80a7-1e2c78e33fee','087d3d1d-6c94-4ce2-97ce-f005e3253d81'),('87c1600f-ba00-4caf-9082-2a22d53e3852','96996649-a69a-4014-bf1e-5b82da0b30bc'),('897d4196-20f9-474c-ac5d-1fab892206f9','96996649-a69a-4014-bf1e-5b82da0b30bc'),('898ce03b-b1a9-429f-8885-8595d94b97bd','96996649-a69a-4014-bf1e-5b82da0b30bc'),('899f38af-4ecd-4484-9626-5261893944f3','96996649-a69a-4014-bf1e-5b82da0b30bc'),('89f94a29-f67e-417d-99fa-511eb4d87770','96996649-a69a-4014-bf1e-5b82da0b30bc'),('8a88b964-f5b0-46ab-b0f6-92776b7fcd2b','96996649-a69a-4014-bf1e-5b82da0b30bc'),('8ec03611-cdfd-4e2b-b902-9d5c3df59133','96996649-a69a-4014-bf1e-5b82da0b30bc'),('8f5da26a-e7a9-4746-b5a9-1cc960eb5604','96996649-a69a-4014-bf1e-5b82da0b30bc'),('905db058-9528-415b-bf58-ff93a62743e0','96996649-a69a-4014-bf1e-5b82da0b30bc'),('90c3e357-2462-4ff5-a9fa-da00280b7c82','96996649-a69a-4014-bf1e-5b82da0b30bc'),('928fbca6-a196-406b-9191-bc57b4c7a3f3','96996649-a69a-4014-bf1e-5b82da0b30bc'),('93384947-3429-48ad-b931-8308dd730ccf','96996649-a69a-4014-bf1e-5b82da0b30bc'),('935a027f-6f91-417a-9b34-c5199d073114','96996649-a69a-4014-bf1e-5b82da0b30bc'),('93e56b6e-bdbf-421b-83ab-94ae56ce7b20','96996649-a69a-4014-bf1e-5b82da0b30bc'),('947e1a25-0334-4d20-87cf-f51e08832686','96996649-a69a-4014-bf1e-5b82da0b30bc'),('96c84ddf-27ab-4087-9423-9d6ba06e5977','96996649-a69a-4014-bf1e-5b82da0b30bc'),('9724e3a7-6f97-4dca-820e-3de51011f2a1','96996649-a69a-4014-bf1e-5b82da0b30bc'),('99c1fd92-440a-4471-abbf-9eb3b296bcbb','96996649-a69a-4014-bf1e-5b82da0b30bc'),('9a6ea06d-9628-468c-ac2b-adeffc166c32','96996649-a69a-4014-bf1e-5b82da0b30bc'),('9be33bc1-531d-4b51-904e-5102f2a2a1d0','96996649-a69a-4014-bf1e-5b82da0b30bc'),('9c678932-6285-4019-acf4-02213f554c16','96996649-a69a-4014-bf1e-5b82da0b30bc'),('9ea07e9d-4b3f-4fc7-8808-009678ed1374','96996649-a69a-4014-bf1e-5b82da0b30bc'),('a06271c2-06bb-4631-af78-2259c59e3938','96996649-a69a-4014-bf1e-5b82da0b30bc'),('a120c401-e761-4eea-929d-5a76098bfb1e','96996649-a69a-4014-bf1e-5b82da0b30bc'),('a19ff067-403a-482b-8d30-2273ea96f3f8','96996649-a69a-4014-bf1e-5b82da0b30bc'),('a1eeab37-894a-4196-8ef6-e1d571492f5f','96996649-a69a-4014-bf1e-5b82da0b30bc'),('a4c2e9b0-0999-49a5-9d9c-5742351ab839','96996649-a69a-4014-bf1e-5b82da0b30bc'),('a7ea1d5b-97a7-4e64-8e30-81f95fd227de','96996649-a69a-4014-bf1e-5b82da0b30bc'),('a944d441-c6bb-46f8-9fb9-f34332218a23','96996649-a69a-4014-bf1e-5b82da0b30bc'),('aa875c51-ac17-46a1-9083-2d5378f659b0','96996649-a69a-4014-bf1e-5b82da0b30bc'),('abc45065-462a-44c5-b4a7-5d9a1028f85d','96996649-a69a-4014-bf1e-5b82da0b30bc'),('ad87bad2-7b1b-4d40-8546-d580a04678ab','96996649-a69a-4014-bf1e-5b82da0b30bc'),('b1ca83bc-e00c-463f-ba5e-1be8c825a0d4','96996649-a69a-4014-bf1e-5b82da0b30bc'),('b2b67583-0cfe-4dfe-b7b4-0a6921d0353f','96996649-a69a-4014-bf1e-5b82da0b30bc'),('b2c55c29-d143-4270-aaba-bcbf8d7310c6','96996649-a69a-4014-bf1e-5b82da0b30bc'),('b3499d68-21c7-46a5-b968-255f4c213809','96996649-a69a-4014-bf1e-5b82da0b30bc'),('b511c8fe-757e-49ed-9b7a-dcd0f5afef4f','96996649-a69a-4014-bf1e-5b82da0b30bc'),('b6d7b5af-80a6-43a0-bd3b-36122a1561cb','96996649-a69a-4014-bf1e-5b82da0b30bc'),('ba03d952-4840-455b-ac70-95afa5b83607','96996649-a69a-4014-bf1e-5b82da0b30bc'),('babce1e1-1f9d-4f4b-93e5-824e2948c3e2','96996649-a69a-4014-bf1e-5b82da0b30bc'),('bb63e512-ce44-47c0-b10c-c650fda81527','96996649-a69a-4014-bf1e-5b82da0b30bc'),('bbcf59e2-e97d-49fe-86d3-865f1525ac1c','96996649-a69a-4014-bf1e-5b82da0b30bc'),('bd322141-32ca-4ef4-baa2-1336b63185f6','96996649-a69a-4014-bf1e-5b82da0b30bc'),('be10530b-7e91-4721-aa70-1fad2b1d4d82','96996649-a69a-4014-bf1e-5b82da0b30bc'),('be4de30f-d3d5-4035-a92f-e6456d5c2a9f','96996649-a69a-4014-bf1e-5b82da0b30bc'),('be6ba8f3-79f2-44c3-8c2a-cc351b2e1589','96996649-a69a-4014-bf1e-5b82da0b30bc'),('be751a0e-63ef-481f-a376-45a901155bb8','96996649-a69a-4014-bf1e-5b82da0b30bc'),('c00ca1c2-7166-4634-84ea-a006a328eda5','96996649-a69a-4014-bf1e-5b82da0b30bc'),('c1e041ce-6d6c-4e01-86a5-1998e340be6b','96996649-a69a-4014-bf1e-5b82da0b30bc'),('c280228c-56be-4da5-919c-efc24c4a6db3','96996649-a69a-4014-bf1e-5b82da0b30bc'),('c6e25cef-a2c5-44a2-9be9-27ddbdec6aba','96996649-a69a-4014-bf1e-5b82da0b30bc'),('c774242f-75e5-438b-8296-65a1cf2bbc59','96996649-a69a-4014-bf1e-5b82da0b30bc'),('c81fa670-6e6d-4a83-9b65-8dd44dea7d37','96996649-a69a-4014-bf1e-5b82da0b30bc'),('cbbf7d1e-6ae4-4897-9a07-836db0db8067','96996649-a69a-4014-bf1e-5b82da0b30bc'),('cd95ef9e-0235-42d6-ab5c-4df8023d6893','96996649-a69a-4014-bf1e-5b82da0b30bc'),('cde4f9ca-cfae-41fa-8c29-9b693f396eb4','96996649-a69a-4014-bf1e-5b82da0b30bc'),('cdf1345a-5c91-4274-8194-6f2fc9943004','96996649-a69a-4014-bf1e-5b82da0b30bc'),('ce17af18-a8b2-42da-adbc-239dda4b928c','96996649-a69a-4014-bf1e-5b82da0b30bc'),('d0f781d6-979e-4644-a099-4fb679520954','96996649-a69a-4014-bf1e-5b82da0b30bc'),('d1a737f1-dd49-46c1-8e81-e6b0ddec8663','96996649-a69a-4014-bf1e-5b82da0b30bc'),('d1d52486-5939-4da0-b3fb-12d3c45903de','96996649-a69a-4014-bf1e-5b82da0b30bc'),('d1e510dd-f85e-41af-a359-6c71d7f25e22','96996649-a69a-4014-bf1e-5b82da0b30bc'),('d1f26ae9-2723-40f4-a210-cf5000c24e2b','96996649-a69a-4014-bf1e-5b82da0b30bc'),('d220e003-1c6f-41fd-b46a-d2edcdbed6ff','96996649-a69a-4014-bf1e-5b82da0b30bc'),('d24270b6-1c10-4b4b-8311-c5d1b77de6b5','96996649-a69a-4014-bf1e-5b82da0b30bc'),('d3e0c522-843a-426e-9b5d-36d31543d7b1','96996649-a69a-4014-bf1e-5b82da0b30bc'),('d4c39635-6551-4a74-a627-1edd7a664696','96996649-a69a-4014-bf1e-5b82da0b30bc'),('d5212038-fdef-43fe-b68c-9af17579f171','96996649-a69a-4014-bf1e-5b82da0b30bc'),('d6e5f0a7-6dc6-4031-b483-1936eb95c0c3','96996649-a69a-4014-bf1e-5b82da0b30bc'),('d7bd9422-6f6f-45c6-87a0-653d676fdf44','96996649-a69a-4014-bf1e-5b82da0b30bc'),('d88797c2-1cb7-4e16-8593-c414ffdc1726','96996649-a69a-4014-bf1e-5b82da0b30bc'),('d8d472a4-110c-47ac-8ce2-89abedf38a04','96996649-a69a-4014-bf1e-5b82da0b30bc'),('d9a4cdd1-90b0-4f7c-8ae5-8443a83927bf','96996649-a69a-4014-bf1e-5b82da0b30bc'),('db39fc46-f4f1-4cbb-a510-e0307be86790','96996649-a69a-4014-bf1e-5b82da0b30bc'),('dea90353-45db-4ad1-8123-11ffce351f5c','96996649-a69a-4014-bf1e-5b82da0b30bc'),('df39f5d8-f981-4028-b9d6-403344620ac9','96996649-a69a-4014-bf1e-5b82da0b30bc'),('e03fd6ca-cf55-41ba-8168-3d9b1537f717','96996649-a69a-4014-bf1e-5b82da0b30bc'),('e1a6660e-3886-437d-aa33-384ee1feca5b','96996649-a69a-4014-bf1e-5b82da0b30bc'),('e2015b45-d78a-4ee8-92d6-fefbe0ec221a','96996649-a69a-4014-bf1e-5b82da0b30bc'),('e25cd6ac-993e-411c-8e3d-c8dff67b50e1','96996649-a69a-4014-bf1e-5b82da0b30bc'),('e346843a-8af0-4f24-bb4b-f500d606ebf3','96996649-a69a-4014-bf1e-5b82da0b30bc'),('e607a54c-d226-4a1f-93b6-24e8740f9ef3','96996649-a69a-4014-bf1e-5b82da0b30bc'),('e62c0214-28b0-4aed-bad0-b99b27d8796e','96996649-a69a-4014-bf1e-5b82da0b30bc'),('ea4ded5f-9b33-4160-90af-90541cd16301','96996649-a69a-4014-bf1e-5b82da0b30bc'),('eaac109c-27b9-4a7f-bf9d-b4b74fb4791d','96996649-a69a-4014-bf1e-5b82da0b30bc'),('ee35b02d-d479-494c-a667-4a098a70af89','96996649-a69a-4014-bf1e-5b82da0b30bc'),('ee59c966-56f7-464d-ad0e-a22aabec3664','96996649-a69a-4014-bf1e-5b82da0b30bc'),('ee695481-03ba-4047-b292-8ba5c1af0606','96996649-a69a-4014-bf1e-5b82da0b30bc'),('eebba480-65a1-40e2-a6c5-44a5d86e0d95','96996649-a69a-4014-bf1e-5b82da0b30bc'),('ef85683c-7373-44e1-bac0-fdc90267cd77','96996649-a69a-4014-bf1e-5b82da0b30bc'),('efdf080f-638a-4281-8051-53c02b54abbb','96996649-a69a-4014-bf1e-5b82da0b30bc'),('f372b34f-77f9-48fc-a9e0-63279d18ec9f','96996649-a69a-4014-bf1e-5b82da0b30bc'),('f6d18724-c289-4202-9eb0-e0b75a21f06d','96996649-a69a-4014-bf1e-5b82da0b30bc'),('f7526ada-a159-4058-ac34-5e45c1a9eee8','96996649-a69a-4014-bf1e-5b82da0b30bc'),('fa67f1f1-8ab5-41d7-95d7-09e07437a202','96996649-a69a-4014-bf1e-5b82da0b30bc'),('fb62ea31-3ad1-4e9d-895c-094ecf8b4c62','96996649-a69a-4014-bf1e-5b82da0b30bc'),('fdc3c719-c7f6-436b-9556-d5ec722f7096','96996649-a69a-4014-bf1e-5b82da0b30bc'),('fdf08638-73df-4526-a656-381ff116a62c','96996649-a69a-4014-bf1e-5b82da0b30bc'),('ffa79d78-30ce-497f-90df-475c603055c8','96996649-a69a-4014-bf1e-5b82da0b30bc'),('ffb486bf-72d8-4abf-a0f7-22bb4add7cb6','96996649-a69a-4014-bf1e-5b82da0b30bc');
/*!40000 ALTER TABLE `maintains` ENABLE KEYS */;
UNLOCK TABLES;

--
-- Table structure for table `medication`
--

DROP TABLE IF EXISTS `medication`;
/*!40101 SET @saved_cs_client     = @@character_set_client */;
 SET character_set_client = utf8mb4 ;
CREATE TABLE `medication` (
  `MedicationUid` char(37) COLLATE utf8_bin NOT NULL,
  `Name` varchar(100) COLLATE utf8_bin DEFAULT NULL,
  `Code` varchar(45) COLLATE utf8_bin DEFAULT NULL,
  `Start` date DEFAULT NULL,
  `End` date DEFAULT NULL,
  `Units_Per_Day` int(11) DEFAULT NULL,
  `Description` varchar(400) COLLATE utf8_bin DEFAULT NULL,
  `Dosage` varchar(45) COLLATE utf8_bin DEFAULT NULL,
  `Method` varchar(45) COLLATE utf8_bin DEFAULT NULL,
  PRIMARY KEY (`MedicationUid`)
) ENGINE=InnoDB DEFAULT CHARSET=utf8 COLLATE=utf8_bin;
/*!40101 SET character_set_client = @saved_cs_client */;

--
-- Dumping data for table `medication`
--

LOCK TABLES `medication` WRITE;
/*!40000 ALTER TABLE `medication` DISABLE KEYS */;
INSERT INTO `medication` VALUES ('001b6ecc-7d4b-4a70-bf69-aaeff1d2d6db','MEPSEVII','1889937','2018-04-26','2018-05-03',3,'repudiandae doloremque molestiae','190mg','Intravenous'),('05c493ce-cf36-45d0-9c42-22dfabff4535','AMBISOME','4413551','2018-04-26','2018-06-15',1,'quo explicabo voluptatem ea sequi et animi in','71mg','Oral'),('0627f40b-71d2-45b0-89d3-3b5481b4ccf0','ULORIC','8685989','2018-04-26','2018-05-11',4,'vel molestiae exercitationem','138mg','Oral'),('07a6d3be-6416-4782-84dc-f5e2417ff543','CAMPRAL','5816342','2018-04-26','2018-05-11',2,'nihil quis eveniet','166mg','Intravenous'),('098b73cc-e13f-47df-ab7a-9de2a17bc028','MAXZIDE','2742868','2018-04-26','2018-05-17',2,'quae unde rerum ut ratione','278mg','Intravenous'),('0b6f058d-54a0-4b2d-9451-d5924c700aaf','BAL','3919785','2018-04-26','2018-06-03',4,'quia ut voluptatem magnam qui','57mg','Oral'),('0cabc06b-b9dd-4978-83d3-cbc9295c6f5a','EXPAREL','3942563','2018-04-26','2018-04-27',4,'architecto magni voluptatum incidunt ut','111mg','Oral'),('0eaaf954-a4eb-4aa5-9ec3-c89992994ea0','ORAP','5994195','2018-04-26','2018-05-03',4,'harum quia soluta','286mg','Intravenous'),('10b33669-9b7a-4a2a-8cd5-69f3cc9b973c','COGNEX','6664336','2018-04-26','2018-05-05',2,'optio et porro dolor et et voluptate','246mg','Oral'),('116acf4f-ae05-4679-81dc-1710b5ae79cb','OBREDON','1515618','2018-04-26','2018-06-03',1,'ad in minus','214mg','Intravenous'),('13536b9b-736d-4dfb-b9e6-c824f01a9b42','TRELEGY ELLIPTA','7473533','2018-04-26','2018-05-07',2,'temporibus tempore vitae necessitatibus','73mg','Intravenous'),('13908591-8256-47e4-92bf-b98d40684b62','AMABELZ','8144681','2018-04-26','2018-06-23',4,'voluptates sequi quae fuga','234mg','Oral'),('13a02f90-cc26-495b-804c-f6e5ea4b2134','TRISORALEN','1133958','2018-04-26','2018-05-11',4,'velit excepturi optio accusamus et repudiandae','42mg','Intravenous'),('13db2283-a327-44dc-8650-8eb04fccd0a5','AMBIEN CR','7873595','2018-04-26','2018-05-09',4,'sunt recusandae reprehenderit veritatis quis','199mg','Oral'),('15200195-8c29-4d1a-82af-3b593ab22964','BENLYSTA','6339979','2018-04-26','2018-06-13',4,'nemo commodi modi quas cumque dolores id non','97mg','Oral'),('15738c58-8f74-4edf-8058-dfd92ad7cf04','XELJANZ XR','9195421','2018-04-26','2018-05-10',4,'sed quidem et minus cumque','65mg','Oral'),('16ed7afe-d409-4404-91e6-17cafaa610e4','PROMACTA','2277335','2018-04-26','2018-05-01',1,'dolorem dolores ullam','31mg','Oral'),('1935f6d3-9318-4a2c-993b-a37469f29090','SIMPONI','1934141','2018-04-26','2018-04-29',2,'ipsa nostrum sit qui in deleniti ratione iusto','214mg','Intravenous'),('1993df9d-c77f-4199-b0b6-c640c7f769ca','IOVERSOL','4973394','2018-04-26','2018-05-17',2,'sunt corrupti aspernatur itaque','112mg','Intravenous'),('1a065c7c-b2e3-4e55-b64e-db5e4fd95a5b','CAFERGOT','1994858','2018-04-26','2018-06-14',1,'sed quas omnis aut non','106mg','Oral'),('1a2c3804-2f9d-4413-8eec-8af1f6dc5966','ALTAVERA','5924759','2018-04-26','2018-06-05',1,'maiores vero iusto est saepe accusantium unde','40mg','Oral'),('1abe4b4b-f0f0-46c9-a4a7-47ef26fa1c25','PERGOLIDE MESYLATE','8863428','2018-04-26','2018-06-19',1,'quia assumenda ut perferendis non facilis enim et','265mg','Oral'),('1d3549f3-9cef-4104-97bf-9b9c82f7965c','ERLOTINIB HYDROCHLORIDE','9212689','2018-04-26','2018-06-25',4,'architecto ducimus aliquid aperiam asperiores ratione repellendus ut vero','186mg','Intravenous'),('1ece3d58-8f64-4e85-a5d2-064c8bdc7e16','IRESSA','9678671','2018-04-26','2018-05-25',1,'occaecati aperiam temporibus','90mg','Intravenous'),('20f3bb4b-8eaa-420b-89ef-efe2a6884cd6','DUREZOL','1492574','2018-04-26','2018-06-10',1,'quas consequuntur ut animi voluptas quia ut sequi culpa','167mg','Oral'),('20fc6329-4523-4926-9dba-c93a2ddec5e8','DICLOFENAC','2989637','2018-04-26','2018-05-28',3,'est qui consequatur et amet molestiae aliquam','41mg','Intravenous'),('211d1590-6fc5-4673-84a6-1e197dc555c5','MEKINIST','6414875','2018-04-26','2018-05-15',4,'veritatis dolorum excepturi','135mg','Oral'),('214ff31d-1ed1-4e4f-8a38-959dd207c46f','CORTENEMA','9975226','2018-04-26','2018-04-28',4,'dolorem odit et provident eos molestiae enim','214mg','Intravenous'),('218819cc-e829-4484-9c25-85922ef001e7','GLIPIZIDE AND METFORMIN HYDROCHLORIDE','5615199','2018-04-26','2018-05-03',3,'reiciendis aut aut in ipsa omnis vel occaecati enim','114mg','Intravenous'),('23083dac-e09b-42ba-92f8-fbe4668c8480','BREVIBLOC','2233381','2018-04-26','2018-05-26',3,'maiores dolore laudantium sit praesentium eos','194mg','Oral'),('2314755a-d4f7-4277-97f3-553abd34b232','OTOBIONE','5756384','2018-04-26','2018-06-07',3,'voluptates sequi quae fuga','165mg','Oral'),('2394eb3d-4557-47d5-b4fb-246741d38de1','BUNAVAIL','9373123','2018-04-26','2018-06-09',1,'quaerat exercitationem aliquam et consectetur velit praesentium ipsam ab','207mg','Intravenous'),('23bae648-26dd-4eb6-85b9-0cf67a8dd16a','METARAMINOL BITARTRATE','5213132','2018-04-26','2018-05-13',3,'error ut totam delectus laboriosam at et vitae commodi','29mg','Oral'),('254b6b02-92a5-4eb4-afeb-01a65462f64d','FYAVOLV','8917426','2018-04-26','2018-05-07',3,'exercitationem non itaque facilis laborum eaque','213mg','Oral'),('254dc6d1-b434-48bc-94f6-a324fff13537','OPDIVO','3628759','2018-04-26','2018-05-10',4,'est soluta qui harum','267mg','Oral'),('2792a888-2959-44cf-b918-42df53c154ac','GOPRELTO','5227537','2018-04-26','2018-05-10',1,'velit excepturi optio accusamus et repudiandae','159mg','Oral'),('27f856ef-5742-40ad-bfed-98cbed37aed2','STERILE WATER IN PLASTIC CONTAINER','1613136','2018-04-26','2018-06-09',3,'aut corporis voluptatibus at','87mg','Intravenous'),('27fe3f51-4f5d-4ae8-af74-e79a6f68b2c4','SOMATROPIN','5543499','2018-04-26','2018-06-18',2,'id amet asperiores beatae praesentium ut','280mg','Intravenous'),('28aed804-5bbb-48f2-872f-d123f63d75c4','SODIUM PHENYLBUTYRATE','6126924','2018-04-26','2018-04-30',1,'officiis nemo id inventore','192mg','Intravenous'),('29874f84-04d2-4454-a33a-230ad7646643','FOSRENOL','7396856','2018-04-26','2018-05-31',2,'quasi quia ullam quo at','242mg','Intravenous'),('2ab6276f-5c32-4a52-91c8-dfe4c7fe57f8','PHENYTOIN SODIUM','7768834','2018-04-26','2018-05-27',2,'est tempora soluta eligendi nihil rerum ut','131mg','Intravenous'),('30301d70-90b0-40b3-823c-e26a09a6d1f0','HERCEPTIN','6862687','2018-04-26','2018-06-08',2,'neque aut assumenda adipisci ipsum molestias modi occaecati','235mg','Intravenous'),('306364fc-170f-490c-ba5b-c7c3aba2e2ed','VIVACTIL','9129784','2018-04-26','2018-06-19',3,'harum consequatur et dolorum mollitia et quo expedita et','259mg','Intravenous'),('31bd6fe6-4bc9-4b1f-be92-78890bcddb9e','TOPIRAMATE','1588582','2018-04-26','2018-06-03',3,'qui reprehenderit laudantium ratione asperiores eaque','161mg','Oral'),('332954cc-0a27-4fd8-9225-ac85275a7e13','WELCHOL','2882361','2018-04-26','2018-05-04',1,'tempora inventore et','248mg','Intravenous'),('39620cc4-92d1-488c-9476-2a33ac8b3958','BELVIQ','3823669','2018-04-26','2018-05-05',2,'blanditiis natus et fugit consequatur dolorem','81mg','Intravenous'),('3b1f1cb0-a42a-4952-a612-16fff232c045','FEMRING','2147849','2018-04-26','2018-06-15',2,'harum quia soluta','169mg','Oral'),('3e7edb15-0d84-43ef-90b2-218f95c69c69','FEXOFENADINE HYDROCHLORIDE ALLERGY','6518179','2018-04-26','2018-06-25',3,'quia non molestiae accusamus quod itaque aut','297mg','Oral'),('3f885f72-d312-491b-802e-597ed46e7e57','JUBLIA','1885339','2018-04-26','2018-04-28',4,'ea reprehenderit vitae','89mg','Intravenous'),('41b869c9-947c-44ce-825b-7ac9645a65af','CARDENE SR','7482773','2018-04-26','2018-04-29',4,'sunt recusandae reprehenderit veritatis quis','89mg','Oral'),('43a996ee-38cc-415b-9af4-dd5a7e811bff','PROTROPIN','1189559','2018-04-26','2018-05-21',2,'non quam nemo corporis saepe','43mg','Oral'),('449030db-1450-4d3d-83ea-555498e72eb0','NORGESIC FORTE','8439771','2018-04-26','2018-06-10',1,'officia voluptate eaque','129mg','Oral'),('4847e151-0529-4231-ae43-4d89eb0e105e','CERVIDIL','7463456','2018-04-26','2018-06-09',1,'deleniti quod voluptatem quis adipisci quisquam aliquam sint earum','287mg','Intravenous'),('484d8255-aef0-4a67-a337-245d9656f476','TYMLOS','7382881','2018-04-26','2018-05-10',1,'consectetur et velit eum','277mg','Oral'),('4864b74a-fba0-44e7-8f56-36e715b1f5a5','SCANDONEST L','8851967','2018-04-26','2018-06-04',2,'sint rerum in numquam blanditiis deleniti molestiae','88mg','Oral'),('497dc656-081a-4cba-b266-4ec1db047c7d','VELTASSA','2115558','2018-04-26','2018-06-16',2,'commodi dolorem quo aliquam neque minima','268mg','Intravenous'),('4ad28920-deba-4226-9746-a5f308676b38','CEFOTETAN','9133986','2018-04-26','2018-06-19',4,'blanditiis unde voluptatibus','76mg','Oral'),('4ba42d1c-a255-4e7b-b18f-845e76d344b3','VAZCULEP','1223655','2018-04-26','2018-05-12',4,'et quae possimus non voluptas quo voluptates qui','209mg','Intravenous'),('4cc3a98e-7499-48d7-b431-e46512ab84d1','ESTROGENIC SUBSTANCE','1838864','2018-04-26','2018-05-11',2,'quaerat odit omnis voluptas officia et voluptatem sunt similique','181mg','Oral'),('4d920fc7-264b-4ed2-96d3-443402869d81','XURIDEN','8324474','2018-04-26','2018-06-11',4,'quia enim explicabo saepe dolor architecto','82mg','Intravenous'),('4eb3e55f-19af-4f0d-9188-4e8662a433e9','ASENDIN','5371572','2018-04-26','2018-05-17',1,'sit eligendi et quam odio qui','78mg','Oral'),('4f7f7614-aaa8-4ada-9c3e-f303bdf56841','NALOXONE HYDROCHLORIDE','4679737','2018-04-26','2018-06-25',4,'praesentium ullam beatae consequuntur incidunt cumque dolorem','57mg','Intravenous'),('5007e600-e123-488c-9cb5-7d0b5752f72d','CIDOFOVIR','9458556','2018-04-26','2018-06-14',1,'fugit error rerum enim qui vero voluptatibus','284mg','Oral'),('50fd5c9c-9a60-4124-9be7-c9b7fcf71d4a','GUANFACINE HYDROCHLORIDE','6555516','2018-04-26','2018-05-02',1,'eos fugit vel cumque ducimus eveniet','109mg','Intravenous'),('515364c7-0313-4fbd-9374-7a792efe4cab','BORTEZOMIB','5943546','2018-04-26','2018-06-01',2,'dicta dolor rerum occaecati sequi maxime ad','214mg','Oral'),('52471079-77ef-4e3b-aaee-6ceee3224092','EZETIMIBE AND SIMVASTATIN','6611464','2018-04-26','2018-05-12',2,'consequatur quod asperiores','251mg','Oral'),('52c9c969-f110-4d12-b1ed-c1c9b0c8a8d6','CARAC','3867319','2018-04-26','2018-06-25',4,'modi et consequatur soluta omnis minima est','133mg','Intravenous'),('56784a95-6c62-414c-8c39-3e6e1cee9757','DARUNAVIR HYDRATE','2179135','2018-04-26','2018-04-29',4,'eius cumque quo fuga nostrum est enim animi sit','133mg','Intravenous'),('58d25efe-32f6-4d38-9bb9-36779f51ad50','BENTYL','9218488','2018-04-26','2018-06-21',3,'et illo voluptatem itaque quia non exercitationem sint','150mg','Oral'),('5ad80e64-ed44-4747-9e6f-b8d35b1aea64','SKLICE','2455338','2018-04-26','2018-05-05',4,'animi nostrum magnam sit est blanditiis dolore nobis rerum','279mg','Oral'),('5bcaf461-3791-462f-a461-c7061f1035ea','INDAPAMIDE','3115956','2018-04-26','2018-05-18',1,'aut nam fugit aut ad ipsa esse','256mg','Intravenous'),('5c7d9286-6e0b-43f8-a31d-bb5aa70d19f1','SULFISOXAZOLE','6694659','2018-04-26','2018-06-23',2,'error suscipit quas est explicabo','252mg','Intravenous'),('5e8f6de4-db30-43f1-b38a-befe718064db','PROCTOCORT','4525178','2018-04-26','2018-05-02',3,'omnis quis enim','100mg','Oral'),('602e4436-8aab-4cd5-87af-f2a2b57359b2','PRIMATENE MIST','9987891','2018-04-26','2018-05-18',2,'quaerat exercitationem aliquam et consectetur velit praesentium ipsam ab','75mg','Intravenous'),('631b4a24-d7f7-4bb0-bb3a-71d6468a1866','CORPHED','5675831','2018-04-26','2018-06-24',3,'adipisci voluptas soluta aut','163mg','Intravenous'),('63735cd7-e75b-4b44-9261-9a432d90eaac','CEPHALOTHIN SODIUM','5183843','2018-04-26','2018-05-22',2,'praesentium ullam beatae consequuntur incidunt cumque dolorem','51mg','Oral'),('6434387d-4107-4fef-b83d-8aa8c7b76539','METOPROLOL TARTRATE','5352925','2018-04-26','2018-06-01',3,'voluptate minima qui ex','97mg','Oral'),('64f08f08-34b9-49f4-a5f4-c7d87e70eb01','ETOPOSIDE','4259829','2018-04-26','2018-06-03',1,'vel ad et qui perspiciatis placeat','172mg','Oral'),('67486052-3757-4e1e-bb17-d623215db800','RIZATRIPTAN BENZOATE','6344667','2018-04-26','2018-06-12',1,'id occaecati consequuntur itaque dicta reprehenderit ut','164mg','Oral'),('6807f0bf-d588-4bf9-829d-dda9bab04c76','DHC PLUS','4643486','2018-04-26','2018-05-01',3,'et esse ut iusto voluptas vel qui culpa eos','295mg','Oral'),('68b10954-759a-4507-b781-0e8db085aebc','ZYDELIG','8281726','2018-04-26','2018-04-27',3,'modi facere laudantium velit omnis quia iste','195mg','Oral'),('6a64dca6-0c53-46f3-a60d-99f484c17f0e','CEFOTETAN','4423415','2018-04-26','2018-06-24',4,'iste qui et fugiat et esse repudiandae','154mg','Intravenous'),('6c4244b1-6ea5-469b-a4d5-e93916a77054','SUCOSTRIN','2538213','2018-04-26','2018-05-26',4,'suscipit asperiores ullam quibusdam qui ut et et','181mg','Oral'),('6cd05c34-6184-4950-9ec1-7b4095161274','COMBUNOX','4756658','2018-04-26','2018-06-10',4,'assumenda quo molestias dolore delectus','29mg','Intravenous'),('6d7a0dff-2908-4b5b-9d25-7e71459190c9','ABRAXANE','7986744','2018-04-26','2018-06-01',3,'architecto dolore aut natus commodi magni molestiae ad occaecati','175mg','Intravenous'),('6dd3b98b-8926-4a7e-bcab-30115ed6b8de','TRANYLCYPROMINE SULFATE','9273663','2018-04-26','2018-05-24',2,'nam ab ea sit voluptates consequatur saepe ut','262mg','Oral'),('70613b06-f891-43e4-8156-1dde0b045d18','TORECAN','1689769','2018-04-26','2018-06-06',4,'a eum odit qui magni earum enim qui voluptatem','97mg','Intravenous'),('7277589b-75fa-46f4-ad37-c40de51b0454','APHTHASOL','4676534','2018-04-26','2018-06-06',1,'sed quidem et minus cumque','100mg','Intravenous'),('751e78df-2be5-4d50-96fb-548dc0120f4b','EMTRICITABINE','1177981','2018-04-26','2018-05-15',1,'nulla nobis maiores qui consequatur molestiae ipsum nostrum at','296mg','Intravenous'),('7841a220-ab81-43d4-8b25-32f82dca4ac9','VANIQA','9387245','2018-04-26','2018-06-16',2,'harum non id','212mg','Intravenous'),('799cf8f3-3c82-48b3-a985-6fa83d78309a','PREMPRO','3327332','2018-04-26','2018-05-26',4,'est qui consequatur et amet molestiae aliquam','85mg','Intravenous'),('79cffe4d-c74b-4159-97f3-848aba91fae4','DEXMETHYLPHENIDATE HYDROCHLORIDE','3854767','2018-04-26','2018-06-10',1,'consequatur quidem eos quaerat quod molestiae iure','167mg','Oral'),('7b256d4b-3ae4-4eb9-bc7d-dda046f38f29','PREVANTICS SWAB','2161967','2018-04-26','2018-06-03',1,'eos fugit vel cumque ducimus eveniet','27mg','Intravenous'),('7c1077d8-5554-4aff-b582-c78c0a4fd6b1','RILPIVIRINE','2151261','2018-04-26','2018-04-30',4,'quis et deserunt voluptas laboriosam mollitia cum velit','172mg','Oral'),('7de8be1c-7361-4240-8a92-de294aa9179b','DEXTROAMPHETAMINE SULFATE','7972871','2018-04-26','2018-05-15',2,'enim est delectus','108mg','Oral'),('7eb061a2-df98-433c-ace1-114fdfc62046','DESIPRAMINE HYDROCHLORIDE','8996474','2018-04-26','2018-04-28',2,'hic explicabo harum fugiat et ea','186mg','Intravenous'),('7fad65ee-7841-45f7-9410-d6a2ec0e5b82','ESOMEPRAZOLE SODIUM','9316445','2018-04-26','2018-06-03',4,'iusto illum animi','191mg','Oral'),('80931bef-0513-48d9-970e-4bef67aacd41','CEFUROXIME AND DEXTROSE IN DUPLEX CONTAINER','4649371','2018-04-26','2018-06-13',3,'eligendi quo odio qui suscipit consequatur non dolore ab','262mg','Intravenous'),('874d645b-97d1-44cd-a49f-36359b3f1649','BRONKOSOL','4175458','2018-04-26','2018-06-19',1,'et voluptates nesciunt unde est et a ut','81mg','Oral'),('87b4cffa-6bdb-4653-80a7-1e2c78e33fee','BAL','3925812','2018-04-26','2018-05-09',3,'nemo commodi modi quas cumque dolores id non','156mg','Oral'),('87c1600f-ba00-4caf-9082-2a22d53e3852','ALECENSA','1279912','2018-04-26','2018-06-06',4,'soluta repudiandae ad','110mg','Oral'),('897d4196-20f9-474c-ac5d-1fab892206f9','CALCIUM GLUCEPTATE','2159633','2018-04-26','2018-05-06',1,'velit porro eum omnis ipsam et quibusdam quae','179mg','Intravenous'),('898ce03b-b1a9-429f-8885-8595d94b97bd','ACTEMRA','2684658','2018-04-26','2018-05-25',4,'eveniet et modi adipisci molestiae esse nisi sunt perferendis','179mg','Intravenous'),('899f38af-4ecd-4484-9626-5261893944f3','CEFOTETAN AND DEXTROSE IN DUPLEX CONTAINER','4441351','2018-04-26','2018-06-22',3,'soluta est officiis totam magni cum','288mg','Intravenous'),('89f94a29-f67e-417d-99fa-511eb4d87770','DEPAKOTE','3998621','2018-04-26','2018-06-14',2,'sint dolores molestiae et illum labore nemo','121mg','Intravenous'),('8a88b964-f5b0-46ab-b0f6-92776b7fcd2b','THEELIN','9114365','2018-04-26','2018-05-27',2,'voluptas reprehenderit quia','127mg','Oral'),('8ec03611-cdfd-4e2b-b902-9d5c3df59133','TREXIMET','4569753','2018-04-26','2018-04-26',4,'consequatur ea aliquid est et sunt ut','127mg','Oral'),('8f5da26a-e7a9-4746-b5a9-1cc960eb5604','PENETREX','2736869','2018-04-26','2018-04-29',3,'recusandae nam autem sunt nihil velit autem odio quasi','269mg','Oral'),('905db058-9528-415b-bf58-ff93a62743e0','FLUOROMETHOLONE','2196774','2018-04-26','2018-05-05',2,'consequatur voluptatem et rerum aut expedita et quis blanditiis','265mg','Intravenous'),('90c3e357-2462-4ff5-a9fa-da00280b7c82','DORIBAX','2171665','2018-04-26','2018-05-26',1,'soluta et exercitationem nesciunt facilis praesentium ea','42mg','Oral'),('928fbca6-a196-406b-9191-bc57b4c7a3f3','APTIOM','3611175','2018-04-26','2018-05-09',3,'nisi consequatur nam distinctio amet nihil id vel','105mg','Intravenous'),('93384947-3429-48ad-b931-8308dd730ccf','SECONAL SODIUM','6238644','2018-04-26','2018-06-06',4,'iusto cumque omnis delectus atque eum hic','203mg','Intravenous'),('935a027f-6f91-417a-9b34-c5199d073114','IDAMYCIN PFS','4528673','2018-04-26','2018-06-12',2,'dolores rerum illo eligendi','184mg','Intravenous'),('93e56b6e-bdbf-421b-83ab-94ae56ce7b20','BRIELLYN','9919966','2018-04-26','2018-04-26',4,'pariatur numquam ab','114mg','Intravenous'),('947e1a25-0334-4d20-87cf-f51e08832686','PREXXARTAN','2749772','2018-04-26','2018-05-15',4,'repudiandae sit sed esse','95mg','Intravenous'),('96c84ddf-27ab-4087-9423-9d6ba06e5977','YUTOPAR','3658653','2018-04-26','2018-05-11',2,'soluta ad minima consequatur labore doloremque modi molestias','94mg','Intravenous'),('9724e3a7-6f97-4dca-820e-3de51011f2a1','ACULAR LS','8238938','2018-04-26','2018-05-14',2,'vitae exercitationem voluptatem ipsa id et','270mg','Oral'),('99c1fd92-440a-4471-abbf-9eb3b296bcbb','FYCOMPA','5595269','2018-04-26','2018-06-16',4,'rerum voluptatem amet animi nesciunt reprehenderit','129mg','Intravenous'),('9a6ea06d-9628-468c-ac2b-adeffc166c32','ZYRTEC','6858978','2018-04-26','2018-06-24',2,'odio magnam voluptate in ad natus','72mg','Oral'),('9be33bc1-531d-4b51-904e-5102f2a2a1d0','LOCHOLEST','4523788','2018-04-26','2018-05-29',1,'perspiciatis maiores facere suscipit esse qui voluptatibus corrupti non','28mg','Oral'),('9c678932-6285-4019-acf4-02213f554c16','METOZOLV ODT','6856511','2018-04-26','2018-05-18',1,'voluptatum officia eos','159mg','Oral'),('9ea07e9d-4b3f-4fc7-8808-009678ed1374','RYZOLT','4885645','2018-04-26','2018-05-16',3,'sed eos qui atque est esse sint adipisci','265mg','Oral'),('a06271c2-06bb-4631-af78-2259c59e3938','PLAN B','4422481','2018-04-26','2018-06-09',4,'eum incidunt eos dolorem corporis consequatur','92mg','Oral'),('a120c401-e761-4eea-929d-5a76098bfb1e','CROTAN','3138945','2018-04-26','2018-05-06',3,'aut earum vitae qui','147mg','Intravenous'),('a19ff067-403a-482b-8d30-2273ea96f3f8','REQUIP XL','6721319','2018-04-26','2018-05-09',3,'facere quasi minima libero qui et laudantium iusto','58mg','Intravenous'),('a1eeab37-894a-4196-8ef6-e1d571492f5f','FRAGMIN','9827498','2018-04-26','2018-04-29',4,'accusamus enim qui omnis','253mg','Intravenous'),('a4c2e9b0-0999-49a5-9d9c-5742351ab839','TRIESENCE','7358647','2018-04-26','2018-05-18',1,'quia assumenda ut perferendis non facilis enim et','191mg','Oral'),('a7ea1d5b-97a7-4e64-8e30-81f95fd227de','PERAMPANEL','3118735','2018-04-26','2018-06-16',4,'ipsum sed soluta sunt','223mg','Oral'),('a944d441-c6bb-46f8-9fb9-f34332218a23','SCANDONEST PLAIN','8617285','2018-04-26','2018-05-30',2,'sit sed temporibus labore','162mg','Intravenous'),('aa875c51-ac17-46a1-9083-2d5378f659b0','FENTORA','4365367','2018-04-26','2018-05-19',4,'quidem consectetur voluptas numquam dolor illum necessitatibus optio qui','194mg','Intravenous'),('abc45065-462a-44c5-b4a7-5d9a1028f85d','VANOS','1523378','2018-04-26','2018-06-22',3,'est non quo nulla quos quas nisi','169mg','Oral'),('ad87bad2-7b1b-4d40-8546-d580a04678ab','PHRENILIN FORTE','7941555','2018-04-26','2018-06-09',1,'molestiae voluptas provident aut placeat','40mg','Intravenous'),('b1ca83bc-e00c-463f-ba5e-1be8c825a0d4','EMGEL','7159376','2018-04-26','2018-05-01',4,'sunt voluptatem aut est voluptates','120mg','Intravenous'),('b2b67583-0cfe-4dfe-b7b4-0a6921d0353f','BARACLUDE','4992297','2018-04-26','2018-05-24',4,'magni consequatur aut ratione id sapiente autem nostrum fuga','249mg','Oral'),('b2c55c29-d143-4270-aaba-bcbf8d7310c6','KEFUROX','8552324','2018-04-26','2018-04-27',4,'dolores velit est doloribus eos reiciendis accusantium tenetur aut','68mg','Oral'),('b3499d68-21c7-46a5-b968-255f4c213809','BUPROPION HYDROBROMIDE','3543177','2018-04-26','2018-06-06',4,'sint quae consequatur repudiandae voluptatem in error veniam','87mg','Oral'),('b511c8fe-757e-49ed-9b7a-dcd0f5afef4f','RENOVIST','2342189','2018-04-26','2018-04-30',3,'vel molestiae exercitationem','277mg','Oral'),('b6d7b5af-80a6-43a0-bd3b-36122a1561cb','KAINAIR','4941711','2018-04-26','2018-05-02',4,'rerum tempore deleniti dolores voluptas et aspernatur itaque','231mg','Intravenous'),('ba03d952-4840-455b-ac70-95afa5b83607','FLUIDIL','7227437','2018-04-26','2018-06-03',4,'suscipit quos est aut distinctio dolore nobis est porro','161mg','Intravenous'),('babce1e1-1f9d-4f4b-93e5-824e2948c3e2','BUTALBITAL AND ACETAMINOPHEN','4955295','2018-04-26','2018-04-27',2,'minima et tenetur non','86mg','Intravenous'),('bb63e512-ce44-47c0-b10c-c650fda81527','AMINOHIPPURATE SODIUM','8755939','2018-04-26','2018-04-27',1,'quas deserunt dolorem nobis enim cupiditate','192mg','Intravenous'),('bbcf59e2-e97d-49fe-86d3-865f1525ac1c','CERUBIDINE','4739554','2018-04-26','2018-05-18',4,'ea provident et sint quas','114mg','Intravenous'),('bd322141-32ca-4ef4-baa2-1336b63185f6','KAON CL','5474387','2018-04-26','2018-05-21',2,'dolorem temporibus explicabo provident non omnis maiores cum','69mg','Intravenous'),('be10530b-7e91-4721-aa70-1fad2b1d4d82','METADATE ER','2866525','2018-04-26','2018-06-21',1,'qui cupiditate ducimus voluptas fuga quis modi id','61mg','Intravenous'),('be4de30f-d3d5-4035-a92f-e6456d5c2a9f','UTIBRON','7518223','2018-04-26','2018-05-27',4,'voluptatem blanditiis dolorem incidunt iure vel','227mg','Intravenous'),('be6ba8f3-79f2-44c3-8c2a-cc351b2e1589','TRULANCE','3159875','2018-04-26','2018-06-10',2,'eveniet inventore similique','47mg','Intravenous'),('be751a0e-63ef-481f-a376-45a901155bb8','MOBAN','6534692','2018-04-26','2018-06-20',4,'dolorem temporibus explicabo provident non omnis maiores cum','126mg','Oral'),('c00ca1c2-7166-4634-84ea-a006a328eda5','COMETRIQ','2693792','2018-04-26','2018-06-19',2,'minima et tenetur non','270mg','Intravenous'),('c1e041ce-6d6c-4e01-86a5-1998e340be6b','ISTODAX','6917573','2018-04-26','2018-05-02',2,'omnis consequatur harum ut dignissimos','42mg','Oral'),('c280228c-56be-4da5-919c-efc24c4a6db3','AMINOCAPROIC ACID','5779439','2018-04-26','2018-05-15',2,'et illo voluptatem itaque quia non exercitationem sint','101mg','Oral'),('c6e25cef-a2c5-44a2-9be9-27ddbdec6aba','CORTONE','3832448','2018-04-26','2018-06-25',2,'delectus unde aut dolorem soluta quod repellat','274mg','Oral'),('c774242f-75e5-438b-8296-65a1cf2bbc59','TIMENTIN','2242918','2018-04-26','2018-05-09',4,'quis blanditiis exercitationem vero','163mg','Oral'),('c81fa670-6e6d-4a83-9b65-8dd44dea7d37','EUTRON','8816786','2018-04-26','2018-05-14',2,'voluptas esse exercitationem est','247mg','Oral'),('cbbf7d1e-6ae4-4897-9a07-836db0db8067','CEFTRIAXONE IN PLASTIC CONTAINER','6547988','2018-04-26','2018-06-03',1,'est soluta qui harum','90mg','Intravenous'),('cd95ef9e-0235-42d6-ab5c-4df8023d6893','ARIPIPRAZOLE','3857321','2018-04-26','2018-05-18',4,'necessitatibus quo molestiae ut','179mg','Oral'),('cde4f9ca-cfae-41fa-8c29-9b693f396eb4','OPSUMIT','2517146','2018-04-26','2018-05-13',4,'voluptatem doloremque illum qui fugit eum dolore eos','52mg','Intravenous'),('cdf1345a-5c91-4274-8194-6f2fc9943004','SITAVIG','3559452','2018-04-26','2018-06-12',3,'est odit minus rem id excepturi ipsum','84mg','Intravenous'),('ce17af18-a8b2-42da-adbc-239dda4b928c','KEFTAB','7869264','2018-04-26','2018-05-21',3,'assumenda quo molestias dolore delectus','55mg','Oral'),('d0f781d6-979e-4644-a099-4fb679520954','TRIATEX','9747349','2018-04-26','2018-05-28',1,'voluptatem velit omnis ipsum architecto laudantium veniam qui quam','220mg','Intravenous'),('d1a737f1-dd49-46c1-8e81-e6b0ddec8663','ENTOCORT EC','3935787','2018-04-26','2018-05-28',1,'et illo voluptatem itaque quia non exercitationem sint','120mg','Oral'),('d1d52486-5939-4da0-b3fb-12d3c45903de','SCANDONEST L','9929392','2018-04-26','2018-06-19',4,'distinctio reiciendis dolor voluptate officiis','102mg','Intravenous'),('d1e510dd-f85e-41af-a359-6c71d7f25e22','BAMATE','5887492','2018-04-26','2018-05-21',2,'ut quisquam quis et sunt dolore deserunt','220mg','Oral'),('d1f26ae9-2723-40f4-a210-cf5000c24e2b','PALLADONE','1143969','2018-04-26','2018-05-13',2,'est quidem minus corrupti corporis quo eum distinctio','197mg','Intravenous'),('d220e003-1c6f-41fd-b46a-d2edcdbed6ff','ALPHADERM','9583271','2018-04-26','2018-05-11',3,'qui culpa similique accusantium id doloribus id illo','136mg','Oral'),('d24270b6-1c10-4b4b-8311-c5d1b77de6b5','OXANDRIN','5977299','2018-04-26','2018-06-07',2,'quam maiores quia libero ullam qui','245mg','Intravenous'),('d3e0c522-843a-426e-9b5d-36d31543d7b1','OXYCODONE AND ACETAMINOPHEN','3463312','2018-04-26','2018-05-27',1,'nemo laboriosam neque voluptas rerum et','173mg','Intravenous'),('d4c39635-6551-4a74-a627-1edd7a664696','XERESE','7952513','2018-04-26','2018-04-26',4,'ab praesentium placeat est vitae ullam','172mg','Intravenous'),('d5212038-fdef-43fe-b68c-9af17579f171','NEXESTA FE','6629859','2018-04-26','2018-06-07',2,'molestiae tempora vel non beatae sint','151mg','Oral'),('d6e5f0a7-6dc6-4031-b483-1936eb95c0c3','TRIOSTAT','7842691','2018-04-26','2018-06-15',3,'dignissimos debitis et quidem architecto rem nihil','191mg','Oral'),('d7bd9422-6f6f-45c6-87a0-653d676fdf44','PARASAL SODIUM','6356497','2018-04-26','2018-06-10',4,'voluptatum eos quod voluptate quasi voluptatem enim mollitia','92mg','Intravenous'),('d88797c2-1cb7-4e16-8593-c414ffdc1726','LEMTRADA','4447798','2018-04-26','2018-06-03',2,'laboriosam fugit exercitationem nemo est','238mg','Intravenous'),('d8d472a4-110c-47ac-8ce2-89abedf38a04','REVERSOL','9428394','2018-04-26','2018-05-25',2,'dolor omnis rerum voluptates','100mg','Oral'),('d9a4cdd1-90b0-4f7c-8ae5-8443a83927bf','ALPHADERM','7728596','2018-04-26','2018-05-22',1,'nesciunt eos eum autem tempore quia dolore recusandae reiciendis','222mg','Oral'),('db39fc46-f4f1-4cbb-a510-e0307be86790','TERIL','9216647','2018-04-26','2018-06-17',1,'veniam in omnis beatae dolorem aut','217mg','Oral'),('dea90353-45db-4ad1-8123-11ffce351f5c','OFORTA','9414574','2018-04-26','2018-06-17',4,'esse iure blanditiis','293mg','Oral'),('df39f5d8-f981-4028-b9d6-403344620ac9','COPAXONE','1299619','2018-04-26','2018-05-25',3,'et voluptates nesciunt unde est et a ut','180mg','Intravenous'),('e03fd6ca-cf55-41ba-8168-3d9b1537f717','CEFOBID IN PLASTIC CONTAINER','6581396','2018-04-26','2018-06-02',4,'alias autem illo voluptatem','182mg','Intravenous'),('e1a6660e-3886-437d-aa33-384ee1feca5b','HYSINGLA','7815782','2018-04-26','2018-06-24',3,'consectetur et velit eum','185mg','Intravenous'),('e2015b45-d78a-4ee8-92d6-fefbe0ec221a','BYVALSON','4694766','2018-04-26','2018-06-10',1,'sint inventore ad fugit ipsum cum excepturi et','276mg','Intravenous'),('e25cd6ac-993e-411c-8e3d-c8dff67b50e1','CEFIZOX','6364325','2018-04-26','2018-05-27',1,'quibusdam a ab ullam aut et aut deleniti accusantium','73mg','Oral'),('e346843a-8af0-4f24-bb4b-f500d606ebf3','THAM','6871976','2018-04-26','2018-06-11',4,'voluptas minus sed quasi rerum aperiam accusamus','157mg','Oral'),('e607a54c-d226-4a1f-93b6-24e8740f9ef3','TENSILON','8155352','2018-04-26','2018-05-11',3,'ipsam repellat hic non laboriosam et aut aut','208mg','Intravenous'),('e62c0214-28b0-4aed-bad0-b99b27d8796e','ZIAC','5827761','2018-04-26','2018-05-15',1,'nemo laboriosam neque voluptas rerum et','77mg','Intravenous'),('ea4ded5f-9b33-4160-90af-90541cd16301','VIMIZIM','7866854','2018-04-26','2018-05-29',2,'aut fuga non excepturi necessitatibus voluptatem','231mg','Oral'),('eaac109c-27b9-4a7f-bf9d-b4b74fb4791d','CEPHALOTHIN','1252418','2018-04-26','2018-05-04',1,'suscipit qui neque nesciunt assumenda accusamus dolores','62mg','Intravenous'),('ee35b02d-d479-494c-a667-4a098a70af89','MONODOX','9569277','2018-04-26','2018-06-22',3,'earum distinctio repellat non fugit','290mg','Intravenous'),('ee59c966-56f7-464d-ad0e-a22aabec3664','WYMOX','2218469','2018-04-26','2018-06-02',4,'earum itaque et quos','155mg','Intravenous'),('ee695481-03ba-4047-b292-8ba5c1af0606','FERRLECIT','6968977','2018-04-26','2018-06-06',3,'delectus quis rerum pariatur consectetur et','153mg','Intravenous'),('eebba480-65a1-40e2-a6c5-44a5d86e0d95','BROMANATE DM','7737263','2018-04-26','2018-06-05',2,'similique non et alias','147mg','Intravenous'),('ef85683c-7373-44e1-bac0-fdc90267cd77','TORECAN','2352866','2018-04-26','2018-06-13',1,'ut voluptate sit eaque vitae iste quo repellat est','163mg','Intravenous'),('efdf080f-638a-4281-8051-53c02b54abbb','OGIVRI','1345545','2018-04-26','2018-04-30',2,'perspiciatis maiores facere suscipit esse qui voluptatibus corrupti non','133mg','Oral'),('f372b34f-77f9-48fc-a9e0-63279d18ec9f','KEFLIN IN PLASTIC CONTAINER','2869668','2018-04-26','2018-05-05',3,'impedit nesciunt odio non quos','249mg','Oral'),('f6d18724-c289-4202-9eb0-e0b75a21f06d','LEXISCAN','4398255','2018-04-26','2018-05-15',3,'rerum voluptas impedit porro culpa provident non','194mg','Oral'),('f7526ada-a159-4058-ac34-5e45c1a9eee8','TROSPIUM CHLORIDE','1572782','2018-04-26','2018-05-16',2,'facere quasi minima libero qui et laudantium iusto','62mg','Intravenous'),('fa67f1f1-8ab5-41d7-95d7-09e07437a202','BETOPTIC','9354556','2018-04-26','2018-04-30',2,'iure eos aliquam sit ea','296mg','Intravenous'),('fb62ea31-3ad1-4e9d-895c-094ecf8b4c62','PACLITAXEL','9726679','2018-04-26','2018-05-01',4,'et aliquam sit quia numquam iste doloremque','71mg','Intravenous'),('fdc3c719-c7f6-436b-9556-d5ec722f7096','PRISCOLINE','3659499','2018-04-26','2018-06-09',4,'exercitationem non itaque facilis laborum eaque','266mg','Oral'),('fdf08638-73df-4526-a656-381ff116a62c','FLURAZEPAM HYDROCHLORIDE','3352614','2018-04-26','2018-05-14',2,'suscipit quo vel provident necessitatibus deleniti','231mg','Intravenous'),('ffa79d78-30ce-497f-90df-475c603055c8','CARDURA XL','8186896','2018-04-26','2018-06-12',3,'voluptatum officia eos','48mg','Oral'),('ffb486bf-72d8-4abf-a0f7-22bb4add7cb6','SYNOVALYTE IN PLASTIC CONTAINER','3948476','2018-04-26','2018-06-07',4,'esse iure blanditiis','234mg','Oral');
/*!40000 ALTER TABLE `medication` ENABLE KEYS */;
UNLOCK TABLES;

--
-- Table structure for table `nurse`
--

DROP TABLE IF EXISTS `nurse`;
/*!40101 SET @saved_cs_client     = @@character_set_client */;
 SET character_set_client = utf8mb4 ;
CREATE TABLE `nurse` (
  `NurseUid` char(37) COLLATE utf8_bin NOT NULL,
  `DoctorUid` varchar(45) CHARACTER SET utf8mb4 COLLATE utf8mb4_unicode_ci NOT NULL,
  `PatientCount` varchar(45) CHARACTER SET utf8mb4 COLLATE utf8mb4_unicode_ci DEFAULT NULL,
  PRIMARY KEY (`NurseUid`)
) ENGINE=InnoDB DEFAULT CHARSET=utf8 COLLATE=utf8_bin;
/*!40101 SET character_set_client = @saved_cs_client */;

--
-- Dumping data for table `nurse`
--

LOCK TABLES `nurse` WRITE;
/*!40000 ALTER TABLE `nurse` DISABLE KEYS */;
INSERT INTO `nurse` VALUES ('372ac7d0-1b62-4940-8c7e-630d06c11c1d','009cb71f-c256-48c4-a495-f093974d2ce7','5'),('37882fd0-19cf-424f-addc-6524bd0bbddf','009cb71f-c256-48c4-a495-f093974d2ce7','5'),('39e3f62e-691f-490f-ad2d-42702588ccf4','03ad1927-b676-4fe8-94f8-277a6d9b7cc8','5'),('3b0b96d2-ce9f-4d60-b9f5-20ebab38933b','03ad1927-b676-4fe8-94f8-277a6d9b7cc8','5'),('3e21c216-9180-4116-b7bc-91f5d6f5f4cf','04873f81-562e-48c4-b934-16fff153829d','5'),('3facb4d3-96e5-4b81-9f93-1616c8fa1650','04873f81-562e-48c4-b934-16fff153829d','5'),('3fb6d123-4396-4bf1-bc53-77bbe144a170','059f75d6-77cb-436b-aab4-8492dac103be','5'),('401fb479-9b9c-40ad-b0f2-92fb7bdce886','059f75d6-77cb-436b-aab4-8492dac103be','5'),('4175a310-cb08-4c98-a5b1-ea63b52fe446','0a190520-09a2-4c03-a926-c809d19134cc','5'),('41af273a-6774-432c-99e3-e942d91dbd1c','0a190520-09a2-4c03-a926-c809d19134cc','5'),('427c559c-8507-4ce6-bd43-79b544a86e28','0c660bf4-c2bf-4420-87e3-d7a2c81af344','5'),('43791942-094c-45aa-9e5a-74a384787223','0c660bf4-c2bf-4420-87e3-d7a2c81af344','5'),('437ce178-22c3-4e5d-9a60-5995ea696b10','0d323651-cd73-4e48-9dfc-96a8fc9044ab','5'),('43acb69b-d000-42ec-82ec-74e9459ef736','0d323651-cd73-4e48-9dfc-96a8fc9044ab','5'),('43f09952-4d33-45d1-a33a-23f72e0b1034','0dd349c0-be04-4031-8a5c-e26ed68621bc','5'),('4641d705-2815-4a35-97ce-0dc3468b6bd9','0dd349c0-be04-4031-8a5c-e26ed68621bc','5'),('47bf8551-4370-4957-9558-569f8cbbe7cb','0e4ad3b3-ceab-4587-8f72-7410bf2da593','5'),('47d02a50-3245-4a82-94fc-4270a4946db7','0e4ad3b3-ceab-4587-8f72-7410bf2da593','5'),('48cc0f71-425f-4aa3-af54-d03cb999dc7e','0f811b62-97d5-422a-8dcc-9b5a190ad900','5'),('48edb552-6dfa-45b3-bd7d-1b38dea87577','0f811b62-97d5-422a-8dcc-9b5a190ad900','5'),('4b12a482-4b67-4847-bdbb-ce07662c200a','0fec7107-c140-4566-9dee-197154ccf443','5'),('4c8096c9-9bc4-44d0-a0f9-5b13950cb751','0fec7107-c140-4566-9dee-197154ccf443','5'),('4d2424ce-4566-40f2-9dc8-c73570d1a3c2','10f2a081-ac05-47db-b480-cd80e80f6c35','5'),('4d52e17f-33f5-4fa6-9566-22bab45d705c','10f2a081-ac05-47db-b480-cd80e80f6c35','5'),('4dde97cf-34d8-44e4-b6db-b18498778201','13192204-78c2-4c12-b935-40b591fa9c74','5'),('4e4c7747-8887-4e9b-8a80-fa019cbbdba0','13192204-78c2-4c12-b935-40b591fa9c74','5'),('501169dc-699d-498b-a945-62c2fd80d72f','139a769c-4b2d-4fa7-a78b-ed3a2d32fe96','5'),('52d95dd1-1f59-4b3b-8a2a-8edfbc9c98be','139a769c-4b2d-4fa7-a78b-ed3a2d32fe96','5'),('532054d9-872f-4831-ab27-e188f696f779','14f5dfcf-0f43-4bd5-94bc-9c99e51dcf34','5'),('53b338fa-4091-46b1-a9f7-056b37e1bf60','14f5dfcf-0f43-4bd5-94bc-9c99e51dcf34','5'),('54b626ef-5d5b-4788-bc94-6d96968e7f19','16d2cb46-e86b-4c9a-99d0-d95d2fb4723d','5'),('5500b939-7d30-4572-9103-334ef47a0cd7','16d2cb46-e86b-4c9a-99d0-d95d2fb4723d','5'),('554c3014-2971-433e-9be4-d0f212c10008','172a6656-0d94-408d-a6a4-46a2860895f4','5'),('55526877-e67c-4120-bfad-17c2c7a230ea','172a6656-0d94-408d-a6a4-46a2860895f4','5'),('56098cea-2de6-458f-ae1d-e72eb88f561e','177d5594-434d-4a4a-84c3-e8b7ab93d273','5'),('561ef124-44c2-4023-8317-ac3782984d74','177d5594-434d-4a4a-84c3-e8b7ab93d273','5'),('58dc1253-c814-4bf4-8a05-2050821c73f2','17fde832-8041-44a8-a533-039371e6a1c5','5'),('5914f993-a3d0-468a-9e8b-ceb3e93d0cf9','17fde832-8041-44a8-a533-039371e6a1c5','5'),('5b0c1c63-cc70-46da-a551-efbaca3af940','1b9f8ecb-3cd2-41b5-9478-af4fe9897974','5'),('5b10921f-b435-4897-bf25-0984086c524f','1b9f8ecb-3cd2-41b5-9478-af4fe9897974','5'),('5bf04d5c-5428-49ea-bc3d-c78213a118e1','1c0acce5-95f3-4d3f-87e4-8ff49f0f6352','5'),('5e9bda1f-b4ff-4e3a-bc24-582676d49528','1c0acce5-95f3-4d3f-87e4-8ff49f0f6352','5'),('5fd7b4d8-fbbe-416c-a2d1-d7e1fdf2adcb','1c52dbf7-db8b-4710-a0a5-5eb0768da05e','5'),('6027453d-23c9-4006-bb1e-066fc9abb103','1c52dbf7-db8b-4710-a0a5-5eb0768da05e','5'),('60b42587-5242-4beb-925b-aecd2954179d','1cd9bf63-8ea6-4319-bc6e-296dc070820d','5'),('631bf4ed-424c-4370-bf9d-9040c321cce0','1cd9bf63-8ea6-4319-bc6e-296dc070820d','5'),('63a4aeec-2c35-4fe1-93f5-4040844a0392','1dab1e2c-5656-4e5a-8ac2-982fac0419f2','5'),('65a36413-573c-49d1-869e-e4267ec5c12c','1dab1e2c-5656-4e5a-8ac2-982fac0419f2','5'),('663496ed-722f-4450-a392-3ccf5c509357','1ee2dd99-5116-4daa-915f-efa7ddfcd5a4','5'),('680d3407-2b05-48f1-8b8c-4d473993990a','1ee2dd99-5116-4daa-915f-efa7ddfcd5a4','5'),('6a4b3aa4-9aba-4fbc-a6c1-c58b3da4955f','1f2ca0e2-00ea-4d36-9b92-905ffb72ea99','5'),('6c12c7a5-04a5-4193-b512-02c0e336ee65','1f2ca0e2-00ea-4d36-9b92-905ffb72ea99','5'),('6f44d1c1-1bc5-4dd1-b759-8d1dbd8d881d','21e80fe1-1570-4223-9b73-26221415f4c4','5'),('6f582cd5-445c-4aff-8c35-6760eb05c75a','21e80fe1-1570-4223-9b73-26221415f4c4','5'),('6f7773bc-94ab-4632-9357-ebcdf6aa0c0b','230f3de4-2bd7-4504-8d2b-6535bf25b915','5'),('6fdf476c-b98d-4552-93fd-ae7e178bfe08','230f3de4-2bd7-4504-8d2b-6535bf25b915','5'),('753c3f19-2350-4965-9e3d-a81537a1e3fc','238862da-139a-48c1-86fc-32bafc1846d3','5'),('768d3a36-4b5e-4b42-a06a-0fb053753c11','238862da-139a-48c1-86fc-32bafc1846d3','5'),('76a1814e-219a-4104-a543-7f89b4dda168','2683bfce-e9e5-443e-98fc-9a618be35dd7','5'),('778e4fb1-d3a9-4e5a-a8d2-004035328b3b','2683bfce-e9e5-443e-98fc-9a618be35dd7','5'),('78905a53-156f-44ff-baa9-086313049b82','294840ea-cb08-4115-be9d-b4f8dfc23010','5'),('78b9fb37-aec1-4485-87fe-5c1264c3684f','294840ea-cb08-4115-be9d-b4f8dfc23010','5'),('79d63c53-a7e7-4daf-88fc-4932d772c6d9','2a0bc4cb-b744-4016-8dda-e1fae9d67b51','5'),('7a899765-dd4f-4f9b-89b4-2d7764b54f06','2a0bc4cb-b744-4016-8dda-e1fae9d67b51','5'),('7c82becb-fbca-498e-bedc-04892773bdfc','2a839f23-cee3-4517-b9a5-d5f24bd8a25f','5'),('800a3321-c9af-4b39-ab41-729a7d0218a4','2a839f23-cee3-4517-b9a5-d5f24bd8a25f','5'),('8048c1a9-04f1-4a7a-b452-f0712c119918','2b7bdc3f-6cb3-47b9-a9ee-956ef4a864a6','5'),('80dbff79-21d6-4c62-a1ba-2671e655185d','2b7bdc3f-6cb3-47b9-a9ee-956ef4a864a6','5'),('80fb5587-2c72-460f-8478-d5d7a8006773','2be4e918-ca66-4741-912f-31eb50724b09','5'),('81042274-0feb-4722-a667-e4356369cbaa','2be4e918-ca66-4741-912f-31eb50724b09','5'),('81245949-c268-4b8c-85a8-82041bd38a24','2d226e55-64ef-45e8-b8ba-df509bd80fba','5'),('83929850-f4c2-4813-903c-03af40de6810','2d226e55-64ef-45e8-b8ba-df509bd80fba','5'),('83e0bb06-927b-48c1-89ff-b83b4be7e47a','2d4d943e-25f8-4ea0-9799-4922877b0a34','5'),('85706373-8946-44ff-a382-2562213fd38d','2d4d943e-25f8-4ea0-9799-4922877b0a34','5'),('86748425-6c78-42e3-bcb8-ce6194bc7770','2f35e2db-7bb8-483f-9faf-e36527034de7','5'),('875d487e-38b0-4246-8713-d3b39daa17c5','2f35e2db-7bb8-483f-9faf-e36527034de7','5'),('878a6cee-b866-4f38-b2ce-a59f100383e6','2f88836e-cbe8-4530-a63a-4a7cf9f272b1','5'),('8856838e-b2a5-42ad-a8d2-d5bf0a1d988e','2f88836e-cbe8-4530-a63a-4a7cf9f272b1','5'),('88f63f85-c045-425d-9d9f-97a54223efd0','2fb9f150-48e4-4d45-b0c5-208f2cf83961','5'),('8b5cad91-397b-4a85-af85-d0f3f59f6b59','2fb9f150-48e4-4d45-b0c5-208f2cf83961','5'),('8ebe933f-7ac1-41ec-9ad3-34a3304c9aac','3070eafe-d0b3-48a6-b66e-b955d36a375d','5'),('8ecdd7f0-fe9a-48fb-84e1-0dc651b4df86','3070eafe-d0b3-48a6-b66e-b955d36a375d','5'),('8f62bd74-06ea-44d3-ac98-f75e3d7f3273','3311e925-edf7-411c-a999-b2fbbf714f9d','5'),('949a797a-5ead-48ca-9eec-293681e47cc1','3311e925-edf7-411c-a999-b2fbbf714f9d','5'),('94fd244d-bd01-4284-97eb-8b213f8bb059','33228528-9c0c-48f4-a8a3-8d5af76a5525','5'),('95dc4de7-e6a0-4393-a754-a9e77c354871','33228528-9c0c-48f4-a8a3-8d5af76a5525','5'),('965018e0-d6b4-4093-9611-9958e5de704c','3464202a-64f6-4bdb-b1e3-f3b700786010','5'),('97d44c7b-fa2f-4205-b84d-3211f68dd421','3464202a-64f6-4bdb-b1e3-f3b700786010','5'),('9989fdb5-f497-47b7-964e-b913ade3cfa7','347dcec6-07a0-40f0-bc7b-226cb79353de','5'),('9aaaebb5-4a1e-4bac-8013-e13af3f6c5c4','347dcec6-07a0-40f0-bc7b-226cb79353de','5'),('9b49bbbc-dddf-4ac3-8c2a-32123d9a97cd','351fdffb-8ae9-4228-ad26-d7e92ff186cb','5'),('9c9534a5-b5ea-46d8-a638-b26ab2235634','351fdffb-8ae9-4228-ad26-d7e92ff186cb','5'),('9d66f6dc-1c8d-4d1c-82d3-e5f5fd16200e','35c42692-85b4-4439-aab9-a95006714b05','5'),('9dd03552-fd87-4289-99f4-261cc069ce3d','35c42692-85b4-4439-aab9-a95006714b05','5'),('a01abe66-f979-4128-9e35-8b772ff62af7','35cc5315-f7aa-41e8-bcdb-56d01ff2de2b','5'),('a0ac052e-9482-432d-b2f6-e8e157f754e4','35cc5315-f7aa-41e8-bcdb-56d01ff2de2b','5'),('a124e7b5-9699-4c87-a0d7-bbd84dbfbc8f','36d59706-761c-48ca-8cef-2875f6474f0c','5'),('a1db3586-c7f1-4ab7-87fb-1040332aafcc','36d59706-761c-48ca-8cef-2875f6474f0c','5'),('a1fcd664-410b-4cc1-9c92-d9d5c1ba8533','37111387-e2f6-4db7-9440-6644c0095457','5'),('a21df552-f0d3-475a-ab46-f9718d931207','37111387-e2f6-4db7-9440-6644c0095457','5');
/*!40000 ALTER TABLE `nurse` ENABLE KEYS */;
UNLOCK TABLES;

--
-- Table structure for table `patient`
--

DROP TABLE IF EXISTS `patient`;
/*!40101 SET @saved_cs_client     = @@character_set_client */;
 SET character_set_client = utf8mb4 ;
CREATE TABLE `patient` (
  `PatientUid` char(37) NOT NULL,
  `MedicalRecordNumber` varchar(45) DEFAULT NULL,
  `ArrivalDate` date NOT NULL,
  `ReleaseDate` date DEFAULT NULL,
  `Condition` varchar(100) DEFAULT NULL,
  PRIMARY KEY (`PatientUid`)
) ENGINE=InnoDB DEFAULT CHARSET=utf8;
/*!40101 SET character_set_client = @saved_cs_client */;

--
-- Dumping data for table `patient`
--

LOCK TABLES `patient` WRITE;
/*!40000 ALTER TABLE `patient` DISABLE KEYS */;
INSERT INTO `patient` VALUES ('003d26dc-1fff-44ec-b5e5-e9ad5f4606a0','NFTF0LA4IKA7','2012-02-09','2012-04-19','Steinert myotonic dystrophy'),('00628f58-446a-4095-8ed8-81080c59c513','9YOXDRXRO4MF','2012-01-10','2012-03-27','Goldenhar syndrome'),('00d07c37-bb2c-4681-9262-0f786e21ac00','4AT1YWPFQE1A','2012-02-08','2012-04-14','Williams syndrome'),('00d6a726-cb1c-4b44-92c4-68760243492f','4BEC4VU4YXLL','2012-02-09','2012-03-24','Gastroschisis'),('0159973e-f805-4d3b-b1a9-1ff23bc77083','SG2SMZWCFJJD','2012-02-09','2012-03-11','Gorlin syndrome'),('01a17362-c178-4d6a-b775-d90fdb344917','SPLT78DNNHAX','2012-02-12','2012-04-26','Bile ducts paucity syndromic form'),('01a2c112-e4b0-4a87-b81d-671a22d75170','3V1R1P991ES8','2012-01-02','2012-04-13','Niemann-Pick B disease'),('02206018-19a8-4043-8230-f321c2d179a8','IFOY7ND4XIDR','2012-03-12','2012-03-23','Wilson disease'),('022129b7-5520-4d03-998c-6431ff8b1c9e','JWB9918G777Q','2012-02-18','2012-03-09','Duane syndrome'),('024fb3fc-cfde-4280-8fa9-d0c918862061','JL8X854VYH77','2012-02-05','2012-03-17','CDG syndrome'),('02e103eb-b8bf-4f05-9427-584e5957f7b8','A3AY851TZ30S','2012-02-09','2012-04-25','Adult Onset Stills disease'),('02e45549-afa0-422d-874d-6b5b179ce03a','J5K04IVQ4M8Q','2012-01-25','2012-04-05','Rubinstein-Taybi syndrome'),('02f7a111-e555-4d23-a319-325060ff5d4f','7JNON3TKGQWJ','2012-03-06','2012-03-14','Cystic fibrosis'),('03518d19-703e-40e5-b075-9161238b8083','VC44NEXAS90P','2012-03-02','2012-04-23','Holoprosencephaly'),('03abeb49-fa78-42e5-bcf5-04a52b23871e','EW0LZMZILTHV','2012-02-07','2012-04-21','Hirschsprung disease'),('0418f50c-4f58-4b60-8b33-003ae7faa843','A4ZMEI9TZN8M','2012-02-09','2012-04-09','Glycogen storage disease type'),('04b6225e-e631-451e-8872-c9306cf8ce98','VHU21Q6RYNT0','2012-01-06','2012-04-02','Propionic acidemia'),('04c1d24c-abe9-4419-8f39-ea1ef7fd35b4','XCPBOJQSNRZY','2012-02-26','2012-03-13','Sickle cell anemia'),('04f7aa1b-ce5e-4a96-bac5-b96e78b8ae48','Q4C8XKFSCR51','2012-03-07','2012-04-20','Porphyria acute intermittent'),('05f7e049-69ce-42a9-b9fd-203922175c18','V4DVZ3OXRLMV','2012-01-25','2012-03-19','Duodenal atresia'),('05fd8081-51c4-476e-abaf-ef54a9699703','Z8SBJQX7VV35','2012-03-20','2012-03-21','Alport syndrome'),('06f8af67-87cf-4103-b925-e86f602bd0d8','31EKJW6X6RUO','2012-02-10','2012-03-21','Estimated'),('07079b6b-29d1-4e96-82c6-96f04f900f7b','M7XR40VG9AU1','2012-01-18','2012-03-25','Behcet disease'),('07c141bb-9c0c-4e3f-a7fa-23f47d6015c9','8ZDORE4J7MAM','2012-03-26','2012-04-18','Immunodeficiency common variable'),('08cd33a2-63cb-49d1-ae75-b69c5c66390f','E0MTZF83KC8M','2012-01-09','2012-04-20','Achondroplasia'),('08f2d11b-b9b2-4545-9b51-29384aa6a366','TV3U8Z288Y4Q','2012-02-23','2012-03-03','Bile ducts paucity syndromic form'),('090e1d93-06a2-421f-a70c-7c18fef7ccef','PX9NL9SF9YJO','2012-01-17','2012-03-30','Gastroschisis'),('0939c9b3-71e8-4f2e-96ae-56fba32aca03','PQ9A90QER7BG','2012-01-22','2012-03-20','Great vessels transposition'),('0999084c-b804-4be4-9fdf-97de9178227e','VH1W6T5LA6HX','2012-01-10','2012-03-19','Charcot-Marie-Tooth disease'),('0a7f34a6-1f52-4f04-8dc7-cfd4d5de4d65','014MUDI83B8Z','2012-02-21','2012-04-09','Estimated'),('0a8d684b-6804-4db8-9d4a-a70c05218bb4','L01W1S8D4UKU','2012-03-07','2012-04-22','Pierre Robin syndrome'),('0af67fa9-46c7-49f3-8383-ffbcac5f119d','P77WD69X5CW0','2012-02-18','2012-03-15','Gorlin syndrome'),('0bcced2e-cb61-4590-b6e7-a32dcdfc6dc1','SU0TVXEU34SV','2012-03-07','2012-03-15','Apert syndrome'),('0c609fff-e5c9-40fd-ae46-78330f6b4633','JC6CJIV6KYVW','2012-03-18','2012-03-01','Polycystic kidney disease recessive type'),('0c8bce89-ceb3-46b6-8864-aae137b2f075','EYWF20QWXU25','2012-01-14','2012-03-30','Tuberous sclerosis'),('0cccf4cd-f5f2-4bef-95b0-0dbd11292b34','QT6SEG00ERS6','2012-02-23','2012-04-28','Cataract total congenital'),('0def775c-67ef-44f3-9c99-5a0cdb6f9e85','YGFK3N9ZKS7Y','2012-02-16','2012-04-06','Glycogen storage disease type'),('0dfb84a3-952a-4ddd-b012-3361cb9d5f4b','L3PTF56OK4WJ','2012-01-26','2012-03-15','Melanoma familial'),('0e79ccda-7e9d-4cec-8073-fde38f3b754a','VFCHHXQFB7L8','2012-02-09','2012-03-16','Breast cancer familial'),('0ea1d3da-0cb1-45d5-bd00-d08df49a989e','5F23Z7FOON7X','2012-02-03','2012-04-21','Ceroid lipofuscinosis neuronal'),('0eca5395-9d30-4f93-886a-3602702b430e','7F5N6CQJZ2JZ','2012-01-15','2012-03-02','Osteogenesis imperfecta'),('0f26128e-3259-4c0f-a0b5-8c35bc4005f6','0TVAGHICC3TE','2012-02-25','2012-04-22','Albers-Schonberg disease'),('0f39dc7f-986e-4968-811a-eea49257ee8b','IS5ZTYNBAKQL','2012-03-23','2012-03-23','Treacher-Collins syndrome'),('0f789581-3f74-4b25-9730-326b6103b360','92CDRCDZAZCD','2012-01-19','2012-04-11','Chondrodysplasia punctata rhizomelic type'),('0ffe600b-e709-4187-bea7-b7e619b0ca96','0FUTHT338ZOU','2012-02-15','2012-04-22','Protoporphyria erythropoietic'),('10d4dd6b-c436-4bd0-967a-74b0d0e9fbdb','CNUAPK80TJLW','2012-03-24','2012-03-26','Tetralogy of Fallot'),('1183a2f0-76fe-47c5-bef3-2fd4f221a9a3','1RX8Z8J1Z4IM','2012-03-08','2012-04-06','Mucopolysaccharidosis type'),('11ec01ed-51d8-48e6-afe9-cd7a2ce8b4af','JN24WJK3F44V','2012-03-25','2012-04-27','Polymyositis'),('120a53cb-0125-45f5-b153-1931a0ea472f','X187M7XXMC2H','2012-01-15','2012-04-07','Variegata porphyria'),('1222a1a0-34b9-43f4-b53e-2fce916525c9','20TKAGQDV003','2012-03-23','2012-04-13','Multiple endocrine neoplasia type'),('12538cfe-3146-4383-b838-0c1b682ba9b8','ZRA7FDP7GH2V','2012-03-15','2012-04-07','CDG syndrome'),('125aa6f8-987b-481f-91da-2ff0b1125497','LU4C7SCKTLIL','2012-02-23','2012-04-29','Albright hereditary osteodystrophy'),('1300dce0-94a7-422e-8ad5-8b9785b448cc','PCFF2MFLKO6K','2012-03-06','2012-03-27','Steinert myotonic dystrophy'),('135ce04c-765d-4ad2-a4ad-a1de58f8ec36','JWEFQFFP2TO6','2012-02-10','2012-03-03','Smith-Lemli-Opitz syndrome'),('13670069-ff08-4c98-9dd6-653554837286','07FSIUFU663M','2012-02-26','2012-04-24','Myeloma multiple'),('1419a5fe-553a-437c-8955-d354a23e3f22','XQ7G32HYLMPW','2012-01-12','2012-03-01','Protoporphyria erythropoietic'),('14b0c691-303f-4ce2-849b-c21c69d03a88','9A6TI408004D','2012-02-16','2012-04-27','Alpha-sarcoglycanopathy'),('1509d582-4617-4d03-a647-37e8e3b0df4f','USR3AFHQ92NL','2012-03-10','2012-04-18','Niemann-Pick A disease'),('155788be-ef32-4472-a0d6-145ee5dbea51','Z786PJHQ1SU1','2012-02-16','2012-04-05','Gelineau disease'),('157a424c-a402-40e7-bbb6-848614c173c9','UR3OHD5DM0F7','2012-03-02','2012-04-18','Amyotrophic lateral sclerosis'),('15d02f08-e75b-4568-bab6-fa6304dfb66e','EQIN9V2U6GOA','2012-02-23','2012-04-06','Acromegaly'),('166e2d6a-0d9a-4d83-9271-930d4f2f9a23','OZQZ1R4P493L','2012-02-21','2012-03-12','Kartagener syndrome'),('16b709ca-1fc3-493c-9d0a-f2f521f470ee','117ZTCK9SEZ5','2012-03-14','2012-03-19','Holt-Oram syndrome'),('16bbf772-1133-4eb5-8bba-6d2a1358ce06','LDPZXV6E5HX3','2012-02-02','2012-03-29','Familial adenomatous polyposis'),('176032a9-b3fb-4dd1-8e1a-fc9d7daa1e5c','RJEH15NJS8ON','2012-02-20','2012-03-25','Joubert-Boltshauser syndrome'),('17bf05e3-0c3a-45f6-894c-24e0996c44f9','IX0KA7YUYQ8P','2012-03-13','2012-04-05','Myeloma multiple'),('1844d279-1eec-4dbd-9028-506632204a38','OKRTV8QSAT6V','2012-01-14','2012-03-07','Christ-Siemens-Touraine syndrome'),('19689511-4055-4f36-b194-be6f8427b4d9','5VY3JVHLW19S','2012-02-07','2012-03-12','Angelman syndrome'),('197681e4-23f1-4fc7-be48-d0e5b19c4792','KWYO0E2741EF','2012-02-25','2012-03-18','VATER association'),('197d8ea5-c47a-4c0b-82aa-dcfa9ee08026','4PJ0POZJOMME','2012-02-21','2012-04-05','Stickler syndrome'),('19d3f22f-ef04-41a5-abd7-5a17f11c625e','W9ZPUL6O38M6','2012-02-24','2012-04-29','Immunodeficiency common variable'),('1a29afb6-2f1c-42c6-8274-36db9421f113','2EMGP79E0WG6','2012-01-17','2012-04-09','Melanoma familial'),('1ac2e0b6-4716-4ed2-b3e0-fcfb08e33efe','B8Q9RAP5OO2N','2012-01-17','2012-03-07','Breast cancer familial'),('1ac853df-4c61-4d7b-8bb7-b3e8ff4e1bcd','ZEDBQ3MEFUPK','2012-01-13','2012-04-21','Isovaleric acidemia'),('1aee8362-07c3-47f3-b48e-a90e34c4806d','PUK6FIZ4C56D','2012-01-27','2012-03-17','Fanconi anemia'),('1bec198c-2b23-48f0-9792-8f436861dcc8','N06YVY8GKXDK','2012-01-09','2012-04-23','Neuroblastoma'),('1bee6b6a-618b-481c-8269-80f193d709f3','74SPU9C44OFF','2012-03-02','2012-03-24','Gastroschisis'),('1c2c8134-c2d6-45fc-b14f-23b999157dcb','J7MX27WVE52B','2012-03-05','2012-03-30','Stickler syndrome'),('1c307a67-88ae-4006-a586-901551faa5d9','8G4LAS2G3KM1','2012-02-05','2012-03-14','Autism genetic types'),('1c44f18a-4747-458e-98b7-0ef8c10539d8','B102PFLFZ77V','2012-02-14','2012-04-20','Hemophilia'),('1c85d225-4445-4dc4-84b5-ec33b0f3a9ad','6EXMBU0XOS49','2012-02-11','2012-04-25','Leigh disease'),('1d29cbd9-9351-412e-9df5-839b50646f5b','LPK1AD6BKVCB','2012-01-11','2012-04-11','Muscular dystrophy Duchenne and Becker type'),('1d2f08ea-da9e-467a-a615-6a7f858ef463','LMVNYB140IGO','2012-03-14','2012-04-28','Adult Onset Stills disease'),('1d52a2d2-ed30-4817-9f73-694b7e19bc54','VIWDHCAESAC4','2012-02-05','2012-04-14','Great vessels transposition'),('1dc0fadb-f274-4fb3-ac5d-7d95d7426ba0','S1YL7F3GLGAO','2012-01-03','2012-04-28','Sarcoidosis'),('1deda4d0-049d-495a-8aaa-6a853adb79ea','YOIFE924FO8E','2012-02-14','2012-03-26','Hypokaliemic periodic paralysis'),('1e467722-6e3b-4554-8f45-4d4d0dc45c36','QUWFQ3IAW2VF','2012-02-04','2012-03-15','Osteogenesis imperfecta'),('1e543121-e1dc-409e-975d-e525d722d755','BZYW4ACSZOGZ','2012-03-10','2012-03-11','Primary biliary cirrhosis'),('1e566267-4a5d-4ffe-9dc6-9503f905d4c5','F9Z86VD1ZO3T','2012-03-23','2012-04-01','Variegata porphyria'),('1e97af05-a948-4d01-afb9-e4aa81a70f50','NAC2GLREOHC8','2012-02-23','2012-04-11','Angioneurotic edema'),('1ebc3991-36bd-4334-b0c1-490658b13dd0','VRUA0565T1KG','2012-03-19','2012-03-01','Fructose intolerance'),('1ebe0ece-2994-4d09-b9cd-e6ed6d32a82a','8NOGSMI6PBCI','2012-01-04','2012-03-04','Albright hereditary osteodystrophy'),('1f14090f-873c-476f-ab37-30bb61dca312','31LD3NTPGQR1','2012-02-08','2012-04-21','Polymyositis'),('1f22439b-ba57-4b6e-aad9-dca92a71de44','ICAH99LQO6EW','2012-03-04','2012-04-02','Familial adenomatous polyposis'),('1fd36625-dee0-4c22-a58f-01e357dd7647','ZOGS62DCQ91C','2012-02-03','2012-04-27','Albinism ocular'),('1fee55be-6f45-49cc-a013-92a07b067680','FSCEYYM2LZVO','2012-01-16','2012-03-28','Adrenoleukodystrophy X-linked'),('20a6c28b-ed31-4b55-8809-8eda958badca','1Q7LHBOW5P29','2012-03-09','2012-03-15','Variegata porphyria'),('20d1f4af-4a0f-43b9-8ae5-d3c3ac4343e5','B1ZRSEREJHRL','2012-01-23','2012-03-30','Nephroblastoma'),('21585b3d-d2db-46ab-9d96-e8912e09557f','59KDA86WN8MS','2012-02-04','2012-03-13','Menkes syndrome'),('21a1a0dd-8cd6-4a7e-bead-b52b84725a51','SLB16PFL1ZQ9','2012-03-05','2012-03-15','prevalence'),('22e19543-cf30-47c4-851d-360ee80d9f66','MAGWX2W2K76A','2012-01-26','2012-04-13','Duodenal atresia'),('2315005f-935c-4a22-8a1b-4b4b3836c650','RUVV3IDQ170X','2012-03-03','2012-04-03','Gelineau disease'),('231a178b-b767-414e-b3a2-e834b900616d','G82P7WP1H0NE','2012-02-14','2012-03-26','Retinitis pigmentosa'),('23bd2752-da31-4bf0-9fe1-0dd8284c2e0f','SC693NJAN1NZ','2012-02-14','2012-03-19','Scleroderma'),('23bf2e09-8a5f-4c38-867f-6005472727c7','RR906VK9VB4U','2012-02-14','2012-04-01','Cardiomyopathy familial dilated'),('24602c3c-9063-4c64-9a9e-8a03bc421d28','5BJ8ZPTGU6G9','2012-03-10','2012-04-20','Omphalocele'),('24696708-c315-4f5a-9537-e8e27f9b2c8c','9EK5P4X431OF','2012-01-21','2012-04-12','Amyotrophic lateral sclerosis'),('24a97870-c978-4870-b485-51c43b5d0bac','0NTX58YX9LTI','2012-02-23','2012-04-17','prevalence'),('24ae75db-e8a7-4130-8ce5-21673fa1e254','H6OEE23E4U1R','2012-03-23','2012-04-06','Saethre-Chotzen syndrome'),('24b4fcda-4c2d-4b6c-ae08-44a27a41e5e3','J8DRYXPY1IGM','2012-03-12','2012-03-19','Dermatomyositis'),('24f69967-e5be-45de-b4f9-20ccdf3e99ca','4NPWI1U9CBK3','2012-03-06','2012-04-09','Steinert myotonic dystrophy'),('251f4ab2-f6d0-4aa1-b0d9-e0b647d127b1','AOCRKF00OAE0','2012-01-26','2012-04-19','Spastic paraplegia familial'),('258bcc5f-4a51-4730-8c0a-5fc0656625af','1HCXG2R2IVRI','2012-01-18','2012-03-29','Leucinosis'),('25cd1147-9cff-43f3-99b4-1c8aaa607561','AELEP85SV4OE','2012-02-12','2012-04-24','Estimated'),('25d428e7-a513-4859-8183-4464149385c1','01R4SXGSEZKU','2012-03-18','2012-04-05','Ceroid lipofuscinosis neuronal'),('25db918e-8656-45ca-8ee7-16c819ef91bb','IEK58GN7TCB3','2012-01-22','2012-03-14','Optic atrophy Leber type'),('263b24e7-c8f6-4cb6-814e-2a46c582262e','RPHXZFR99RGD','2012-01-24','2012-04-03','Optic atrophy Leber type'),('27e2b141-0666-4d85-8760-fa17d5cc785c','9FZUQ2SPE6QA','2012-02-03','2012-04-14','Cystic fibrosis'),('28fd6149-d915-4712-a92f-14e08d910859','J0KEQF6FL0QE','2012-03-24','2012-03-05','Glycogen storage disease type'),('290624bd-244f-448e-8424-7fd54346f5c0','30D5MO2WB8CL','2012-02-26','2012-04-02','Estimated'),('2922d8af-1b0d-4336-9760-3a3824af423e','SQ90A804JKYS','2012-01-23','2012-04-16','Turner syndrome'),('29473e4b-3ea7-44ad-9099-bfe3f99638c6','PPYN0HIDHGZK','2012-01-17','2012-04-09','Hypokaliemic periodic paralysis'),('29aabe9f-8d16-43cf-b9d3-63492758e8e1','VNG1KIBXTX44','2012-01-09','2012-03-26','Hyperkaliemic periodic paralysis'),('29cfecff-edd4-4c69-9584-34633c0c4c2f','V82EF8OB6R2Z','2012-01-03','2012-04-21','Tuberous sclerosis'),('29eccf1e-b2b2-4b85-ad1a-0592391c7b6f','J9DETJWIZFIB','2012-02-07','2012-03-20','Marfan syndrome'),('2ac3f514-f7d4-4322-a984-1e12fc07a105','4HH1895TIEDS','2012-03-18','2012-04-04','Fanconi anemia'),('2ac8ab7f-1414-4d5e-b0a8-6875f5eb78d6','X24RDSKQ1KP5','2012-03-01','2012-03-22','Microscopic polyangiitis'),('2ae8ae56-dcab-412a-8026-7d87fa036e45','E5VABI9SWGH5','2012-02-22','2012-03-29','Acyl-CoA dehydrogenase medium chain deficiency of'),('2c087ffa-ee8a-4b58-a6bc-4cc341a7ba47','9S2Q0SGODXG6','2012-02-08','2012-04-15','Autism genetic types'),('2c588392-f28e-4e3e-8ac9-06a655991346','IHILJ5A531XC','2012-01-18','2012-04-19','Mucopolysaccharidosis type'),('2cffa1d4-8331-4f05-aa2d-83ad1e90c9df','NT7QKFVD3R00','2012-01-24','2012-03-06','Glycogen storage disease type'),('2d99a61a-3b60-4833-b55d-3d7a407e1684','B2W8PSXDUXGT','2012-03-15','2012-03-30','Tuberous sclerosis'),('2db1941d-6e82-49d0-bd12-d10407f7f9bb','KKWTKZ1FFT5C','2012-03-16','2012-04-24','Churg-Strauss syndrome'),('2e27787b-0f35-4974-b512-1e8880f89e47','K93MCQFF4NUK','2012-02-03','2012-03-26','Von Hippel-Lindau disease'),('2e423aeb-fc22-46c4-8e54-1860acc250fb','BYMLI7YZBSJQ','2012-02-25','2012-03-10','Ellis Van Creveld syndrome'),('2efd4520-b784-46ff-a8d5-4c885b45d255','ELSAX2GA2EPJ','2012-03-11','2012-03-18','Acromegaly'),('2f19a569-5dc1-49bb-b719-3aa2ff5b3457','TDMVQ35519WK','2012-03-15','2012-03-16','Oculocutaneous albinism'),('2f8b01ad-d200-41ec-8a33-ff1f59e47020','VC09G2WJJTOR','2012-02-09','2012-04-20','Christ-Siemens-Touraine syndrome'),('2f958fc2-a562-4b87-b76c-0d921852c80c','IPCW4KFJYWSN','2012-03-27','2012-03-26','Hyperlipidemia type'),('2fe51dc0-f66d-4b4a-80c1-dabb64f43e7d','19P26K9FH35V','2012-01-26','2012-04-10','CDG syndrome'),('2fe9f5bd-57d2-46cc-bdc0-5c8550158ac5','NQSNWCKMQM7X','2012-01-23','2012-03-19','Phenylketonuria'),('306b7fa3-afc1-4964-93f1-36c82ef1e16c','HE075VP4DXQI','2012-01-12','2012-04-24','MELAS syndrome'),('3077d99d-bdcf-4610-9df2-3413d73db696','EA5ZRLC3QUUL','2012-02-08','2012-04-18','Diaphragmatic hernia congenital'),('309198ce-504e-4cd1-871e-a2c9131958c7','EVH3EYRHS20O','2012-01-10','2012-04-30','Guillain-Barre syndrome'),('30fa160e-0b9e-478f-a3b5-e7947139fb42','YYPQSPD49D0O','2012-01-10','2012-04-08','Juvenile arthritis idiopathic'),('3191233d-cd53-4a07-8678-8a20da65f9b8','3LSJFQ0H3WLC','2012-01-25','2012-03-30','Breast cancer familial'),('31afd1a7-5006-4089-8933-b460cba1a7fc','8N9FY7EX5X3G','2012-03-07','2012-03-04','Primary ciliary dyskinesia'),('31cb4cc5-bdc5-48d1-a022-9822cc173f73','71XB7D4M0J7S','2012-02-16','2012-04-19','Myeloma multiple'),('321378b9-2c2e-4768-b6fa-334411c60433','1DIH5HAWPW7W','2012-01-02','2012-04-02','Estimated'),('326b2ce1-1df5-48f1-8f4a-96620464bbf5','HETH4EAV6WQI','2012-02-21','2012-03-20','Kennedy disease'),('337fd2e4-adbd-4f02-a843-5bb116bd2c4a','6Z141UIZG53S','2012-03-13','2012-04-06','Autism genetic types'),('33fc3a50-3404-4820-8455-b00226e3e692','P0PB82X50PT8','2012-01-03','2012-03-08','Cataract total congenital'),('34024a93-4146-4f95-937f-dbc6e5b87b7c','A6IBPNOTLVME','2012-02-16','2012-04-05','Delta-sarcoglycanopathy'),('349fc2a0-dad0-40da-907e-f36fda74a3e2','OWM8DD21FXGI','2012-02-24','2012-03-16','Adult Onset Stills disease'),('356f6df9-e43b-4a40-928e-5272fb2bc824','AN7H00CB63DC','2012-03-06','2012-04-05','Cystic fibrosis'),('36098806-6c0c-4101-a986-04b2e22b1f10','4S74XAHS6XXX','2012-03-14','2012-04-07','Isovaleric acidemia'),('36f25bbc-e6c1-4462-a2fe-f7923f558aa0','HGOX64FNUUSD','2012-01-16','2012-03-24','Rubinstein-Taybi syndrome'),('373eb309-d5a3-4691-9d68-4e2b170b7284','NM678AE6RW2Q','2012-02-24','2012-03-12','Ataxia telangiectasia'),('3777ca36-0cfe-46fe-99bf-5e1ad145ec2c','GQGUOH2VHEQ8','2012-03-26','2012-03-02','Multiple endocrine neoplasia type'),('37def921-272e-47c8-b71e-06680a3a45d4','R9GFZ0GWGWQA','2012-03-21','2012-03-09','Emery-Dreifuss muscular dystrophy X-linked'),('3833d480-c164-44e3-aef4-38e338e6599d','ZGWAVRPI2MAW','2012-02-12','2012-03-21','Von Hippel-Lindau disease'),('383df2ab-76f1-48de-8f71-8c3b0d160dfc','ADEMQ305CUBD','2012-03-04','2012-04-26','MURCS association'),('385d4800-3622-4386-91d2-ebde4a9b2009','1L2KNRGFFR51','2012-01-21','2012-04-30','Galactosemia'),('386db07e-a21d-4a91-91e7-6e50e0df9cde','EU3MDARSX8C2','2012-01-02','2012-03-01','Smith-Magenis syndrome'),('387caa6d-755d-4188-990c-092792571f14','SB85TKX9VJ2J','2012-02-08','2012-04-19','Rubinstein-Taybi syndrome'),('387efad7-7e65-48f8-ad28-79e6ed69d30f','IRWARCJOFH76','2012-03-03','2012-03-19','Fragile X syndrome'),('38bc18d5-7b2d-4495-b02a-6e7f9ed38a94','4XZ0QI9YUHEA','2012-02-09','2012-03-19','Porphyria acute intermittent'),('39734dda-dcca-4b09-be43-96a2d77dda53','6OEXIME09WFN','2012-02-10','2012-03-06','Goldenhar syndrome'),('3ad5b89b-b8cf-4156-9185-7c26ae50d85e','G8XYGWDPKUOZ','2012-03-18','2012-03-01','Myasthenia gravis'),('3b46c7cd-ef75-4c3b-9651-7c156fedd6c4','B9LSHISDD4TJ','2012-01-16','2012-04-06','Angioneurotic edema'),('3ba745da-f923-4d89-8295-495e1518bdf6','MSUDF6A5Z7OM','2012-02-21','2012-04-15','Glioblastoma'),('3bba4ed6-c4b9-453b-b33c-d9b398cabf86','UHGWLFZTJ1OR','2012-01-01','2012-04-29','Gastroschisis'),('3c10ae92-c021-4ae7-b660-0d796e5dd803','1VF8PJFV1GKZ','2012-01-01','2012-03-15','Sickle cell anemia'),('3c1544e4-4fdd-4219-a9e2-e54763de62c9','V5EG6D7MCFZI','2012-03-23','2012-04-18','Saethre-Chotzen syndrome'),('3c660d1c-a7e3-48f3-804c-65b8b7a58821','6UYWIBWYGVAM','2012-01-09','2012-04-12','Multiple endocrine neoplasia type'),('3c89f10f-3d46-4aa4-9975-54a944a18110','K4PGLB9G5XSN','2012-01-13','2012-04-29','Von Hippel-Lindau disease'),('3ca1ea0d-9755-4c86-90d6-5b23623d37bd','DLAE0VM3X9UI','2012-03-26','2012-03-22','Ceroid lipofuscinosis neuronal'),('3ce26455-3033-4937-b29f-00d35120ee49','ZDM2DBOQ3CKJ','2012-02-19','2012-04-12','Brugada syndrome'),('3d6ce2f4-a250-4208-a3ee-7ae426fad470','8M3IXBJN6XLE','2012-03-27','2012-03-03','Usher syndrome'),('3e6534a4-1c33-4fb0-b0d1-303b005b497c','BZEET2TOHSI3','2012-02-25','2012-03-07','Polycythemia vera'),('3f362956-9cc6-4c59-891a-cec7c4d3ff75','VCF7X2KSMMMA','2012-01-01','2012-04-01','Delta-sarcoglycanopathy'),('402f522b-f9e2-4405-b577-ad85613e02d6','DJ94XKD2LGTI','2012-01-04','2012-04-24','Lennox-Gastaut syndrome'),('40b6435a-1298-4011-a9c3-234ff09c208c','09MVJZASKOWP','2012-02-10','2012-04-29','Beta-sarcoglycanopathy'),('40e960ed-ba63-4aba-9327-4d44b4914df6','0NUNZ6QXGGVH','2012-01-22','2012-03-29','Multiple endocrine neoplasia type'),('41755401-8392-4379-8b40-883dc9180e8c','WF7KZUI0H2YU','2012-01-11','2012-04-19','Charcot-Marie-Tooth disease'),('41a51ae3-56ad-4ae4-abdc-38349d47163a','IU2ADSYQH05O','2012-01-11','2012-04-05','Amyotrophic lateral sclerosis'),('4252e9f3-947c-4c5a-a9ff-7b7880b9bb3a','6JPDTN9FWT0L','2012-03-27','2012-04-13','Glycogen storage disease type'),('42b2667a-1da4-4a1b-8afd-a9e9fb5cb3ea','AH42GBPYDO0I','2012-02-15','2012-03-04','Beckwith-Wiedemann syndrome'),('42c63b48-4777-42e7-bce6-432524d566d5','2O2RIYBRNVKT','2012-03-08','2012-04-09','Spastic paraplegia familial'),('435436b1-9f5c-4f25-813f-c8c4d9e672af','YJBO3OCGZUC7','2012-03-01','2012-04-24','Glycogen storage disease type'),('43712867-3130-4ec2-b70c-285eb43ede21','6HCHIFP465N9','2012-02-08','2012-03-03','Sickle cell anemia'),('43e846f3-980d-4706-9a37-645738b428a4','BDV75FTL2H9U','2012-01-13','2012-03-05','Glycogen storage disease type'),('44957b05-da0e-4be8-a441-5fe9fb0fcfc1','7P8XIFBXJX95','2012-01-13','2012-04-05','Mucopolysaccharidosis type'),('44bd9612-453f-47c5-9a82-3248a7d78cca','OMB5N44Y7K30','2012-02-13','2012-03-08','Cat-eye syndrome'),('4520abde-7573-4d33-bdd2-a49d8ef508a0','B99D8DKATEU0','2012-01-16','2012-04-06','Juvenile arthritis idiopathic'),('45b28d36-e72e-450a-9ff6-3ebe1fa4f768','ENOJC4OLYOXC','2012-03-19','2012-03-15','Supranuclear palsy progressive'),('461a2f1f-3012-4b10-bdf1-83967e8bfb2b','N8PARF3NZMTW','2012-02-18','2012-04-20','Behcet disease'),('4643d3b5-575d-461c-9646-00a9359b92f1','IHZLA2CIDSER','2012-02-27','2012-04-01','Achondroplasia'),('467fea7a-fa02-4916-a6df-a5d5d2a3a957','GKDZBLDAU4Q2','2012-01-13','2012-04-28','Saethre-Chotzen syndrome'),('46f2608c-55a2-4a0d-8d7a-277fdf78cc6e','NDR9FKP000MN','2012-01-08','2012-04-14','Spastic paraplegia familial'),('472ec955-e2fa-47cf-9436-58d2a0820526','CC1FVJN3TAQG','2012-01-23','2012-03-27','Goldenhar syndrome'),('47317266-bdab-4974-bf4c-6ca3380a02f5','96IBP3Q0HMW9','2012-03-24','2012-03-07','Hirschsprung disease'),('47f2d1cd-a08f-47fb-936f-08b40887f142','XLBNOYTNEXVY','2012-03-15','2012-03-02','Cataract total congenital'),('48419df5-6512-4b5a-9439-8125ac0d8216','YO0AG26VJPEE','2012-01-18','2012-04-30','Turner syndrome'),('486cafa2-c11b-4f09-b053-dda8aa79ade0','VMHJ0NYD7Q6X','2012-02-21','2012-04-13','Behcet disease'),('48bab89a-7f6f-40ac-9a4f-7becf77691fa','ZLUX6EGPDTI5','2012-03-09','2012-04-26','Usher syndrome'),('48c49d1b-ac56-4332-90d3-65cf5d651a2f','SBEI4EAYEBO6','2012-03-13','2012-04-02','Apert syndrome'),('493f6c83-937a-47a6-b6e5-1d92153d598b','OHP8PSZIM16E','2012-01-24','2012-03-12','Sclerosing cholangitis'),('498a4037-706f-4a64-aa13-670ed8fcfbf4','JU8DCZ6WLCGO','2012-03-17','2012-04-10','Zellweger syndrome'),('4aa0e4ac-1817-42bb-9b26-cfe41848ab3a','EXNBNOE1K372','2012-02-26','2012-03-18','Melanoma familial'),('4ad507d3-8069-433c-959e-fdc28987080c','GR0IG1X2504N','2012-03-20','2012-04-11','VATER association'),('4aee7111-26e6-4a60-bd61-d2510f6af04f','F672133V9Y0R','2012-02-21','2012-04-01','Albright hereditary osteodystrophy'),('4af49d39-83a0-4c44-b603-76cd54ec1d7f','IZ0RJYY4MKA4','2012-01-21','2012-03-11','Neuroendocrine tumor'),('4c87dd0b-b652-4538-a3f2-e36136dd9192','STXFF3YT8CSJ','2012-01-11','2012-03-19','Chondrodysplasia punctata rhizomelic type'),('4ccd4789-d77f-427d-aa34-786b6e489694','K7CCB85HMKKR','2012-01-02','2012-03-02','Apert syndrome'),('4ccd8251-7d60-44a6-af80-2cd11e792a1e','HFTSPL0LVDCN','2012-02-02','2012-04-16','CDG syndrome'),('4dde7035-b192-4d22-a3c1-02df42c3ba3b','L3EOJUTQF1JY','2012-01-02','2012-04-09','Churg-Strauss syndrome'),('4df56e86-dd26-4563-ab64-f79126509219','F9FDVS3DGBWB','2012-03-20','2012-04-12','Beckwith-Wiedemann syndrome'),('4e788517-caa3-4ba7-9e1f-9c95c4c382a6','O2KA00LIANRG','2012-02-16','2012-03-26','Churg-Strauss syndrome'),('4e85c846-9d9b-4e55-9e75-87d3402f33fc','60HFGADAFX0G','2012-02-16','2012-04-17','Delta-sarcoglycanopathy'),('4f055576-5d9d-47d7-932c-b22b019cc383','EMRI5Z09NHFJ','2012-01-24','2012-03-12','Delta-sarcoglycanopathy'),('4f55fd5c-6ac7-48b6-88de-c2ec52fd0d11','NTQ5SA86P3AH','2012-02-05','2012-04-02','Glioblastoma'),('50586598-82fb-41a8-b3d0-53a987623728','P394WNKC1M45','2012-03-01','2012-04-03','Microdeletion q'),('50a385d0-c568-401a-8cd2-d8b02bc55bb0','IQJ63SKNCI70','2012-01-15','2012-03-09','Waardenburg syndrome type type and type'),('50b61300-1338-4c9d-8023-4bbfb229c57b','54MJLKJ9P62X','2012-01-16','2012-04-28','Alpha-sarcoglycanopathy'),('51143f73-46da-45f0-8260-958865346710','1ODZ00QSRNCY','2012-03-23','2012-04-01','Williams syndrome'),('512b78c9-633a-4eab-ab16-312320903ac3','QXPCHJEH5B1Z','2012-01-27','2012-03-29','Steinert myotonic dystrophy'),('5185c865-010f-47a0-a28f-69de880304a6','HA3GPTZFM60V','2012-01-10','2012-04-20','Autosomal dominant spinocerebellar ataxia'),('51d36a45-5fff-4e7d-b79c-72e9ad3759d9','YEP2QPZK3VQ7','2012-02-19','2012-03-17','Stargardt disease'),('51fbf855-f436-4249-9305-6a598da1a0be','PLVADKN8QS11','2012-03-19','2012-04-03','Disease name'),('520cd2c8-195d-4080-b759-2ffe05aec6ae','BD8YAOHK6VEW','2012-02-17','2012-03-26','Myeloma multiple'),('524cb487-ed08-478c-b8ee-6ab7c29a5024','MP6AN1I26BW3','2012-01-03','2012-03-18','Polycystic kidney disease recessive type'),('527148b3-e740-46d0-b8f5-3ad5d6b0684c','A38YMPWGGJAM','2012-03-12','2012-03-08','Multiple endocrine neoplasia type'),('53424460-e9a0-44fe-8de2-e9e7b57617ec','9LGDB52ZN1WP','2012-03-13','2012-03-02','Holoprosencephaly'),('54cb09c7-de4d-4930-a4a5-7865999cb842','D74R9E1L04X5','2012-02-19','2012-04-15','Estimated'),('555812f5-0e1c-4b88-adc2-a72cb46d0f18','V4W87OX4JXGD','2012-02-16','2012-03-02','Neuroblastoma'),('55ed14a2-92ba-4323-936f-ece2ece4093c','TV31FS63TVCX','2012-02-14','2012-03-11','Kennedy disease'),('56d7163d-c8b3-44f6-9d93-9abd188cf568','414B840W3END','2012-03-06','2012-04-19','Variegata porphyria'),('572652c4-eba5-402e-a4ff-dcf8599353c0','30KOZLTF253V','2012-02-11','2012-04-07','Duodenal atresia'),('573b853f-c3ba-4ad6-8c7e-a1d35538d86f','B4Z5GKAY8K0U','2012-02-05','2012-03-23','Breast cancer familial'),('57fba152-042a-40ed-8a80-9286f5cbba9b','Y4UZG3TNBLBD','2012-01-10','2012-03-12','Glycogen storage disease type'),('5856242e-5a68-4de2-9c01-e6ffdc538e71','GR313TDXCT0G','2012-02-23','2012-03-05','Albinism ocular'),('585b4729-882f-4a8c-bbcf-c11146e912af','1I41O2ZYZLJA','2012-03-23','2012-03-03','Stickler syndrome'),('5952d8b6-d7af-4a35-9ce7-fd27e043ae1d','COEDETHHRXS0','2012-02-10','2012-03-06','Dermatitis herpetiformis'),('5963f343-6986-4a36-bc8b-9a29c6956340','K2JI1FNJKG9F','2012-02-22','2012-03-13','Alzheimer disease familial'),('5a7ac1da-2158-4035-b4b1-316d8963af39','9XRRGJ89Y8C8','2012-03-25','2012-03-14','Spherocytosis hereditary'),('5aa98aba-d0f1-4468-b7e1-3fe83c718d1a','4RJ3W5UROC57','2012-03-08','2012-03-12','Beta-sarcoglycanopathy'),('5b4d8966-e276-4bcf-bbf1-94b5cc9c06a0','SJTY928SAPSV','2012-02-25','2012-04-23','Darier disease'),('5c0a246f-5711-4a18-934a-f410e4a78aff','916I0R75RSGC','2012-03-11','2012-03-09','Glycogen storage disease type'),('5cda09ee-c719-4777-a975-2142c75e2ee9','SE8D0TF48YYP','2012-02-01','2012-03-04','Thomsen and Becker disease'),('5d479386-96e4-47cd-9bd3-d705b4966f10','WBA4VDQ7559O','2012-03-23','2012-03-08','Variegata porphyria'),('5dfa2e8d-10a6-48ab-9e28-509022d59ccf','FJJLVPTUH4XR','2012-02-10','2012-04-29','Fructose intolerance'),('5ee52395-7a23-4dc3-b3fd-d969ee2d9d04','GWCYMINBH12K','2012-01-27','2012-04-28','Autism genetic types'),('5f1b9c13-530f-4bb2-8d27-ff3c733ba98f','HRXU4YKNSYBF','2012-02-25','2012-03-04','Porphyria acute intermittent'),('5fbc948d-b4a8-4a95-8d5e-734bf2c746f3','DZI9NZ6QIHA5','2012-01-16','2012-04-05','Propionic acidemia'),('5fc85168-f538-4c08-99ec-fc3ec262bcb8','KO91XL5V4DWT','2012-03-22','2012-03-01','Niemann-Pick C disease'),('5feacc41-26d7-4d63-b028-670afc890cbf','1YP2QE5HAILG','2012-03-25','2012-03-03','Kennedy disease'),('60a7e8f1-4c0d-4d02-a5eb-46260a9ada9f','9X5WNHNBMN92','2012-01-25','2012-04-14','Oculocutaneous albinism'),('60afdfd5-bde2-4da9-b9e6-3a9d4005f77a','K6GKTOEL5449','2012-01-08','2012-03-05','Neurofibromatosis type'),('60c074c9-f63c-4d5e-b14d-44890b86c676','R02URDJ5OJOH','2012-02-07','2012-04-06','Charcot-Marie-Tooth disease'),('6164795c-129a-4164-8462-88cdcc5c6226','N6XR3XK7BY3Z','2012-01-15','2012-03-02','Autism genetic types'),('62290883-52b2-46eb-8b29-71608ef6d7bb','QCDI9TV9DR5L','2012-03-05','2012-03-07','Hodgkin disease'),('626d24d9-d0f5-4704-9032-bc085b1d8330','QDS3FFWAROGC','2012-02-07','2012-04-13','Ellis Van Creveld syndrome'),('629afb3b-674e-4939-a36b-672deb875356','A6GPN84RFGL8','2012-01-13','2012-03-20','Ceroid lipofuscinosis neuronal'),('62c2046e-da4b-47cb-b494-57541970f6d3','JWRHNO43QJSM','2012-03-13','2012-03-27','Osteogenesis imperfecta'),('62e796de-5c87-4466-991c-34fa734d2144','LDYJNN0JX2GP','2012-02-06','2012-04-29','Systemic mastocytosis'),('62ebc61c-2883-4709-9e8f-5b2d97be2611','3IGTWLOJRKQS','2012-03-25','2012-03-06','Dermatomyositis'),('630df682-23ce-4b3b-b9b6-3e6e6970e3bf','G4099D7KJ0AN','2012-02-27','2012-03-10','Aniridia sporadic'),('63af4fd9-d57d-4d68-9808-27ba171c3b22','Z6J0X5EYDQDB','2012-02-14','2012-03-16','Angioneurotic edema'),('6446408a-7c93-4757-8743-6a1be3c2e2c6','RBJ8B1D3FT8M','2012-03-10','2012-04-10','CDG syndrome'),('64858550-0c0b-4886-8f24-80d53cbccdee','HWYOIAXP5OXR','2012-02-08','2012-03-23','Goldenhar syndrome'),('64d95dcc-462e-48ed-b547-35cc9dd29c82','38C3KVTNG4VO','2012-02-15','2012-04-26','Ceroid lipofuscinosis neuronal'),('651b097c-8ab3-49b8-a770-5174be239e33','UXX8XHJ1D8AT','2012-02-10','2012-04-12','Neuroblastoma'),('658abff4-8703-4748-897c-9be5d690f071','MIZAB0HFF6U1','2012-03-12','2012-03-12','Angioneurotic edema'),('66b09643-0e53-40f0-8911-ac2a281057f6','84N46VXBJI7G','2012-01-06','2012-04-15','Apert syndrome'),('66cc1098-af93-4601-ac09-624ba9493be8','X7YK184U6LC5','2012-02-02','2012-04-13','Hyperkaliemic periodic paralysis'),('6700f47b-aee5-4b75-a683-1ea4ad5af3de','T6FNSUPY20PA','2012-01-14','2012-03-22','Albers-Schonberg disease'),('67419422-3d5f-48b5-ab37-e05b4930deb3','V3VRC9QE7YRQ','2012-01-14','2012-03-30','Dermatomyositis'),('674b1ddf-d61c-4d9a-a0b8-65f6ec086d4b','2KIJITSRBD1N','2012-01-17','2012-03-28','Trisomy'),('674c8294-b978-4b55-9123-cad7673b864b','YB896U5ANAG5','2012-03-03','2012-03-03','Stargardt disease'),('676697f5-961b-4f84-9fff-fd1ceb6e798c','WH6RTDBLXX64','2012-02-10','2012-04-30','Fabry disease'),('67971c19-8b72-4e0e-9e48-8a4d3b46e67e','90O3YM5KYS80','2012-01-05','2012-03-16','Fragile X syndrome'),('68682d35-3342-4d1d-9a02-9ebe418d35ff','2KZCCF23UOU7','2012-03-18','2012-04-15','Duane syndrome'),('6938e60e-1888-48b7-a163-407e859decd4','G0CEEN2GFPSW','2012-03-01','2012-03-14','Klippel feil syndrome'),('694da2d3-376c-40b4-abe3-83e1f63c68e3','D59BG2CARMFT','2012-03-24','2012-04-19','MURCS association'),('69549fce-fbbb-4e4c-9111-721422f2e005','OQ1T5LRVTGX1','2012-01-18','2012-03-05','Gorlin syndrome'),('6984eba7-9515-4bd6-9dd8-7525840dc8ec','TW065VBFTD8X','2012-02-24','2012-04-12','Muscular dystrophy limb girdle type A Erb type'),('6ae0b68a-fd1f-423c-bcc3-a6b9f9623a41','9PR59J99I97Y','2012-01-09','2012-03-15','Albright hereditary osteodystrophy'),('6af3d7aa-6573-4d2f-b9dc-d5018f4e3214','RHNO4QZIK2I8','2012-02-24','2012-04-23','Duodenal atresia'),('6b2cac82-38d7-4d96-8482-d554c3ade32e','B5MT5ZG7DVVV','2012-02-05','2012-04-09','Fanconi anemia'),('6bf0d16c-725e-47e4-8b3e-a0919f7dbf8f','42S0AOBZZ8L3','2012-02-25','2012-04-21','Marfan syndrome'),('6bfe57ee-8d9b-427d-9512-693a705779cc','75PRRHBTCIOW','2012-02-16','2012-03-23','Fructose intolerance'),('6c4ed13a-99ea-46e4-9cd8-9479dcf7d814','UKDKX7EP5QA3','2012-01-20','2012-04-23','Sarcoidosis'),('6c61e87c-4f97-4196-914d-6454784489a3','QTX3NB6Z3ENQ','2012-01-20','2012-04-12','Scleroderma'),('6c7dc413-f31a-49d3-9653-cc00bd2c8c08','3ZGVRWQO3ZJS','2012-02-14','2012-04-16','Estimated'),('6cb7c969-7ec1-42f1-bfa3-28158787b3b7','QOKSAO0NUBVU','2012-03-02','2012-04-23','Gorlin syndrome'),('6cb8a99a-8d44-4c9c-a17d-bf5343fb1ded','JX2BC6ZRTXJO','2012-01-05','2012-04-27','Usher syndrome'),('6cce8a7e-8c61-49cd-8fc8-339854b12cd2','XBO5T1GCO6Q6','2012-02-10','2012-04-18','Leucinosis'),('6d1043fb-6a25-4483-bd56-791eee262a5c','EXV7Z9QVLKFL','2012-03-27','2012-04-29','prevalence'),('6d36edee-698e-4e20-b0f0-5ca259b3a145','G62UKM7YR226','2012-01-15','2012-04-06','Propionic acidemia'),('6d3df7ac-bc81-47e2-b977-91f24de44bcf','UC6KNV7C7EC2','2012-01-08','2012-04-09','Treacher-Collins syndrome'),('6d464054-677e-471c-a4b5-5551c6607a0d','ZSEMGFQVJGTY','2012-02-26','2012-03-26','Oesophageal atresia'),('6d967364-e6fe-4ba4-a0a7-c8bad442f143','E024948441M5','2012-02-22','2012-04-16','Immunodeficiency common variable'),('6e7c0a5e-23e0-45a2-a6cb-44106456b460','FQ6WSEBH33O7','2012-03-02','2012-03-18','Churg-Strauss syndrome'),('6e93a946-0db3-4f26-82fc-8595fff35d0c','F57U8RB7KF5Z','2012-02-21','2012-04-02','BOR syndrome'),('6f5d546d-495a-420d-8226-61203e971b7a','53DLAK4X9SYS','2012-02-22','2012-04-10','Emery-Dreifuss muscular dystrophy X-linked'),('6fda363e-6bff-4a33-a13b-af40316da4b1','BFSJ9UZRUD97','2012-01-12','2012-04-30','Pheochromocytoma'),('7046b170-02a8-40c5-9a25-37cf83804a1c','NJ3AFHLGVLP5','2012-03-21','2012-04-30','Microphthalmia'),('70b6c95e-2af3-4285-b917-f124ae14ade7','P337G3ABOHXI','2012-02-07','2012-03-30','Duane syndrome'),('70c33c38-a375-42c7-ae56-770d4a323275','ORXK4VR49UDX','2012-01-27','2012-03-12','Neuroblastoma'),('70c5db7e-6361-4018-8b4f-ffafdf7322a7','TWFZ1SGKYLY7','2012-01-23','2012-04-29','Gastroschisis'),('70e6121d-cbc9-4257-8d76-633e2b122955','UWFMF4XGBP4N','2012-02-26','2012-04-21','Behcet disease'),('70f8adf6-822a-479f-be95-53956e22107c','H0WCS2739QAY','2012-02-20','2012-04-24','Cardiomyopathy familial dilated'),('71a40b06-35cb-4c8e-a379-05dfcc34cf55','8K3R4ZXJ62DO','2012-03-02','2012-04-07','Primary ciliary dyskinesia'),('71ff93ea-6d59-4cb5-92df-2e71843cd0ce','V0T3Y6BSKKDP','2012-03-09','2012-03-27','Rett syndrome'),('733fb3ac-557e-421b-8ac1-2f15b03f812e','36RQMA7IWHEL','2012-01-01','2012-03-12','Neuroblastoma'),('73437762-1d12-437f-9189-f8bfdfbd1d87','N5RTE0GZNH2F','2012-01-07','2012-03-28','Duodenal atresia'),('73636ed7-c682-41ed-8d92-c3f848e442b4','271DVWFOTMBQ','2012-02-01','2012-03-24','Cataract total congenital'),('738337e2-6242-4e9f-a6af-f47ce33fc43a','2J3KB5UABDKM','2012-02-12','2012-04-18','Dermatomyositis'),('7416db14-762e-4e07-9921-b3a72410c867','NX60QE2LN01I','2012-02-13','2012-04-14','Beta-sarcoglycanopathy'),('74326fd1-cdcb-45e9-a033-36d82512b57e','ET8A1SUTYNXM','2012-01-22','2012-03-18','Estimated'),('7496199d-ecf2-447c-8787-f45f944b875d','GMLL39HMCLQR','2012-01-19','2012-03-23','Huntington disease'),('7520a181-da2d-4177-84c3-8f1cf8a6c432','RA668S51QKKJ','2012-02-15','2012-03-13','Cornelia de Lange syndrome'),('75aa64e6-cf26-49a8-8a3a-e52502b151e6','GA3EAS6TOCW1','2012-02-26','2012-04-13','CDG syndrome'),('75b10ef8-d6cd-41a2-8f61-5e3f0e3c5acb','DA9FUBLSHJ2U','2012-03-26','2012-03-17','Cystic fibrosis'),('75d8ceb8-0a97-4430-919f-0434919f0c39','SLSCCHUYQGGD','2012-01-20','2012-03-02','CDG syndrome'),('75fe2a9c-b821-4d06-9c15-1282b3335511','9BKZQUSWUOO4','2012-03-16','2012-03-03','Glioblastoma'),('7651a16d-4414-495d-a4bd-c2f20ce82e34','IJBD8CCZNZJK','2012-03-17','2012-04-11','Sickle cell anemia'),('765e5926-6913-44ef-b65a-4bf3733eac30','VM5DIBFV5Q6V','2012-02-05','2012-04-20','prevalence'),('7712f4d7-4994-48b2-87e6-a346d35c8df5','W8ID6QNS1S9S','2012-02-02','2012-03-27','Adult Onset Stills disease'),('7722d1fd-7132-4caa-b814-0f79104dbee6','VCW7NO3KPLAY','2012-01-23','2012-04-26','Beta-sarcoglycanopathy'),('772eff4d-174b-436d-8d89-b17d5f1aeb58','CATNOXDPQ3Z1','2012-01-02','2012-03-30','Rett syndrome'),('7767a71e-2c22-43b0-8a90-113efa6d64cc','2HHRMRSH4OZT','2012-01-01','2012-03-02','Turner syndrome'),('7772eaf1-6474-47ec-b504-9d93b6d35329','PYRY1VX6HTPF','2012-01-01','2012-04-07','Klippel feil syndrome'),('777f1970-c8cd-42ea-b6a9-5f80da22c1dc','P8MO3S8NULXH','2012-01-12','2012-04-10','Neuroblastoma'),('7793ad26-bec2-4c56-b0d7-afbc7146850a','DD2QU6T35GTZ','2012-02-16','2012-04-06','Gaucher disease'),('77945a0a-3f79-4f5c-bc62-8f08d1efee31','TNQCYIYNR2KJ','2012-03-01','2012-04-30','Apert syndrome'),('77a41b08-0549-4283-aa8c-e1709d8cce92','M8IFW4C2U971','2012-02-25','2012-04-16','Immunodeficiency common variable'),('77bf3253-3b94-475f-93dd-bc531b6b1541','HX3OAKVUI8FR','2012-02-08','2012-03-23','Proximal spinal muscular atrophy'),('77d6746e-3d2a-4f04-b6c0-54d7655cd79f','MCL4BTNBIJIL','2012-01-13','2012-03-07','Williams syndrome'),('78183af9-86ca-49e9-affa-44faa454610d','JE3DXVPYO8JY','2012-03-16','2012-04-03','Usher syndrome'),('7855f5e9-799c-419b-8c4f-063fd759a910','FA2GIHK29LQY','2012-02-18','2012-03-24','Nephronophtisis'),('78638cb8-9fff-48f2-a32e-a50807cd20a4','KWZL74M9X4Q3','2012-02-07','2012-03-14','Great vessels transposition'),('78e1f97e-5375-428d-b20e-d08420b9308d','Z59E0FD04J95','2012-01-16','2012-03-10','Glycogen storage disease type'),('79715f65-18b4-4dcf-97c2-201ce1303b11','A51RT45P9O3L','2012-03-17','2012-03-29','Myasthenia gravis'),('7a3f9647-f14b-4534-9bfa-046492439abb','J3PPDOE2U1IC','2012-02-16','2012-03-07','Langerhans cell histiocytosis'),('7a448b75-0eb1-418a-8e00-49850b59d8aa','P7T8TDBJOY4S','2012-03-02','2012-04-12','Kennedy disease'),('7a7d3756-8a8f-42be-b9b8-020087527cde','4GZ1JIL6HMLC','2012-02-13','2012-04-12','Oesophageal atresia'),('7a9bebb1-408c-4b0e-991e-d9cc61caab40','RP7U4PK5H4WA','2012-01-09','2012-03-16','Marfan syndrome'),('7b093e07-02be-4cd3-b368-55c3ab821d2d','XMDOKEHKNTYV','2012-03-07','2012-03-14','Hypokaliemic periodic paralysis'),('7b1d4fdf-c57e-4c97-b145-17bc33ded5b2','75MS5HETUC77','2012-03-24','2012-03-07','MELAS syndrome'),('7bb2661d-c401-4fd7-a61d-823a5871da73','5RJ2NHLA3CXK','2012-02-16','2012-03-26','Supranuclear palsy progressive'),('7bce8224-6dc5-4c2a-881d-c1f04cd425e2','CMU4C144HKPC','2012-01-18','2012-04-04','Bardet-Biedl syndrome'),('7bdef497-056d-4399-92c9-230dc9fad56e','FEBC4KOGRWZ3','2012-01-06','2012-03-30','Spastic paraplegia familial'),('7c60d9ab-f54a-4848-be76-78ef7fed78de','FYDGV43NS0JC','2012-03-07','2012-04-19','Charcot-Marie-Tooth disease'),('7c875ba5-5269-4512-a04f-aba850eaa998','R826ASJJ5M5M','2012-01-18','2012-03-12','Mucopolysaccharidosis type'),('7d06d38e-ef84-4f97-94e9-4bd5ef367f8a','LHTBEATIID3K','2012-02-09','2012-03-17','Brugada syndrome'),('7d3354bd-b811-4363-93c9-08ad4b2577b2','CX2XKSHA34YM','2012-03-25','2012-04-03','Poland anomaly'),('7d355a33-67a0-43d1-9faf-cc2442b3512c','I4NBT6B0U55A','2012-03-21','2012-04-17','Mucolipidosis type'),('7de013f8-2ccf-4c82-8434-5b56ae028f9d','590X38HIPP1S','2012-03-18','2012-04-13','Williams syndrome'),('7df24f45-b433-46d3-b1f0-ea8cd9590ac0','VBNQNVN3CQL4','2012-01-12','2012-03-15','Apert syndrome'),('7dfd3762-132d-40ec-ac28-56a4a6261326','FKJ7WNYVDR1M','2012-01-05','2012-03-13','Muscular dystrophy Duchenne and Becker type'),('7e0a0738-4e78-4b04-b0c5-15ff3550b23a','V2PRM2QD0F97','2012-02-19','2012-03-11','Alport syndrome'),('7e752655-7f2a-4f93-b83d-6c41c934a79a','X3QR5FTMV3UU','2012-02-18','2012-03-13','Pheochromocytoma'),('7e87914b-1dfc-4abb-bb97-d01a5686dd3e','AXEMLBFBO7NS','2012-03-04','2012-03-11','Duodenal atresia'),('7ecc0e06-db40-401b-b9b4-3b705b91b269','D6IZB73QYDW7','2012-03-23','2012-03-05','Pierre Robin syndrome'),('7efa4247-3435-4937-bce9-9ff7568b9746','DLVB9EGZSRZO','2012-03-02','2012-03-30','Diaphragmatic hernia congenital'),('7f412aad-d51b-4585-8cdf-c6df9c339b9c','FWVXZELGYYX1','2012-03-22','2012-04-19','Duodenal atresia'),('7f81c544-c1d1-4431-a909-bd39f9f4f995','9KLH664DP3O6','2012-03-18','2012-04-18','Glioblastoma'),('7f826df5-15c2-4277-bbe5-032e42cbc9b2','X2XILLSCOONI','2012-03-08','2012-04-03','prevalence'),('7f8ee42f-8677-4560-af27-2bae6fa71f33','Y3Q5TTB52W5B','2012-02-02','2012-03-30','Non-Hodgkin malignant lymphoma'),('800ae272-6400-4a67-9a4f-128b5d44c166','FO1P1P2M784N','2012-02-06','2012-04-16','Multiple endocrine neoplasia type'),('8042716b-2f00-4469-9d34-2182b12dee7e','NTM8WDB5L8CU','2012-01-27','2012-04-23','Joubert-Boltshauser syndrome'),('81bd067e-eab7-47ec-95b1-5624b56825b1','WAS1C65P5LKT','2012-01-13','2012-04-14','Polyarteritis nodosa'),('82ca944d-7183-43d0-a7d7-baafe4080478','D6V7BEECL12K','2012-02-05','2012-04-27','Duane syndrome'),('831c0971-c7cc-4514-8865-7fc1ea1dcc15','G2L5LYGBBB1I','2012-01-06','2012-03-01','Scleroderma'),('837f8051-a802-4f9f-9942-eb2099fc90f7','ETFVSTDDYL95','2012-02-01','2012-03-26','Smith-Magenis syndrome'),('83bb815c-7506-409b-8373-e3288c6f8ea5','6NC1UU7WXAY6','2012-02-25','2012-03-19','Galactosemia'),('841a6d28-60eb-4f7b-8bad-5ea00c0020e1','UYTPQOA31QJ7','2012-01-06','2012-03-10','Kartagener syndrome'),('84564036-fed6-47ea-a4e0-e33b5d6a720b','KIVLC5IJVV5U','2012-03-02','2012-03-11','Deletion p'),('84c4ba2b-b188-47ac-910c-2593f4a93d4e','8XMHUN82RJJ5','2012-03-23','2012-04-04','Ceroid lipofuscinosis neuronal'),('84debcd6-a495-402e-b3c3-0790dc16744a','41V8VK5CLM21','2012-03-03','2012-03-09','Pheochromocytoma'),('8501a772-63f7-4592-89f8-f778b99ec154','ZHG2QVDQXUE9','2012-01-11','2012-04-02','Guillain-Barre syndrome'),('8517835c-03ed-4de7-8793-aadce4f9f659','E5GBJR7X8ZU9','2012-02-08','2012-04-25','Protoporphyria erythropoietic'),('852be4b9-ffa9-45b3-9597-631cb2afdf90','OXUWKVTMHLEC','2012-01-22','2012-03-09','Bile ducts paucity syndromic form'),('85635092-c066-422c-bcfd-2ececed4ece6','OX6AD2RLKVSY','2012-01-13','2012-04-01','Fabry disease'),('85a7027a-11bb-4bd3-8ade-302fa52223c0','K25NH2N25VJ8','2012-01-08','2012-03-15','Marfan syndrome'),('85b6fbe0-246e-4fb3-9f9b-de3cafe052c4','DE5P567NDBF3','2012-03-22','2012-03-20','Propionic acidemia'),('86006c6b-0845-45a8-8779-790dce9f1321','DZ8GHZLBEJLT','2012-03-11','2012-03-17','Angioneurotic edema'),('862c8d50-ba25-4c9b-82ed-fc928a974e07','X95PHC1EK396','2012-01-01','2012-04-14','Brugada syndrome'),('872a6ac1-c976-4f9b-a6fa-afebf803f930','W5DQ7PVQM0TG','2012-02-26','2012-03-21','Glycogen storage disease type'),('8730df7f-5cad-432c-9ae6-a0718ff72762','RD50SJH3Z4UH','2012-02-15','2012-03-28','Niemann-Pick B disease'),('87a2abd5-351a-4335-bbcb-2d4799c87e0b','TV48FZUJ5IHY','2012-01-15','2012-04-17','Guillain-Barre syndrome'),('87e7d198-e0f5-4b72-aebd-df2834df62a6','XFUKAOGY0W21','2012-02-23','2012-03-08','Congenital adrenal hyperplasia'),('88ae68e1-ea19-4af6-b96f-fbc8e9a0519b','A6UQ5F3YWXGR','2012-03-21','2012-03-29','Klippel feil syndrome'),('88bffa23-3aa3-46f0-8c3f-11a15c7a628a','WRJA0WJU9FGE','2012-01-19','2012-03-18','Cardiomyopathy familial dilated'),('893da414-5cd6-463d-b6e3-d4881b8a94b0','XNDKMUAMG5TK','2012-02-18','2012-04-24','Cystinosis'),('89c94b03-7c77-4af0-aecc-75b89ce8bba5','IPAMS0BQYWIP','2012-03-26','2012-03-14','Lennox-Gastaut syndrome'),('89f40986-65da-4ae3-912d-68d08f1daf90','YX4SDA7601GQ','2012-01-20','2012-04-09','Leucinosis'),('8aaa5331-b160-44bd-977f-edf3d2d1e7b8','R0QT00UL1K4B','2012-03-05','2012-03-21','Guillain-Barre syndrome'),('8aca2023-56fd-4098-9be8-cc4466c8524f','L3F5AP4YBBEK','2012-03-02','2012-04-17','Zollinger-Ellison syndrome'),('8bb53010-d38b-499a-bbac-39efe9907003','GR969NZ6LUG5','2012-03-20','2012-04-13','Albinism ocular'),('8c463873-57bf-4aab-ac82-a02d54dc49fe','UVTXL1W194XG','2012-02-22','2012-03-15','Leucinosis'),('8cab846c-f898-4d1c-9440-f60604183274','TYOTRPGNLY2R','2012-01-04','2012-04-13','Fragile X syndrome'),('8cef73ed-89b1-434c-80d0-59e177e30c82','WUK6FHCWTIX0','2012-02-22','2012-03-28','Achondroplasia'),('8dfe9237-04f2-4c73-b13e-725680ff7c91','9FGK7LIU2PDC','2012-02-18','2012-04-23','Retinitis pigmentosa'),('8ebf8355-64b1-4448-91a4-28f29f7cf3ee','W55BYK5HTLX1','2012-01-16','2012-04-04','Great vessels transposition'),('8edddebf-8e80-4bc4-813b-b0d8b43b0d8c','Q23LMOW269M5','2012-03-13','2012-04-27','Bullous pemphigoid'),('8f0e34dd-430e-415c-84ea-329694eb6d21','RTWPI1XHWS51','2012-03-05','2012-04-28','Bile ducts paucity syndromic form'),('8f58e08e-3b8b-485f-aa15-3c5772c66bea','9YG8L6I67V4E','2012-03-04','2012-04-10','Holt-Oram syndrome'),('9000300a-24f2-4fc5-ba2c-05497467ff84','ZA0NP3ZMZIPE','2012-03-24','2012-04-04','Estimated'),('918eaf4c-8d4c-44bd-8488-cb9df0c38c13','U1ICP8CBZSYJ','2012-01-13','2012-04-30','Focal dystonia'),('91b9b2d2-5bb0-40d0-8592-637191bb2b38','ZP5GAXOXBGAL','2012-01-22','2012-03-12','Cornelia de Lange syndrome'),('920263b6-f398-4873-a805-89b403b933a7','BP3GY2RVDF7I','2012-01-26','2012-03-13','Juvenile arthritis idiopathic'),('92a2d6f9-053d-47c9-b1c5-afd55bea52a6','TXXDW3ZD3203','2012-01-16','2012-03-26','Niemann-Pick A disease'),('92c27bcd-752f-4da3-a19a-c2ae80644e12','42XYL45FR799','2012-03-08','2012-04-28','Lennox-Gastaut syndrome'),('93588f65-fc42-43ed-b2d8-a52097f3417b','F8N7066ZMXAX','2012-03-15','2012-04-08','Disease name'),('93ad9125-e1d6-4879-a99c-64e9c5c8e7eb','51SVRKA1F085','2012-01-20','2012-04-18','Hemophilia'),('93cc03c1-9470-4f24-9215-3540ff52665a','6M16YR74LANW','2012-01-16','2012-04-12','Huntington disease'),('93e47a90-81b0-4e40-89f9-c1e35b6136b0','7ZT6ZIIX3CKM','2012-02-20','2012-03-27','Autosomal dominant spinocerebellar ataxia'),('94413c60-3f79-44ab-a374-21b3c66a91cc','SUTWXR2T05JM','2012-02-14','2012-04-10','Sarcoidosis'),('9460795a-5ee6-437a-a67c-1913696a078a','K0S857MV1YZZ','2012-01-27','2012-03-14','Alport syndrome'),('948b0e2a-452f-4b91-a031-f0d6d7d589b9','U61DFO06Z2E1','2012-02-08','2012-04-09','Ataxia telangiectasia'),('948cf32d-cd23-44a4-93e0-0d12728aae2b','XTTXEFIEQM5D','2012-03-19','2012-04-25','Coloboma ocular'),('94d52ac8-3ad3-42b0-8533-2dce8e66b532','1ABITNXZ6K13','2012-03-27','2012-03-28','Stargardt disease'),('95586892-a02c-45c9-b04e-365661fcc187','G2XBERM41E7W','2012-03-25','2012-04-03','prevalence'),('956d6f52-ec8d-4e22-8e9b-fe2bc5b6d39b','XWH24KK022J4','2012-01-23','2012-03-10','prevalence'),('958e7cfb-2b4c-4db4-9562-0e5b409d6c6c','6OAWMFQO0ONG','2012-01-25','2012-04-02','Niemann-Pick B disease'),('9592e22a-8d4f-4056-ba44-6ee80285809e','DU5ARAFIZZOA','2012-03-02','2012-03-02','Diaphragmatic hernia congenital'),('96206938-c812-447a-8a8c-a1853080838a','DL2D194LXKND','2012-01-03','2012-04-12','Cystinosis'),('96d6d7b0-757e-4834-beb7-1de851d717d0','CADZD2SBPBXQ','2012-01-15','2012-03-23','Gelineau disease'),('96edb078-8760-42d5-b8b9-61cb32af96da','0N4YUVJA70QQ','2012-03-07','2012-04-20','Gamma-sarcoglycanopathy'),('970fe7d0-8a7d-4c3e-b2bc-67123d172bcc','8KRP7YT68GZV','2012-02-14','2012-04-08','MELAS syndrome'),('97458e86-7c90-4813-a341-132aac82c5a7','1844GSKF3IO2','2012-03-11','2012-04-29','Galactosemia'),('9753cdb4-75bc-4a72-a5b3-9e4527b53aae','40HPD1ECTYDP','2012-02-15','2012-03-24','Budd-Chiari syndrome'),('97b2a4be-531c-4da7-a46d-11fb22a1933e','DDF0LKN0ZB0T','2012-03-09','2012-04-22','MELAS syndrome'),('97bd0ca7-5c9a-46fc-b434-d6b26afd691d','6CDPPVTX9QNN','2012-03-01','2012-03-26','Leigh disease'),('97f76bc3-97fb-4731-bf61-6b218248ccc2','2Y1WSODYE2JI','2012-02-14','2012-03-06','Coffin-Lowry syndrome'),('9822bcc7-ba8c-46ae-8735-79b82b50389f','S25BY9MN56XA','2012-02-17','2012-04-13','Cystinosis'),('982ac463-96c1-4df1-a66b-55889784dd51','6AF60KK4DNA2','2012-02-27','2012-03-23','Beta-sarcoglycanopathy'),('9862dc07-b67c-4a13-9d00-8f7924e79707','3OLQH0RP6CHZ','2012-02-01','2012-03-03','Systemic mastocytosis'),('9889dfb0-f80a-439f-89de-56cc85ba18c5','GTIJ7N2L1LE9','2012-01-21','2012-03-01','Pierre Robin syndrome'),('9927b7d7-d8a4-4c37-b68b-4ede6a15b393','HBP1OWGGCS9D','2012-01-13','2012-04-05','Disease name'),('997376fd-e2bb-4223-a4dd-f14bf9b2af1b','4D3M63SEQRZU','2012-02-13','2012-03-04','Stickler syndrome'),('9976ab3a-8bb4-4765-a63a-a7d6e8226567','XJMSZJVXV5X9','2012-01-01','2012-03-24','Huntington disease'),('998dbbe3-c34c-4cea-a27f-21ac4c5b1cf3','ET2IUEI77508','2012-02-09','2012-04-01','Scleroderma'),('99b9cd87-f3ad-421c-942c-4c5a8feabdbd','SY6ZO7NBDUCZ','2012-03-11','2012-03-11','Polycythemia vera'),('99f58000-7c0d-4d9c-a403-d7140476ac1a','CZ8CUFJ3NY0U','2012-02-12','2012-04-11','Willebrand disease'),('9a13d7d5-deb9-4a06-a113-091b930ee144','08UWZ6S9KNQJ','2012-01-18','2012-03-28','Usher syndrome'),('9a6de3ab-f768-4929-ba9d-7cf2f16ca9ef','TLEFXLBS4Z2Y','2012-01-05','2012-03-06','Goldenhar syndrome'),('9a9cf1b2-042b-45fd-bcef-f8c251cf6acc','3X1OPFRAS8Z4','2012-02-14','2012-04-14','Turner syndrome'),('9b2eb69e-e5f1-4ed9-b2fd-c61757cb10f0','695J232ZQX6V','2012-02-24','2012-03-15','Alpha-sarcoglycanopathy'),('9b6d683d-6eeb-480c-9665-44ffe9ee1374','R9E57N7G3WL3','2012-03-22','2012-04-30','Cystinosis'),('9bb74089-c8b3-4fdc-8ad7-17141e45de61','52K7ZQ9NGIFC','2012-03-14','2012-04-27','Behcet disease'),('9bd07573-5e9c-4eb0-a3fd-2f76d794711c','NAATL963PISW','2012-03-26','2012-04-20','Ehlers-Danlos syndrome classic type'),('9bee9dca-ca93-4b74-9b38-f0e1d9dacd68','CK0AIHWZSL66','2012-01-21','2012-03-30','Sotos syndrome'),('9c8d5218-e409-43f7-93bb-23c6c5fcfbb0','RJJY4IXPX02E','2012-03-25','2012-03-14','Omphalocele'),('9cada92d-64a7-4da3-9b5c-d6011f43b608','DF78S84Z6SL4','2012-01-03','2012-03-09','Autism genetic types'),('9d363e15-d350-457f-8d64-e46327860ed0','WPHJM0QTCI9A','2012-03-20','2012-03-27','Stickler syndrome'),('9d41fdb7-9749-4fae-886b-253679bda23e','27WX61BUOBBM','2012-02-02','2012-04-07','Persistent hyperinsulinemic hypoglycemia of infancy'),('9d702dc0-e129-4a80-b689-97acaa0aa502','674L7ZB0ZBVD','2012-03-16','2012-04-05','Juvenile arthritis idiopathic'),('9d93b7fe-ee6c-4758-b11f-88a7cecfb092','0VMT8GERP0RW','2012-03-22','2012-03-30','Steinert myotonic dystrophy'),('9e914dda-c122-4c1e-9924-96b52640f40b','TUI7KM091JPI','2012-02-15','2012-03-21','Bullous pemphigoid'),('9edc07b8-4819-4175-9348-a3d608ded68e','D9IUUYBLJZ9Y','2012-02-10','2012-04-17','Lennox-Gastaut syndrome'),('9ef85dc2-4382-4eaa-9c60-fb4d53dec06c','M1NY0T6Y0UO1','2012-02-19','2012-04-30','Smith-Magenis syndrome'),('9f1bee27-2742-4e8c-a65d-3860a6c1fcbc','8GDBB32LOZAG','2012-02-04','2012-03-29','Juvenile arthritis idiopathic'),('9f5e8dc0-991c-419d-921a-6f7eccf774f2','XG6NTS2MX2EP','2012-03-08','2012-04-21','MELAS syndrome'),('9f6654da-7063-464c-98ee-bebe590467eb','H8XKURY1DLJW','2012-03-01','2012-04-30','Brugada syndrome'),('9f887d26-2a73-48d9-b005-fc1c897fc2e3','OGRWDRJ8QX9H','2012-03-11','2012-04-30','Acyl-CoA dehydrogenase medium chain deficiency of'),('9fa331d6-7087-4e72-8e7f-4e0647bc8092','S6JJSM8MB8Y8','2012-01-07','2012-04-19','Non-Hodgkin malignant lymphoma'),('9fb05d74-3d88-4e68-b079-45e6e343c4b1','3CZSG38ZXRA9','2012-02-27','2012-04-19','Leucinosis'),('9fb220e4-3155-4199-8401-d3e01d16b169','BWIEW8YDXN81','2012-03-02','2012-03-19','Acyl-CoA dehydrogenase medium chain deficiency of'),('9fe47ac3-d253-4543-80db-f2e35f0b59d5','KDMCCA5120P3','2012-02-19','2012-03-11','Apert syndrome'),('9ff73fd5-bd80-4b0a-ad42-6ae55f029810','IX0KFL4R2WZ4','2012-01-22','2012-03-28','Hyperlipidemia type'),('a011361d-a0e3-4f26-8a6e-53839434fbc1','F46AX9IQR5GD','2012-02-01','2012-04-02','Disease name'),('a01ae2a7-48f7-48af-a1ed-49fd684fc8b1','04C3E7DL7LHI','2012-02-18','2012-04-03','Retinitis pigmentosa'),('a0319750-98ec-4eb0-836f-e55220e639a5','VZK20K9HA8B6','2012-03-14','2012-03-09','Saethre-Chotzen syndrome'),('a0bb5d94-d5a8-482b-8bd0-ca034b97ad64','0UPXE0K7NEVM','2012-01-14','2012-03-09','Tetralogy of Fallot'),('a10378db-d77d-4208-99eb-ea273abf7c96','QX3ZW26NWQUJ','2012-01-13','2012-04-11','VATER association'),('a104fe68-09da-473b-aff5-42fa96eafe63','IEUGHWO8JTC7','2012-02-02','2012-03-11','Neuroendocrine tumor'),('a115e8a6-5bbd-4606-a6c8-6217e3ea3a73','45DC47SIHL0G','2012-01-05','2012-03-11','Emery-Dreifuss muscular dystrophy X-linked'),('a11c6d2f-39a8-4e0b-aabf-03c27663b18f','UUX8XV8TKBX8','2012-03-26','2012-04-30','Stargardt disease'),('a14ad348-c1a4-4011-85c5-09923766a838','E5M66IYS7X8U','2012-02-23','2012-04-03','Oesophageal atresia'),('a173f1c4-d9bb-430f-9f55-e26df528920f','99UTAKTJH3Y5','2012-02-01','2012-04-27','Zellweger syndrome'),('a192356a-d04a-4aed-a816-2db195db79fd','8NF8VSGVEMO9','2012-01-03','2012-04-15','Treacher-Collins syndrome'),('a1a6bda1-ec8a-4cac-95c8-f415cdf97716','9XSW0MM0U7HT','2012-03-17','2012-04-15','Spherocytosis hereditary'),('a1b440a9-faa4-42f1-b24d-cb11d3471737','BJVRTF45BYYD','2012-03-14','2012-03-17','Deletion p'),('a1bb5d2b-abdf-4851-972c-c73bf33f957a','QJ45SVGWM1D7','2012-02-18','2012-03-28','Charcot-Marie-Tooth disease'),('a1f4c312-07af-4555-a74a-381b1e809654','C6NXRALUL6C4','2012-02-26','2012-03-25','Fragile X syndrome'),('a222dd07-15e6-425b-b600-08ef195a5b79','UE0GHLG50OWY','2012-01-21','2012-03-21','Muscular dystrophy Duchenne and Becker type'),('a2d45552-8ea9-4ae9-9248-9cf4fe1a19eb','UA8N443OG72L','2012-02-17','2012-03-24','Fabry disease'),('a3c2969b-88b7-4ff4-80f0-97b8de786eb4','XB5JF2377UV0','2012-01-04','2012-04-26','Friedreich ataxia'),('a3f7338e-c068-4446-af5b-40a081caf3b0','LGCTT4DMG5MB','2012-01-09','2012-03-13','Polycystic kidney disease recessive type'),('a452d030-9044-45ad-a7f3-0d79bac7222f','XHFEXLVFG41T','2012-03-19','2012-03-11','Usher syndrome'),('a4f07b74-561f-41b3-b5a1-9edb8b002a40','MUX4Y9LGDJYN','2012-03-11','2012-03-27','Adrenoleukodystrophy X-linked'),('a5702db7-2b62-4298-bdd7-fcf17e649f84','2ZVXA6X8RJFB','2012-03-20','2012-04-06','Usher syndrome'),('a5b2d924-ad7b-4cd2-b19b-8c054b90618f','3UQ4URMZPN41','2012-02-08','2012-03-02','Lennox-Gastaut syndrome'),('a5b9c43e-bae9-4631-9066-e922ba66eeab','8KLKJZW5JUCL','2012-01-19','2012-03-05','Osteogenesis imperfecta'),('a60429c3-6b40-4c2d-b36f-e4454f8a24e4','EOJ2AR0OG0X6','2012-03-16','2012-04-25','Scleroderma'),('a60dd3b1-fbd2-4618-8d12-1d325771527d','PQA9J4Z7M9ST','2012-02-02','2012-03-08','Disease name'),('a6363a98-955b-472d-b4ed-3447e1a296cd','OXHRHVBNANIH','2012-03-20','2012-03-28','Coloboma ocular'),('a684a9d5-96fd-4a0d-a47b-bcf128285971','S81LN7WT48MC','2012-02-15','2012-04-21','Alopecia totalis'),('a6b01f54-3302-40cc-a082-60f2ee449409','CSSZ50N4M4YL','2012-03-03','2012-03-12','Cat-eye syndrome'),('a6f760cb-519e-4ffd-89bb-55098b7f1422','U2UZVEKOXPOM','2012-01-14','2012-04-19','Amaurosis congenita of Leber'),('a74d6c75-e4ea-46a7-b95f-72765fc1ea76','S7G5XUPUWZO2','2012-02-21','2012-03-20','Rett syndrome'),('a74dd732-dcd7-444f-ac6c-21c3999262da','81IHH5NX7M6B','2012-02-01','2012-04-24','Rubinstein-Taybi syndrome'),('a77ba460-8f40-4080-8de6-35d6688d4a31','I4Z006V01R1I','2012-01-22','2012-04-17','Omphalocele'),('a77dbc81-4251-4c7f-9dd2-cb4d0cddfd84','SEWCGJ017TG0','2012-03-06','2012-03-01','Sotos syndrome'),('a7a54c4b-1980-4f26-bc1a-e6952afb500c','32K31ZUXR0KS','2012-01-26','2012-04-03','Galactosemia'),('a827853e-2f7e-4629-beb7-9468cfb6186c','TT301HI59HRX','2012-03-24','2012-03-01','Bullous pemphigoid'),('a8f2d250-f947-47a9-a847-4581754645a2','7XE093GRFMKH','2012-01-09','2012-04-16','Multiple endocrine neoplasia type'),('a972696e-fe98-4739-a257-5addaa086fdd','GK49WBUHD5M1','2012-02-01','2012-04-02','Aniridia sporadic'),('a97767a9-7222-4ba7-805a-01820563d3aa','ANHR702BNAXK','2012-03-05','2012-04-25','Emery-Dreifuss muscular dystrophy X-linked'),('a99f64d0-6006-4fb6-a977-0a611128ecc5','ZD8FPO0EVEWI','2012-03-04','2012-03-22','Guillain-Barre syndrome'),('a9dde0f2-e753-4fcb-a133-48dd7d71a11f','1WJKX7FTSC3N','2012-02-17','2012-03-01','MELAS syndrome'),('aa66e51a-aab2-4401-b043-ac79da27c041','PCHTDY5ZTL4A','2012-02-16','2012-03-21','Supranuclear palsy progressive'),('ab7475ee-82ab-481d-8b1d-0674044063c7','5DYE0GXQPW7G','2012-02-11','2012-04-05','Tuberous sclerosis'),('ab78e16f-8af3-4aec-9f38-aac7536747f2','TC1O1NIYECI3','2012-01-03','2012-04-26','Fabry disease'),('abf2e1eb-7488-4a5a-9f8d-45d96d39d0ea','FEJCXOLBFITN','2012-03-10','2012-03-16','Myeloma multiple'),('ac764ea9-dc3c-4057-b2c5-4a468532bc47','SUZ3FMKWAHEG','2012-01-18','2012-04-09','Coffin-Lowry syndrome'),('ace514b6-ffb0-4a78-beed-c01ffa9b2e2b','U5OUODVUKSUW','2012-02-08','2012-04-09','Hirschsprung disease'),('adad63b3-e123-41c0-a116-963cf1ab3c33','FR77F8SQM80N','2012-02-17','2012-03-20','Albinism ocular'),('ae458eab-71ad-4fdc-bc5c-73b34fa2cc87','LU31AT6PT0SH','2012-02-14','2012-04-05','Myeloma multiple'),('ae4c2dd5-c55c-4392-bf26-bf2f60520d2c','5UNLYJWK4UED','2012-03-07','2012-03-13','Marfan syndrome'),('af837aa6-a79e-4c4e-813b-8b377946c121','LUJN865MT4FE','2012-03-08','2012-04-04','Polycystic kidney disease recessive type'),('af89e6de-8ea7-43a7-8dc6-260280bad338','EXAE2CNE9N0W','2012-03-10','2012-04-28','Retinitis pigmentosa'),('b01d4ef8-abfc-4554-9965-f29081b79a55','5X2YOUS5LBWA','2012-03-23','2012-04-22','Smith-Magenis syndrome'),('b045316a-9361-49df-a5b8-265bed34e550','27010WOGX86X','2012-02-23','2012-04-04','Von Hippel-Lindau disease'),('b04e65d5-a6c4-4157-a8fd-cbe1b40551f9','4JX6SBAE436O','2012-02-16','2012-04-02','Idiopathic torsion dystonia'),('b04e894f-b027-42ce-9221-80d510c4a987','QPG6M2L8NKXY','2012-03-21','2012-03-01','Sickle cell anemia'),('b06fecd2-217d-4e1d-aea6-b21edf2dc8f7','A79UTM33DMPS','2012-01-01','2012-03-01','Alpha- antitrypsin deficiency'),('b0f9e7d5-8dd5-4ffa-8f9c-ec052578e087','LPNMKIGD89KY','2012-02-10','2012-04-22','Tuberous sclerosis'),('b13d33d8-933b-4a33-aca6-8d71339366ed','18IET9BG95DJ','2012-02-22','2012-03-05','Christ-Siemens-Touraine syndrome'),('b1828593-97d5-4bee-9634-39a6158cdb7b','C1C2BJL4CKVE','2012-02-08','2012-04-17','Rendu-Osler-Weber disease'),('b18b3009-6a4f-4087-a4c9-198168a302b4','UIWOP1K4T2A1','2012-03-21','2012-03-12','Von Hippel-Lindau disease'),('b198c766-af3d-4a16-80e0-aa38b1fb2bfa','ZZ4CBQM2V8GX','2012-02-25','2012-04-25','Nephronophtisis'),('b1b910c8-ca83-4baf-8b3e-3e86b38b13e1','BLG1ZQ1J9EKP','2012-02-06','2012-04-09','Muscular dystrophy Duchenne and Becker type'),('b1e0dd12-8df2-4ba2-b405-69bf977bc03a','8MHP4VOFC9A3','2012-01-22','2012-04-08','Guillain-Barre syndrome'),('b329d756-0460-45f3-b9ac-43b84c311384','NC2WHA9AW1K3','2012-01-11','2012-03-30','Multiple endocrine neoplasia type'),('b36546b4-f21d-4ebe-809f-cf7857196c96','P9NGE4MIKKM5','2012-01-16','2012-04-28','Nemaline myopathy'),('b3bf369b-3a1f-4bbb-a14d-5b43facbe8d9','VELS3CAQKLOX','2012-03-10','2012-04-11','Nail-patella syndrome'),('b4f4c064-9afc-41cf-a7d0-faf409e636f4','TFH6JE7C7STB','2012-01-18','2012-03-14','Sclerosing cholangitis'),('b4f7167a-5d6d-4903-b267-6f9944ea22f6','ML2ORMKNOABC','2012-03-17','2012-03-22','Congenital adrenal hyperplasia'),('b4fa13e2-ecf5-4795-ab7a-3e3b39189c70','PZEV74SE1VOZ','2012-03-09','2012-04-30','Turner syndrome'),('b522caef-3485-400a-a346-51c5300ca111','Z3E4VN55EOXQ','2012-02-20','2012-03-24','Aniridia sporadic'),('b5c7ce1e-e06f-4109-95c4-a1dacfc09bd2','49CP5P3A0HF6','2012-03-05','2012-03-16','Fanconi anemia'),('b6040a3a-93bc-498b-866a-73c8d41c943f','O5ZA0MJGR4IO','2012-02-09','2012-03-07','Persistent hyperinsulinemic hypoglycemia of infancy'),('b6295313-e377-4f78-9e56-f134e2298f21','M733YU28O07G','2012-01-10','2012-04-07','Mucopolysaccharidosis type'),('b63a45d2-e85e-4676-b875-a59b87c4b9ec','J9G4FBKCZ2WM','2012-01-12','2012-04-09','Kartagener syndrome'),('b64d8f2d-e034-4009-99d9-3997b1fed381','4PSCE7RQP9IZ','2012-01-07','2012-04-21','Osteogenesis imperfecta'),('b6575470-dd8e-4d63-8308-b4e5a312e8b4','SED547U6GRNI','2012-03-16','2012-03-05','Muscular dystrophy limb girdle type A Erb type'),('b6b3a041-ad87-4879-a3ea-34492839fdc8','LDGNW7Q3W5OT','2012-03-07','2012-04-12','Sickle cell anemia'),('b6df92e7-5cfe-4165-9931-3ba95735ffd1','HLE3LA1YFMED','2012-03-09','2012-03-11','Angelman syndrome'),('b6e934ec-245e-4261-854b-346f0909713f','DHU7MOYKSHET','2012-01-02','2012-03-01','Ellis Van Creveld syndrome'),('b7ba7f42-1653-45c5-81e4-79163ef8fadb','Y2NCJUYZK7LE','2012-01-09','2012-03-28','Turner syndrome'),('b7d2e3f8-9e12-4b08-a572-7c0d0288b903','MHAMCAL1GBTD','2012-02-18','2012-04-13','Alpha-sarcoglycanopathy'),('b7f30006-44fe-448c-adce-07579e4f7f45','25D890FQ6GHZ','2012-02-04','2012-03-16','Porphyria acute intermittent'),('b9285bff-0530-47b2-a7c3-a029a541ed43','QJR6NYDPQ8L4','2012-03-01','2012-03-27','Systemic mastocytosis'),('ba0295d9-9f53-474b-9066-f4465271f4d7','H4JKUJJLH59J','2012-02-23','2012-04-24','Rett syndrome'),('ba33ff33-d3bd-44bc-a3fe-3315d560d489','WA40KSPD2QOE','2012-02-23','2012-04-02','Cataract total congenital'),('ba6617dc-65ba-47ba-b46f-284ce20544f2','6VQDUSYZCHVE','2012-02-21','2012-03-20','Hodgkin disease'),('ba7bf419-0bc3-485e-97ef-0affc2d3224d','BCW4UBY0TERS','2012-01-03','2012-03-15','Facioscapulohumeral muscular dystrophy'),('bac3f564-50f2-4d16-9652-415825a74bff','JJRBMCQOB96I','2012-01-19','2012-03-13','Atresia of small intestin'),('bc106ede-4082-49b4-a08c-fcd17b29f524','RJH5O2ZULEJ3','2012-02-10','2012-04-11','Gaucher disease'),('bc222340-52ec-4138-bde5-a532e35bc494','8RFV8WSO894T','2012-02-22','2012-03-24','Behcet disease'),('bcba1f40-b937-4011-9e58-99fcff07ac15','LYJLU50EUC3R','2012-02-23','2012-04-05','Angioneurotic edema'),('bcd0b8f8-d587-4c02-83d9-f1e6afc29d49','WBDCYMP8ZGDB','2012-02-13','2012-03-22','Turner syndrome'),('bd1d6da4-68a7-4aed-9491-0ab7006ec61d','CUGMCSY810U3','2012-03-10','2012-04-05','Proximal spinal muscular atrophy'),('bd39de12-2317-40d0-8f16-368dd363bb6d','S725WW6MCV1U','2012-03-24','2012-03-16','Turner syndrome'),('bd63008c-38c6-43ea-9abb-c67dd9ac72ca','BAP243LCT4RA','2012-01-10','2012-04-08','Ellis Van Creveld syndrome'),('bde77e2f-d39a-4bba-900f-1fc97e93f553','ZFQ9ABV8BEKV','2012-02-14','2012-04-24','Amyotrophic lateral sclerosis'),('be2b0357-8e05-412d-869d-e897fa5b2819','Y6ELZVVHFN2K','2012-03-06','2012-04-22','Apert syndrome'),('be467ce4-6330-4361-bbf6-f8081db584b8','N33UC5DPD2T0','2012-01-09','2012-03-30','Sclerosing cholangitis'),('bef5efe5-4635-42d5-91d6-09396505064b','E7TJ2S77UAJN','2012-02-20','2012-04-25','Christ-Siemens-Touraine syndrome'),('bf222757-9477-4731-89fc-19b10737fd60','B4HE4K3ODUZC','2012-02-12','2012-04-20','Wegener granulomatosis'),('bf5750a5-925c-4eb1-b921-caccef3cd40e','5ZAMXMH18RWY','2012-01-02','2012-03-25','Saethre-Chotzen syndrome'),('bfd1f977-94ec-41b3-83c1-71a2404a3e18','TRTKUNOAQQF8','2012-03-23','2012-03-19','Holoprosencephaly'),('c0636566-0833-43ed-bf49-6e36a23a7697','8DSL9ZPX2CVF','2012-01-04','2012-04-23','Optic atrophy Leber type'),('c0a55d79-9f06-4643-9806-11b10faf9e72','7XNW9EV1IPPH','2012-02-09','2012-03-16','Neuroblastoma'),('c18b8460-8d26-4f7e-93c2-20c255d6468e','EE9T4FHB9H13','2012-01-08','2012-04-23','MURCS association'),('c1a2cd1b-1fda-4fdc-80ba-1c4d1723dee0','D1RUA98GIAO9','2012-03-06','2012-04-16','Bardet-Biedl syndrome'),('c25cf922-c8fa-400e-a230-dbbb71c9b7e0','XPJQCB9WJSK8','2012-03-10','2012-03-09','Brugada syndrome'),('c2ebfb84-296e-41e6-a0c1-d94900d61743','9VDO8M09L9QA','2012-03-12','2012-03-10','Cataract total congenital'),('c3af33f3-9580-4ad3-9a76-a0e4a59ace9b','2IOIHO2Q84RR','2012-03-02','2012-04-07','Niemann-Pick C disease'),('c3c794b3-72c9-4785-a9d1-1fd95da95458','RSBTIYF52ZZ5','2012-01-06','2012-03-20','Facioscapulohumeral muscular dystrophy'),('c49c2f0a-ca08-4deb-bc81-0b242643aa80','Y098GTS2E18K','2012-01-26','2012-03-12','Idiopathic torsion dystonia'),('c4d3fb19-3f18-4c2c-acf4-b01c81d9b209','7SA3M9JW21W8','2012-02-25','2012-04-22','BOR syndrome'),('c57d6bc5-e7f0-498c-ac45-c2da637a2e35','USUEQLKQ8JZW','2012-03-05','2012-03-22','Smith-Lemli-Opitz syndrome'),('c5ef2364-814f-43de-bbbf-674fad268f8b','O8K6Q6K0LYIJ','2012-01-21','2012-04-08','Kartagener syndrome'),('c5f14757-31eb-4acf-8600-f6885332dece','WNATFOFZSJDA','2012-02-07','2012-03-17','Alopecia totalis'),('c898d074-926b-4136-a25c-8dc3e1b1f870','NV9DUYYNJCXP','2012-02-19','2012-04-23','Menkes syndrome'),('c9cda82d-2524-441f-b7b2-600ada7a1869','NC2VLJHF2PJS','2012-01-24','2012-04-08','Tetralogy of Fallot'),('c9ffadf9-c013-4d3e-a0de-89073428318b','I21L2TKIDINL','2012-03-05','2012-04-05','Dermatomyositis'),('ca20d79b-7b86-40f2-995f-8a671a0fcbaf','GSDYBJPIUFH2','2012-03-09','2012-04-19','Smith-Magenis syndrome'),('ca3a3907-01c4-490e-9613-cfb0b59d0870','RPIEHUO5N3WP','2012-02-06','2012-03-18','Mucopolysaccharidosis type'),('cb013447-6586-41e6-bdef-524c99b7becf','SZ28CM73K6LV','2012-02-16','2012-03-09','Persistent hyperinsulinemic hypoglycemia of infancy'),('cb0213b6-8256-459d-983e-955cc82c8e1c','VXNZJLQCFXWV','2012-02-08','2012-04-30','Bile ducts paucity syndromic form'),('cb02d552-3748-4e72-9d39-2a1a3da16705','QVSLDZZR4JA5','2012-02-13','2012-04-03','Hemophilia'),('cb45ced6-ae93-4422-bcec-ec018e707d16','DWMMFOGCP2G3','2012-02-06','2012-04-11','Polycystic kidney disease recessive type'),('cc0e3e21-26ff-48c7-a1b5-68dc85a54b9c','VO3J94AEKC7G','2012-01-08','2012-03-02','Bullous pemphigoid'),('cc302ab8-242a-440b-8b01-7483b3d40f7f','W3ATQ07ZO3N6','2012-02-25','2012-03-04','Sotos syndrome'),('cc559e24-20bb-4f36-8c3e-e4463e29a47c','YRWPVZMQ3P1A','2012-03-02','2012-04-27','Supranuclear palsy progressive'),('cc7d5a07-f45c-47ad-91ac-255057588a96','JNBSN3Y5WRNY','2012-03-21','2012-04-13','Deletion p'),('cc920906-0d15-475f-af71-180c517cf1e1','83WD1L77RCNP','2012-01-14','2012-03-09','Scleroderma'),('ccaf0415-bda6-48f0-b98c-e0bffbe13402','TGHRTQX7S40N','2012-03-17','2012-04-19','Hypokaliemic periodic paralysis'),('cd3a1250-954c-47ed-931d-5b46a88a6f31','Z78UAH2BGSZA','2012-03-20','2012-03-24','Saethre-Chotzen syndrome'),('cde8a153-e4d0-4bd5-9266-6f340f54545f','NYG9COGVSF0Y','2012-01-15','2012-03-22','Crouzon disease'),('cdfa67bd-c29d-4374-b984-ecb0a286cb82','6MG7CQ3BDPFW','2012-03-04','2012-04-27','Estimated'),('ce2de42f-e11b-4665-bfec-223f52563f70','Z7U0ZED5D3HR','2012-01-26','2012-04-08','Familial adenomatous polyposis'),('cedfcc9b-fa2b-41e9-892e-cff5fa92ac56','X6Y1GWA6G2NB','2012-01-27','2012-03-28','Disease name'),('cf1591a4-40ba-46cf-be3b-cafa3a276880','SLMZAJTX3BT2','2012-02-21','2012-04-21','Coloboma ocular'),('cf4e488d-b377-4506-bbba-dfea3c21c3a6','Q354YD91L9NK','2012-03-11','2012-04-25','Diaphragmatic hernia congenital'),('cfcb6f3e-3fa4-4abf-bda1-efaf06dce93b','A8E8R39UHD4C','2012-02-16','2012-03-26','Von Hippel-Lindau disease'),('cfd88f42-9e29-48b8-b522-d1dc7e41dec8','6IBZ7Y5AFFLX','2012-01-25','2012-04-08','Retinoblastoma'),('d0279e4d-8664-4a72-9b84-71363ae4ee23','7BTQQ4873IV9','2012-02-26','2012-03-29','Turner syndrome'),('d080a838-87c8-44cc-ba15-fd3c39c60dda','YFGK3JHAYULC','2012-01-22','2012-04-17','Fanconi anemia'),('d09dae49-671f-4004-a374-ebfb42b8252c','NRIV8TX6PHJY','2012-02-02','2012-03-30','Ehlers-Danlos syndrome classic type'),('d0d69c64-9f1b-4705-9f0e-29729dc7c14f','XOL6M4ET145B','2012-01-11','2012-04-05','Estimated'),('d11d371e-de2a-40f7-89f4-02f55eb5c006','2HF2OOFJRQP0','2012-02-10','2012-03-05','Cystic fibrosis'),('d1349cea-0e9a-45f6-847d-98960ab71f75','TZXL3A3CL8DC','2012-01-25','2012-04-27','Polycythemia vera'),('d136e926-50f0-4bed-b374-357340d5dbd6','G0FB4DFQWBTE','2012-02-13','2012-04-25','Mucolipidosis type'),('d1a1d07a-3e51-4d61-ac6c-6052d29cda37','EJ7DMHBIY3ZX','2012-03-22','2012-04-13','Oculocutaneous albinism'),('d218384a-95d7-4119-8f35-60b00788aceb','T4T2F36HSN6M','2012-01-18','2012-03-05','Neuroendocrine tumor'),('d28f979d-6593-448a-90d5-f380b6c65eeb','F0N5ZRDAS8CW','2012-03-27','2012-03-13','Smith-Lemli-Opitz syndrome'),('d31dedcb-d472-4899-ae67-2a6a088370bc','HMFM2AQC7KP7','2012-01-09','2012-04-10','Amaurosis congenita of Leber'),('d3359766-b2c9-42dc-94df-11e6a566f64f','C4PBN0KC8JHV','2012-01-16','2012-03-20','Amaurosis congenita of Leber'),('d3487341-a060-4d7a-8594-0d4dcb5eb436','14RJ4HXL8ZVN','2012-03-22','2012-03-22','Bile ducts paucity syndromic form'),('d3cb8755-02d8-4503-b4a2-492576fcf680','7L6YBE2AN733','2012-02-25','2012-03-14','Friedreich ataxia'),('d42cdcb0-c15f-4933-8f9b-39ed24f48adc','9KZQQH4J1Z6B','2012-03-14','2012-04-12','Multiple endocrine neoplasia type'),('d4c0dd6a-f4a2-4e81-9854-2e567f8d08bf','7XDM70SYJRGC','2012-01-17','2012-04-24','Ehlers-Danlos syndrome classic type'),('d516ec0b-3c2d-4644-a7ba-0c9b1a4de775','MSES7IY83PLG','2012-02-03','2012-04-14','Treacher-Collins syndrome'),('d5c701ff-3342-449b-b6b4-92823fdfd75a','U1JZHIO3JRUL','2012-03-02','2012-04-18','Kartagener syndrome'),('d6ac9b1e-65b3-4dd1-a4ad-77b1de87d51c','LZ42YYDPM6OS','2012-01-13','2012-04-11','Systemic mastocytosis'),('d725d9e8-82f2-4456-a231-6764abc37367','PNEYM937WQL2','2012-01-04','2012-04-27','Holoprosencephaly'),('d7c4624c-dc0d-4908-b598-6ce6a986c6ae','I221YN9PELN6','2012-01-07','2012-03-03','Immunodeficiency common variable'),('d7cc140f-2af9-464a-87f8-5cc87a4bc6d9','Z3H0MGJDNW2A','2012-03-19','2012-03-11','Wilson disease'),('d7e64568-b0c3-451c-9dba-6346e0b94f8b','DSDJRY9PJMIQ','2012-03-27','2012-04-15','Multiple endocrine neoplasia type'),('d83b609b-42ac-418b-a4af-35ad7de3f50e','X7GAXOFMOL2B','2012-01-23','2012-03-17','Alpha- antitrypsin deficiency'),('d8dd811d-9358-4fb1-89ff-5b069d04e1d1','C6K5YRLIH21G','2012-03-11','2012-03-08','Rett syndrome'),('d9a7e1d0-1b4e-41fb-b63f-b56faa6e81c7','PD2SZGLLVFCL','2012-02-22','2012-03-18','Cystic fibrosis'),('d9b3a913-d234-41b7-acc2-3476dc53dd86','YTZTJRBQPH2G','2012-03-25','2012-04-20','Alpha- antitrypsin deficiency'),('d9bde3b3-6ac0-4514-828a-3f87b5b9dea0','LMZPEKQJGWEK','2012-02-23','2012-04-22','Spherocytosis hereditary'),('d9d2bad4-942b-4802-a4af-c4f843ffcaa2','52YLLRKT6M3B','2012-03-16','2012-04-18','Goldenhar syndrome'),('d9d4e6f6-863f-4e9a-91e9-bbdfcf01edcf','KHCDX9APO330','2012-02-06','2012-04-25','Rett syndrome'),('da2a578c-6bec-4b23-9736-8fbc0535ebbf','6OC4N943MOQX','2012-02-19','2012-03-23','Neuroblastoma'),('da388323-fa10-4df9-8088-e91b8e8b6550','HFHGJUI7LXFV','2012-01-24','2012-03-08','Isovaleric acidemia'),('da5dd275-7da7-423d-9432-7dc90b63bc51','FY95G95DU9Y7','2012-02-09','2012-03-17','Ataxia telangiectasia'),('da9c6338-1650-45ff-aab1-b7a2e5becbea','3NYLPOTTZU8U','2012-03-06','2012-04-19','Behcet disease'),('dab95307-7c2b-4a9c-93f1-3b4b043c8d25','T60H5DEMD75L','2012-03-11','2012-03-18','Primary ciliary dyskinesia'),('db280401-f8d6-4520-8ce8-c7456876f579','QDGVCP5POLH8','2012-03-27','2012-04-29','Rett syndrome'),('db7662b2-8798-4de3-b84d-626c8821a67e','62DQVS57BUYA','2012-03-20','2012-04-30','Spherocytosis hereditary'),('db9b3d1e-b550-4daf-abf9-537546f524da','9USJ62SL0KDS','2012-03-05','2012-03-04','Multiple endocrine neoplasia type'),('dbc80238-cd76-425f-988a-811aa456be23','3Q6EFGH1Q3LO','2012-03-14','2012-03-01','Fabry disease'),('dcac8b1b-1b50-4618-abbc-70877899736a','UYD62O33DLPO','2012-01-20','2012-03-27','Zellweger syndrome'),('dccc80d6-b3e4-4fa3-8286-782e79f88960','80CE7B3DCEEF','2012-03-27','2012-04-11','Willebrand disease'),('dcfa0f09-20a1-4645-9042-eacbdb12f82a','M9ARG8I65NYX','2012-01-17','2012-04-17','Nemaline myopathy'),('dcfd55ef-fc7a-47f9-933f-7522c64a0e43','H4SRQIR91TFK','2012-01-03','2012-03-04','Adrenoleukodystrophy X-linked'),('ddbbbb3d-3527-433f-a10b-14591281d138','8YSDNQL0A26W','2012-02-07','2012-03-04','Scleroderma'),('ddef00cf-a5ed-4c48-a5c7-19a90421f257','CWLTN4U4LQ6O','2012-02-04','2012-03-12','Bardet-Biedl syndrome'),('de1494fd-fb86-4d4e-8825-af4c4e816d6b','PVPM8YEKKSBZ','2012-03-20','2012-03-05','Omphalocele'),('de54d7ff-3cd6-4507-a860-f76aaa5ecdb8','NRIK96WVP6PN','2012-01-08','2012-03-11','prevalence'),('df5a3110-91bf-4c1e-bc03-f73df1383b81','LIQZ491Q3PD5','2012-01-15','2012-04-23','Mucopolysaccharidosis type'),('df808838-64ba-4315-a0c8-e0cab03f3461','SA17FDD8A4D1','2012-02-02','2012-04-12','Ebstein anomaly'),('dfc3308d-29d2-4d3a-8934-bc3091a2535a','I2TX8VW91ZUN','2012-03-06','2012-04-14','Apert syndrome'),('dfcf23a8-65e2-478f-81bf-47ed726d14e7','GDVHAW9JRTZQ','2012-01-02','2012-03-20','Supranuclear palsy progressive'),('e0221dce-377b-4cdb-a6a2-a29259bf1bde','UCD34DT7Q1J8','2012-03-16','2012-03-09','Duane syndrome'),('e0bf8dc4-d7e9-4283-9439-8180f966d89a','Z17M43172DL0','2012-03-26','2012-04-13','Protoporphyria erythropoietic'),('e1461909-2b59-4c95-ac44-f2c01f3a6956','MXKM807BKUNJ','2012-02-07','2012-03-25','Nephronophtisis'),('e166e9c9-4859-40b1-bbde-592cd516af71','OYUPUA2QFA0L','2012-03-08','2012-04-15','Polycystic kidney disease recessive type'),('e197b062-0838-49ed-86ca-0e17410eb674','5KTB5C4Y0EDX','2012-01-04','2012-03-21','Isovaleric acidemia'),('e1fe8c44-7f88-4510-bc61-f9dec6f36d86','H77BNRX1WFB4','2012-02-02','2012-04-17','Aniridia sporadic'),('e208546a-39dd-42a2-bf7e-331df2e92ad1','KZNO2KK2QBIV','2012-01-04','2012-03-04','Hyperkaliemic periodic paralysis'),('e2cb8017-355a-4015-87fc-528bc6eb497f','62F5XBV0UQHW','2012-01-12','2012-04-13','Neurofibromatosis type'),('e30d71e7-21f6-4673-98cb-532773b2f49c','4QOK2GEKI7AF','2012-02-08','2012-04-23','prevalence'),('e365ff47-969b-4f37-acb4-6b6acd2079de','5CAGJSPWP357','2012-03-09','2012-04-17','Breast cancer familial'),('e3879bf9-25aa-4b9c-ad22-07387bde9396','4ZK7KLOSU3XL','2012-03-27','2012-03-01','X-linked severe combined immunodeficiency T- B+'),('e3d0f275-d349-4757-8f3b-963707496201','1QIBCX2DOJRP','2012-02-25','2012-04-28','Ataxia telangiectasia'),('e3ef823c-948a-495f-b7ee-1e429c7983b7','JBUMLIPI3KYJ','2012-03-19','2012-03-10','Alzheimer disease familial'),('e3fd451b-5a4a-4373-a7ee-b2edc15fafc6','MNXQJRVOSR86','2012-03-08','2012-03-29','Darier disease'),('e43f98ab-ce88-4c82-8e7d-d3ef8b5e336b','LXJ2E0TY2GTC','2012-02-15','2012-03-08','Leigh disease'),('e4ca5ad7-6e21-438b-afda-2513fe84ab24','H78B7F7EC03E','2012-02-09','2012-03-06','Marfan syndrome'),('e5f1326e-0da7-4605-b862-097339b5ee53','QKXGSMTR5OS5','2012-02-21','2012-03-26','Steinert myotonic dystrophy'),('e60b5be7-acbc-41af-8635-6a99303b48cf','WL8BD2DF9MDT','2012-02-10','2012-03-27','Sclerosing cholangitis'),('e628aa5e-6380-468f-8084-0724253da6fc','941IEKF7F8Y0','2012-01-01','2012-04-07','Tay-Sachs disease'),('e6aef677-73db-40d4-b7be-0b6960ccb61b','OMM04ZFLHXLP','2012-03-25','2012-03-16','Albright hereditary osteodystrophy'),('e7626a83-5696-4773-8a0d-16aaf5468af6','UU5I5SILIF5U','2012-02-18','2012-04-19','Alopecia totalis'),('e7932b86-6b1b-422f-8d7a-3e283c62c1e4','Q5JYNI668GIN','2012-02-26','2012-04-05','Cornelia de Lange syndrome'),('e86aff65-7370-436e-9412-b1ab75b58b76','9QFCH9APN198','2012-01-20','2012-03-10','Variegata porphyria'),('e87536ad-ee9a-422b-9a98-dcd3e560ba49','KCCHY1B6DZ3D','2012-03-14','2012-04-12','Smith-Lemli-Opitz syndrome'),('e88be4c1-1838-44cd-8c99-9903acee5811','BPCXE32ODISK','2012-03-01','2012-04-10','prevalence'),('e8c78d23-e60d-466f-8fed-a148c9d814dc','WABJ5KU6ZVR6','2012-03-17','2012-03-11','Rendu-Osler-Weber disease'),('e8d3cfb8-0275-4484-92c0-5ddd208654c2','WMIGIL7ECERQ','2012-01-14','2012-03-02','Protoporphyria erythropoietic'),('e949b729-058a-4d7b-8e36-95b5911e0e81','NEYW4FHI3Y1C','2012-01-11','2012-03-12','Coffin-Lowry syndrome'),('e97c792b-b01a-4480-8429-644eb28a0aca','D8PBO18KC3ST','2012-02-22','2012-03-27','Oesophageal atresia'),('e9e62e2a-6cd8-46f8-b321-b957cbbbdae1','MRZ9SY8NUAZC','2012-03-11','2012-04-03','Glycogen storage disease type'),('eac5ef11-c818-4f76-b9ab-ee05ea313be3','2QDTJGRNYDZ0','2012-01-27','2012-03-16','Duodenal atresia'),('eaf292db-814b-427e-b713-621c64906f9e','JWP2780LNCTU','2012-01-24','2012-04-27','Acyl-CoA dehydrogenase medium chain deficiency of'),('eb3184f4-268f-418f-bbfc-51e6bf28b2ec','37UOLLUV6BL7','2012-02-14','2012-04-13','Alpha-sarcoglycanopathy'),('eb3b2e59-d746-4b14-aef8-31b458992c5d','UXR6G2E6MCX9','2012-01-07','2012-04-05','Cornelia de Lange syndrome'),('ebc2f741-c321-4e40-b716-438b6809e3fb','B7KQZASAEK12','2012-01-05','2012-03-23','Retinoblastoma'),('ec46474c-3117-4c20-98c8-776dfa43c13f','GT5S1ELDSBJW','2012-02-24','2012-03-13','Wilson disease'),('ec593bf0-5cce-414f-8619-aad5084369f7','MZQDPF0LHEDT','2012-02-17','2012-03-26','Cataract total congenital'),('ec7efc35-8566-4089-bcf4-4ce8ab579ed6','UW7CBUBOBQ6Q','2012-01-03','2012-03-08','Smith-Magenis syndrome'),('ecf9922e-e4f4-4ba8-98b6-4f8b3adec5ae','O14CNRCBPMWM','2012-02-15','2012-03-02','Ellis Van Creveld syndrome'),('edac37ed-1970-4290-9442-87ab0cc9db76','3Q6EKZ1GD6HR','2012-03-06','2012-03-12','-hydroxyacyl-CoA dehydrogenase long chain deficiency of'),('edbc11d4-6f4d-4181-a9b8-bd116bb83f0f','5ZOOV3RP1MLU','2012-03-26','2012-04-20','Wegener granulomatosis'),('ee7d34ce-12cd-448b-90ad-f66b813931e4','AAJD4VEU3R3N','2012-02-04','2012-03-13','Polyarteritis nodosa'),('ee8717be-7075-42cb-a550-9f8199c6c362','RW9L1YRNL068','2012-01-19','2012-04-04','Aniridia sporadic'),('ee8eb1a4-8141-4af5-9462-1715e25d920a','P9JCHSVQOCCY','2012-03-11','2012-04-21','Ehlers-Danlos syndrome classic type'),('ee9a9f6a-bf49-44c3-8a42-4c67c46c9076','WQSI1JZ2YQZA','2012-03-06','2012-03-19','Marfan syndrome'),('ee9b2a60-2664-49a1-ac2b-42d859f3d8df','W68ZHWLH5BX5','2012-01-16','2012-03-23','Christ-Siemens-Touraine syndrome'),('eebb51eb-9b7e-4780-9db8-552613a83299','4WP7L2UWIYRJ','2012-01-21','2012-03-01','Fructose intolerance'),('eee1e196-ddd9-4d64-8459-2dde95b48ef9','FP54JSIX854A','2012-03-23','2012-03-21','Cataract total congenital'),('efdbbc01-fc32-4027-9ded-697b775d23ad','HVUOZOBD5OT2','2012-02-20','2012-03-08','Mucopolysaccharidosis type'),('f05fa059-310e-4905-879e-10c841f19541','12SKX3ZMADL3','2012-01-20','2012-03-03','Dermatitis herpetiformis'),('f0e4d645-cd91-4615-b5a8-38e43dfd2579','WJY6SXCXC8EY','2012-01-01','2012-04-02','Darier disease'),('f13bc159-6f75-4b48-8a56-1e6605456f47','YZ8JR1E0LDPI','2012-01-02','2012-03-17','Mucopolysaccharidosis type'),('f1b2caa4-91b4-45b1-a74c-dca268d50920','XXTKZKVUU1FB','2012-01-11','2012-04-14','Myeloma multiple'),('f228dbb5-5ec1-4952-b650-e675fa2ee104','6Z02QI9HNE8Y','2012-01-01','2012-04-22','Alpha-sarcoglycanopathy'),('f2750e26-8d9c-4b50-9e20-dba66b40ca38','ZOPYKKTBDZ51','2012-03-01','2012-04-09','Deletion p'),('f295994c-0521-47f1-b7b9-34c8bbf1727a','AS6OH4HLMCLB','2012-02-11','2012-03-07','Osteogenesis imperfecta'),('f2cb048b-b7ab-4d68-b26d-2c2bca433dcc','7890VZKX07NK','2012-01-08','2012-03-23','Pheochromocytoma'),('f3b51700-17ae-47ef-a9d6-8be27124a950','53JX6RODITPK','2012-03-27','2012-03-03','Von Hippel-Lindau disease'),('f46b6aec-4990-40af-9005-28a5bcc805cd','ZGT9A7U5Q8KW','2012-01-03','2012-03-26','prevalence'),('f5b1faf3-af97-4e41-8cc0-6fa46b86c6f1','B4VPDRQA16SM','2012-02-26','2012-03-16','Ataxia telangiectasia'),('f6f18c4d-01ef-4779-9b64-c2bde091115c','0H7KD5NJYRKM','2012-02-25','2012-04-22','Smith-Magenis syndrome'),('f714c0e9-ef70-4f96-bec6-bc767d804867','XEMWE663HFGP','2012-01-23','2012-03-01','Multiple endocrine neoplasia type'),('f756ff07-4f97-439d-b758-280deebc71b8','UDFK6RBDO9HZ','2012-01-02','2012-04-29','Adrenoleukodystrophy X-linked'),('f85bb71d-05af-43fa-9787-315e56938e6c','YDPQ23CAJVXE','2012-03-26','2012-03-29','Achondroplasia'),('f8b6862b-5a28-481e-b7fa-116f040f332d','5VOY7ZL25NSR','2012-02-06','2012-03-16','Estimated'),('f8ed3963-eaa3-47c0-8e01-52e166ad84a8','QKB3VLG22UJ7','2012-03-06','2012-04-01','Glycogen storage disease type'),('f91d83f8-6e0d-4490-ba48-790fe87c036b','UYHD9C7E45TW','2012-01-04','2012-03-21','Lennox-Gastaut syndrome'),('f935787c-4b5f-4da2-938f-d4d1e45e19f8','Y8BN00FNHPAA','2012-01-04','2012-04-01','Nail-patella syndrome'),('f9e2dbe0-f0cc-4bd6-8eff-f6003f01d20d','0UQBIFUDRRXW','2012-01-27','2012-04-16','Multiple endocrine neoplasia type'),('faad092f-f999-4410-bf0f-e390986e36cf','2V5O1P787SV1','2012-02-08','2012-04-07','Niemann-Pick B disease'),('fac28caa-4f50-4adb-b1d9-f5e15dbafe4a','PSJTDZ6KZK02','2012-02-02','2012-04-21','Achondroplasia'),('fb07b209-2115-4e9d-a457-7b7fa12cceca','G5T7XBBI4SA4','2012-01-04','2012-03-27','Microscopic polyangiitis'),('fb0d50fe-3338-4c5b-9414-1640e5955983','H1JEGBMJ2EDJ','2012-02-02','2012-03-14','Ebstein anomaly'),('fb72c540-9a1e-476e-9c6f-f6994360818f','AX6REH4WT1DE','2012-01-26','2012-03-27','Nephronophtisis'),('fbe9b5eb-462e-4e60-a281-840e546848a5','REJ19CZP4B7B','2012-01-22','2012-04-04','Apert syndrome'),('fc184a88-fc31-43b3-937c-6dcf22fee8af','O4ZBA78FMRBB','2012-02-19','2012-04-09','Nemaline myopathy'),('fc7731ba-2145-4212-865c-d75125a56915','S5SJ521ISSUQ','2012-03-07','2012-03-24','Nemaline myopathy'),('fd26dda8-4e1a-4883-946b-ccf4c2cc8c0b','PDHR26KT4Q7L','2012-03-16','2012-04-04','Oesophageal atresia'),('fdc1e72b-077c-4243-958e-c779124bec4b','96CWWB0XYKUA','2012-02-23','2012-04-08','Muscular dystrophy limb girdle type A Erb type'),('fdd71e08-c516-47fe-ad46-6f71acd36b9f','7X77BURWQ6UF','2012-03-15','2012-04-11','MURCS association'),('fe5f555d-88d0-4bb4-b107-b48bc1ae0417','17UFC9BJ3W8R','2012-02-01','2012-04-21','Multiple endocrine neoplasia type'),('fe8bf816-13b9-4abc-9dff-0ee9adcd5876','0404XAD3XVFO','2012-02-20','2012-03-07','Familial adenomatous polyposis'),('ff342f09-78a9-4d55-bc33-00b7f7d1d21d','TKFKW47N8EID','2012-02-02','2012-04-27','Phenylketonuria'),('ff5ebfb9-314a-4bde-958e-1cfff239b377','ICSEDDDDSODP','2012-03-25','2012-03-02','Spastic paraplegia familial'),('ff9f8ac2-09e4-46f1-b001-6c917beb21fe','GJN7D2KT1GC5','2012-03-16','2012-03-27','Myasthenia gravis');
/*!40000 ALTER TABLE `patient` ENABLE KEYS */;
UNLOCK TABLES;

--
-- Table structure for table `person`
--

DROP TABLE IF EXISTS `person`;
/*!40101 SET @saved_cs_client     = @@character_set_client */;
 SET character_set_client = utf8mb4 ;
CREATE TABLE `person` (
  `Active` tinyint(1) NOT NULL,
  `PersonUid` char(37) NOT NULL,
  `FirstName` varchar(90) DEFAULT NULL,
  `LastName` varchar(45) DEFAULT NULL,
  `MiddleName` varchar(45) DEFAULT NULL,
  `Ssn` varchar(11) DEFAULT NULL,
  `BirthDate` date DEFAULT NULL,
  `DeceasedBool` tinyint(4) DEFAULT NULL,
  `Gender` varchar(45) DEFAULT NULL,
  `Address` varchar(256) DEFAULT NULL,
  PRIMARY KEY (`PersonUid`),
  UNIQUE KEY `Ssn_UNIQUE` (`Ssn`)
) ENGINE=InnoDB DEFAULT CHARSET=utf8;
/*!40101 SET character_set_client = @saved_cs_client */;

--
-- Dumping data for table `person`
--

LOCK TABLES `person` WRITE;
/*!40000 ALTER TABLE `person` DISABLE KEYS */;
INSERT INTO `person` VALUES (1,'003d26dc-1fff-44ec-b5e5-e9ad5f4606a0','Kameko','Hood','Oneida','528-44-6348','1964-03-01',0,'Female','Passaic, NJ 07055 18 Old Newbridge Ave.'),(1,'00628f58-446a-4095-8ed8-81080c59c513','Barby','Hulsey','Lanni','572-42-1346','1975-04-05',0,'Male','Saint Paul, MN 55104 7971 Gulf Ave.'),(1,'009cb71f-c256-48c4-a495-f093974d2ce7','Joleen','Mathis','Constanta','913-75-8074','1973-01-03',1,'Female','Apple Valley, CA 92307 670 Clay St.'),(1,'00d07c37-bb2c-4681-9262-0f786e21ac00','Jen','Moorman','Brana','083-78-6929','1981-03-01',0,'Male','3 High Point St.  Rego Park, NY 11374'),(1,'00d6a726-cb1c-4b44-92c4-68760243492f','Coletta','Bowden','Chanda','104-08-3824','1981-02-04',0,'Female','52 Kent Ave.  East Lansing, MI 48823'),(1,'0159973e-f805-4d3b-b1a9-1ff23bc77083','Georgena','Shuler','Annabella','583-02-7587','1974-04-04',0,'Male','620 Delaware Lane  West Bend, WI 53095'),(1,'01a17362-c178-4d6a-b775-d90fdb344917','Frayda','Pulido','Mirabella','510-17-7885','1965-03-01',0,'Female','Gaithersburg, MD 20877 9696 Wild Horse Ave.'),(1,'01a2c112-e4b0-4a87-b81d-671a22d75170','Kanya','Ring','Rowena','601-93-3401','1979-02-02',0,'Male','San Lorenzo, CA 94580 970 Buttonwood Ave.'),(1,'02206018-19a8-4043-8230-f321c2d179a8','Charo','Cambell','Heddi','278-00-3460','1961-01-05',0,'Male','474 North Arcadia Ave.  Raleigh, NC 27603'),(1,'022129b7-5520-4d03-998c-6431ff8b1c9e','Inger','Truong','Olva','569-99-3161','1984-03-04',0,'Female','853 Acacia Ave.  Hamburg, NY 14075'),(1,'024fb3fc-cfde-4280-8fa9-d0c918862061','Staci','Mohr','Josey','106-34-1150','1969-01-03',0,'Female','10 West Railroad Ave.  Glen Burnie, MD 21060'),(1,'02e103eb-b8bf-4f05-9427-584e5957f7b8','Tabitha','Held','Mary','665-98-9810','1975-04-02',0,'Male','7318 Academy St.  Dyersburg, TN 38024'),(1,'02e45549-afa0-422d-874d-6b5b179ce03a','Moyna','Pyle','Dre','337-92-1902','1981-03-05',0,'Female','7898 Jennings Court  Williamstown, NJ 08094'),(1,'02f7a111-e555-4d23-a319-325060ff5d4f','Madelyn','Coffey','Phelia','695-12-1024','1981-04-02',0,'Female','26 Wilson Dr.  Summerfield, FL 34491'),(1,'03518d19-703e-40e5-b075-9161238b8083','Edith','Mcmillan','Jeri','087-57-5622','1977-02-03',0,'Female','221 North 53rd St.  Satellite Beach, FL 32937'),(1,'03abeb49-fa78-42e5-bcf5-04a52b23871e','Dona','Dew','Marilin','193-79-4730','1975-03-02',0,'Male','Park Forest, IL 60466 475 Sage St.'),(1,'03ad1927-b676-4fe8-94f8-277a6d9b7cc8','Carri','Alonso','Beryle','787-32-1024','1978-02-05',0,'Male','8450 W. 53rd St.  Roswell, GA 30075'),(1,'0418f50c-4f58-4b60-8b33-003ae7faa843','Fanya','Coons','Fae','110-34-0647','1965-02-05',0,'Male','Clinton Township, MI 48035 800 Cross Lane'),(1,'04873f81-562e-48c4-b934-16fff153829d','Orelie','Moreno','Raven','826-10-8931','1978-04-03',0,'Male','Gaithersburg, MD 20877 9696 Wild Horse Ave.'),(1,'04b6225e-e631-451e-8872-c9306cf8ce98','Heddi','Samples','Josselyn','661-34-3815','1976-04-02',0,'Male','3 High Point St.  Rego Park, NY 11374'),(1,'04c1d24c-abe9-4419-8f39-ea1ef7fd35b4','Calley','Skipper','Shirleen','626-67-8556','1968-03-03',0,'Female','76 Lincoln Lane  Hollywood, FL 33020'),(1,'04f7aa1b-ce5e-4a96-bac5-b96e78b8ae48','Geralda','Picard','Molli','618-31-5902','1960-04-01',0,'Male','Lumberton, NC 28358 95 Pumpkin Hill Drive'),(1,'059f75d6-77cb-436b-aab4-8492dac103be','Kacey','Sweeney','Teodora','858-13-2917','1984-03-05',0,'Male','Clinton Township, MI 48035 800 Cross Lane'),(1,'05f7e049-69ce-42a9-b9fd-203922175c18','Quintina','Arellano','Krystle','529-20-0396','1961-03-01',0,'Female','Suite 423  Brentwood, NY 11717'),(1,'05fd8081-51c4-476e-abaf-ef54a9699703','Bibbie','Francisco','Darsey','441-03-7824','1969-02-03',1,'Male','9729 Dunbar Rd.  Land O Lakes, FL 34639'),(1,'06f8af67-87cf-4103-b925-e86f602bd0d8','Tarah','Alicea','Darcy','317-81-9241','1967-01-01',0,'Female','Wenatchee, WA 98801 7356 Smith Dr.'),(1,'07079b6b-29d1-4e96-82c6-96f04f900f7b','Meredithe','Bunker','Roanna','646-43-7084','1962-02-05',0,'Female','703 Sycamore Drive  Unit 27'),(1,'07c141bb-9c0c-4e3f-a7fa-23f47d6015c9','Kenna','Buffington','Maxie','566-31-2876','1978-03-02',0,'Male','562 Jockey Hollow Road  Princeton, NJ 08540'),(1,'08cd33a2-63cb-49d1-ae75-b69c5c66390f','Sammy','Stafford','Juliet','097-86-7441','1983-02-05',0,'Female','95 Hill Drive  South Portland, ME 04106'),(1,'08f2d11b-b9b2-4545-9b51-29384aa6a366','Gwenora','Alba','Malissa','270-85-9650','1973-01-04',0,'Male','Battle Creek, MI 49015 324 Manchester Rd.'),(1,'090e1d93-06a2-421f-a70c-7c18fef7ccef','Minne','Bull','Meggy','488-05-9720','1972-01-03',0,'Female','Park Forest, IL 60466 475 Sage St.'),(1,'0939c9b3-71e8-4f2e-96ae-56fba32aca03','Minerva','Chen','Glenna','346-55-3122','1977-04-01',0,'Male','188 Rocky River Street  Summerville, SC 29483'),(1,'0999084c-b804-4be4-9fdf-97de9178227e','Toma','Trotter','Nicole','461-12-6720','1972-02-04',0,'Female','8992 Pacific St.  Wake Forest, NC 27587'),(1,'0a190520-09a2-4c03-a926-c809d19134cc','Tillie','Bacon','Rahel','894-59-9371','1962-03-01',0,'Female','Buffalo, NY 14215 8567 Fulton Road'),(1,'0a7f34a6-1f52-4f04-8dc7-cfd4d5de4d65','Davina','Usher','Sherye','405-87-9908','1975-01-05',0,'Female','Madison, AL 35758 9071 Park Avenue'),(1,'0a8d684b-6804-4db8-9d4a-a70c05218bb4','Bekki','Cornell','Jaimie','426-40-4493','1980-03-04',0,'Female','7 School Ave.  Buffalo, NY 14215'),(1,'0af67fa9-46c7-49f3-8383-ffbcac5f119d','Milli','Battles','Sibilla','560-40-4162','1969-01-05',0,'Male','Saratoga Springs, NY 12866 7 High Ridge Dr.'),(1,'0bcced2e-cb61-4590-b6e7-a32dcdfc6dc1','Clarinda','Poe','Grayce','674-83-5143','1976-02-01',0,'Male','50 East Jockey Hollow St.  South Windsor, CT 06074'),(1,'0c609fff-e5c9-40fd-ae46-78330f6b4633','Suzi','Luciano','Engracia','006-09-3416','1971-04-04',0,'Female','Vienna, VA 22180 99 West Oak Lane'),(1,'0c660bf4-c2bf-4420-87e3-d7a2c81af344','Catlin','Cowley','Aigneis','864-08-4850','1967-01-05',0,'Female','Mc Lean, VA 22101 16 Edgemont St.'),(1,'0c8bce89-ceb3-46b6-8864-aae137b2f075','Maryl','Bishop','Audrye','478-82-8066','1961-03-03',0,'Female','946 Valley Farms St.  Tualatin, OR 97062'),(1,'0cccf4cd-f5f2-4bef-95b0-0dbd11292b34','Allyn','Cochrane','Elisha','491-98-8115','1980-02-05',0,'Male','7 School Ave.  Buffalo, NY 14215'),(1,'0d323651-cd73-4e48-9dfc-96a8fc9044ab','Bel','Cassidy','Jaquith','777-32-5285','1982-02-02',0,'Male','Opa Locka, FL 33054 120 Theatre Street'),(1,'0dd349c0-be04-4031-8a5c-e26ed68621bc','Crissie','Haskins','Bunnie','802-70-9156','1963-03-05',0,'Female','418 Brookside Lane  Pasadena, MD 21122'),(1,'0def775c-67ef-44f3-9c99-5a0cdb6f9e85','Dyann','Terrill','Petronia','723-74-9111','1970-03-03',0,'Female','21 E. Lake Forest Ave.  Glen Allen, VA 23059'),(1,'0dfb84a3-952a-4ddd-b012-3361cb9d5f4b','Sibley','Connell','Adela','011-83-6812','1973-01-05',0,'Female','8657 Wayne Circle  Cedar Falls, IA 50613'),(1,'0e4ad3b3-ceab-4587-8f72-7410bf2da593','Hana','Hanlon','Benedikta','775-62-6480','1978-02-02',0,'Male','Zionsville, IN 46077 53 South Gregory St.'),(1,'0e79ccda-7e9d-4cec-8073-fde38f3b754a','Georgette','Smallwood','Korella','005-85-7378','1975-03-02',0,'Female','Cuyahoga Falls, OH 44221 8577 North Country Club Rd.'),(1,'0ea1d3da-0cb1-45d5-bd00-d08df49a989e','Janel','Stark','Shana','734-35-2838','1971-02-04',0,'Female','Sun Prairie, WI 53590 88 Cedarwood Dr.'),(1,'0eca5395-9d30-4f93-886a-3602702b430e','Carolee','Lehmann','Claribel','400-47-8981','1964-01-03',0,'Male','Cedar Falls, IA 50613 414 Grove Street'),(1,'0f26128e-3259-4c0f-a0b5-8c35bc4005f6','Lida','Doe','Pennie','216-72-2355','1981-01-03',0,'Female','Elizabethton, TN 37643 9588 Marsh Dr.'),(1,'0f39dc7f-986e-4968-811a-eea49257ee8b','Britt','Mccain','Sydel','219-92-6100','1974-01-04',0,'Female','24 Ketch Harbour St.  Ozone Park, NY 11417'),(1,'0f789581-3f74-4b25-9730-326b6103b360','Sashenka','Spencer','Karissa','670-88-3399','1983-03-02',0,'Female','Battle Creek, MI 49015 324 Manchester Rd.'),(1,'0f811b62-97d5-422a-8dcc-9b5a190ad900','Janeen','Breen','Gerta','789-54-0514','1965-04-05',0,'Male','Seymour, IN 47274 282 Sulphur Springs St.'),(1,'0fec7107-c140-4566-9dee-197154ccf443','Ranna','Fultz','Becca','837-41-4006','1965-04-03',0,'Male','24 Ketch Harbour St.  Ozone Park, NY 11417'),(1,'0ffe600b-e709-4187-bea7-b7e619b0ca96','Ibbie','Casas','Marrilee','185-54-1736','1974-03-03',1,'Female','Fair Lawn, NJ 07410 2 Spruce St.'),(1,'10d4dd6b-c436-4bd0-967a-74b0d0e9fbdb','Kittie','Hurst','Maddy','559-80-1167','1976-04-05',1,'Female','Camas, WA 98607 7711 Pleasant Ave.'),(1,'10f2a081-ac05-47db-b480-cd80e80f6c35','Robinetta','Shivers','Deb','778-22-8209','1972-02-01',0,'Female','North Augusta, SC 29841 69 6th Lane'),(1,'1183a2f0-76fe-47c5-bef3-2fd4f221a9a3','Lacee','Vidal','Greta','205-69-8908','1971-03-02',0,'Male','26 Wilson Dr.  Summerfield, FL 34491'),(1,'11ec01ed-51d8-48e6-afe9-cd7a2ce8b4af','Tammie','Jessup','Eleonora','528-29-2687','1979-02-03',0,'Male','Battle Creek, MI 49015 324 Manchester Rd.'),(1,'120a53cb-0125-45f5-b153-1931a0ea472f','Sharon','Mcculloch','Brandice','520-11-1001','1965-03-03',0,'Male','Berwyn, IL 60402 795 Middle River Ave.'),(1,'1222a1a0-34b9-43f4-b53e-2fce916525c9','Silvie','Vargas','Marilin','262-04-8519','1976-01-04',0,'Female','Zionsville, IN 46077 53 South Gregory St.'),(1,'12538cfe-3146-4383-b838-0c1b682ba9b8','Bunny','Brandenburg','Lorenza','453-08-9839','1963-01-03',0,'Male','9204 Old Beach Street  Huntington, NY 11743'),(1,'125aa6f8-987b-481f-91da-2ff0b1125497','Deonne','Tabor','Tish','511-88-5821','1976-01-05',0,'Male','Revere, MA 02151 681 Thorne Ave.'),(1,'1300dce0-94a7-422e-8ad5-8b9785b448cc','Maressa','Nye','Gustie','126-87-2889','1969-04-04',0,'Female','Battle Creek, MI 49015 324 Manchester Rd.'),(1,'13192204-78c2-4c12-b935-40b591fa9c74','Pattie','Gantt','Berry','879-02-0034','1983-03-04',1,'Female','Port Jefferson Station, NY 11776 7143 Pumpkin Hill Street'),(1,'135ce04c-765d-4ad2-a4ad-a1de58f8ec36','Pet','Rushing','Carry','372-77-6705','1982-02-05',0,'Female','Mc Lean, VA 22101 16 Edgemont St.'),(1,'13670069-ff08-4c98-9dd6-653554837286','Frank','Espino','Linzy','683-61-3029','1968-02-01',0,'Female','Mc Lean, VA 22101 16 Edgemont St.'),(1,'139a769c-4b2d-4fa7-a78b-ed3a2d32fe96','Iormina','Comstock','Bella','955-12-9723','1977-04-04',0,'Male','Satellite Beach, FL 32937 86 Locust St.'),(1,'1419a5fe-553a-437c-8955-d354a23e3f22','Orsa','Ferrell','Julia','733-07-7615','1980-02-01',0,'Male','8699 S. Oak Street  Bridgewater, NJ 08807'),(1,'14b0c691-303f-4ce2-849b-c21c69d03a88','Desiri','Settles','Felicity','378-92-0279','1965-01-05',0,'Male','New Britain, CT 06051 19 Morris Dr.'),(1,'14f5dfcf-0f43-4bd5-94bc-9c99e51dcf34','Dierdre','Stinson','Allsun','850-08-4469','1981-04-02',0,'Male','Reading, MA 01867 9448 School Street'),(1,'1509d582-4617-4d03-a647-37e8e3b0df4f','Karoline','Clevenger','Corliss','282-02-5742','1984-04-04',1,'Female','Easley, SC 29640 814 Pine Lane'),(1,'155788be-ef32-4472-a0d6-145ee5dbea51','Guillemette','Tice','Eddi','273-94-6143','1985-02-03',0,'Female','Waterloo, IA 50701 799 Peachtree Ave.'),(1,'157a424c-a402-40e7-bbb6-848614c173c9','Riki','Shively','Dulce','371-01-0526','1973-03-04',0,'Female','9055 West Madison Lane  Smyrna, GA 30080'),(1,'15d02f08-e75b-4568-bab6-fa6304dfb66e','Noella','Creamer','Adrienne','239-16-0810','1977-03-04',0,'Female','Battle Creek, MI 49015 324 Manchester Rd.'),(1,'166e2d6a-0d9a-4d83-9271-930d4f2f9a23','Gert','Hatcher','Dierdre','263-35-7785','1978-02-03',0,'Male','221 North 53rd St.  Satellite Beach, FL 32937'),(1,'16b709ca-1fc3-493c-9d0a-f2f521f470ee','Damaris','Nash','Lorrin','017-24-0916','1978-03-03',0,'Male','730 Prairie Dr.  Virginia Beach, VA 23451'),(1,'16bbf772-1133-4eb5-8bba-6d2a1358ce06','Audrey','Andrade','Madel','332-45-9541','1978-04-05',0,'Male','95 Hill Drive  South Portland, ME 04106'),(1,'16d2cb46-e86b-4c9a-99d0-d95d2fb4723d','Inessa','Maple','Darell','834-83-5860','1977-04-05',0,'Female','52 Kent Ave.  East Lansing, MI 48823'),(1,'172a6656-0d94-408d-a6a4-46a2860895f4','Robina','Vigil','Domeniga','921-29-7567','1967-01-04',0,'Male','Seymour, IN 47274 282 Sulphur Springs St.'),(1,'176032a9-b3fb-4dd1-8e1a-fc9d7daa1e5c','Gwennie','Guy','Sarita','100-82-6269','1972-03-04',0,'Male','The Villages, FL 32162 96 NW. Annadale Road'),(1,'177d5594-434d-4a4a-84c3-e8b7ab93d273','Selene','Quillen','Hanni','962-57-9777','1967-04-03',0,'Female','9058 Kent Court  Brooklyn, NY 11201'),(1,'17bf05e3-0c3a-45f6-894c-24e0996c44f9','Ivory','Mooney','Rania','675-29-7637','1985-02-04',0,'Male','9123 Golden Star Dr.  Nazareth, PA 18064'),(1,'17fde832-8041-44a8-a533-039371e6a1c5','Hortense','Pickens','Noami','864-75-4075','1972-03-01',0,'Female','Galloway, OH 43119 17 E. Smoky Hollow Avenue'),(1,'1844d279-1eec-4dbd-9028-506632204a38','Annis','Falcon','Barbra','091-91-8838','1963-01-02',0,'Male','620 Delaware Lane  West Bend, WI 53095'),(1,'19689511-4055-4f36-b194-be6f8427b4d9','Lorita','Rey','Georgine','422-82-2940','1972-01-02',0,'Female','Pelham, AL 35124 99 Manor St.'),(1,'197681e4-23f1-4fc7-be48-d0e5b19c4792','Ansley','Bedard','Alene','688-71-2312','1960-02-03',0,'Female','The Villages, FL 32162 96 NW. Annadale Road'),(1,'197d8ea5-c47a-4c0b-82aa-dcfa9ee08026','Rowena','Mcvey','Gertrude','532-97-3737','1970-04-04',0,'Male','Berwyn, IL 60402 795 Middle River Ave.'),(1,'19d3f22f-ef04-41a5-abd7-5a17f11c625e','Fredrika','Lombard','Jeannette','324-07-6402','1984-04-04',0,'Female','9058 Kent Court  Brooklyn, NY 11201'),(1,'1a29afb6-2f1c-42c6-8274-36db9421f113','Lyndel','Rodriguez','Jaclyn','034-00-9950','1970-02-04',0,'Female','Glen Cove, NY 11542 571 Oakland Street'),(1,'1ac2e0b6-4716-4ed2-b3e0-fcfb08e33efe','Therine','Clayton','Genia','583-15-5672','1962-03-05',0,'Male','7426 Iroquois Lane  Desoto, TX 75115'),(1,'1ac853df-4c61-4d7b-8bb7-b3e8ff4e1bcd','Lizbeth','Pappas','Annabela','219-87-2504','1966-01-01',0,'Male','Mchenry, IL 60050 8972 Acacia St.'),(1,'1aee8362-07c3-47f3-b48e-a90e34c4806d','Mehetabel','Justice','Emelita','483-45-7538','1974-03-02',0,'Male','Meadville, PA 16335 98 South Hawthorne St.'),(1,'1b9f8ecb-3cd2-41b5-9478-af4fe9897974','Lishe','Cavanaugh','Ajay','924-07-2621','1960-04-04',0,'Female','Endicott, NY 13760 29 Glenholme Drive'),(1,'1bec198c-2b23-48f0-9792-8f436861dcc8','Nan','Bennett','Marabel','535-38-9135','1975-04-05',0,'Female','75 Beacon Rd.  Mason City, IA 50401'),(1,'1bee6b6a-618b-481c-8269-80f193d709f3','Livia','Castellanos','Lavina','454-80-2593','1967-01-01',0,'Male','9678 Oakland Avenue  Indianapolis, IN 46201'),(1,'1c0acce5-95f3-4d3f-87e4-8ff49f0f6352','Ralina','Garber','Etti','930-98-9203','1981-01-02',0,'Female','Alexandria, VA 22304 859 Windfall Rd.'),(1,'1c2c8134-c2d6-45fc-b14f-23b999157dcb','Merna','Doty','Giustina','405-01-5989','1981-02-05',0,'Male','Spartanburg, SC 29301 784 North Cemetery Dr.'),(1,'1c307a67-88ae-4006-a586-901551faa5d9','Eda','Beaudoin','Laurianne','625-22-3269','1985-03-03',0,'Female','Camas, WA 98607 7711 Pleasant Ave.'),(1,'1c44f18a-4747-458e-98b7-0ef8c10539d8','Breanne','Boland','Julina','029-44-6278','1968-02-01',0,'Male','Seymour, IN 47274 282 Sulphur Springs St.'),(1,'1c52dbf7-db8b-4710-a0a5-5eb0768da05e','Melonie','Blank','Mada','927-15-2829','1970-03-01',0,'Male','10 West Railroad Ave.  Glen Burnie, MD 21060'),(1,'1c85d225-4445-4dc4-84b5-ec33b0f3a9ad','Lanna','Craft','Gui','459-82-4125','1966-02-02',0,'Male','Plattsburgh, NY 12901 51 Cedar Swamp Avenue'),(1,'1cd9bf63-8ea6-4319-bc6e-296dc070820d','Brear','Humes','Ingaborg','996-64-6447','1977-03-03',0,'Male','Piqua, OH 45356 866 Manor Lane'),(1,'1d29cbd9-9351-412e-9df5-839b50646f5b','Sharity','Chestnut','Alvinia','329-08-2452','1983-04-04',0,'Female','9218 Livingston St.  Gulfport, MS 39503'),(1,'1d2f08ea-da9e-467a-a615-6a7f858ef463','Roxine','Doty','Debi','603-44-1061','1962-02-01',0,'Female','525 S. Thompson Street  Superior, WI 54880'),(1,'1d52a2d2-ed30-4817-9f73-694b7e19bc54','Chad','Mabe','Harmony','218-18-1347','1970-03-02',0,'Male','Saginaw, MI 48601 15 York St.'),(1,'1dab1e2c-5656-4e5a-8ac2-982fac0419f2','Flor','Tatum','Lori','879-46-2608','1971-03-03',0,'Female','Fond Du Lac, WI 54935 148 Van Dyke Dr.'),(1,'1dc0fadb-f274-4fb3-ac5d-7d95d7426ba0','Cortney','Grier','Kaitlin','619-98-6529','1962-02-05',0,'Male','New Philadelphia, OH 44663 8 W. Morris Road'),(1,'1deda4d0-049d-495a-8aaa-6a853adb79ea','Kiley','Roller','Bernetta','033-67-6389','1982-02-05',0,'Male','78 Williams St.  Burnsville, MN 55337'),(1,'1e467722-6e3b-4554-8f45-4d4d0dc45c36','Michal','Fiore','Kaye','612-85-3637','1969-04-04',0,'Male','38 Smith Store St.  Reisterstown, MD 21136'),(1,'1e543121-e1dc-409e-975d-e525d722d755','Julietta','Colson','Crystie','019-95-0661','1979-04-03',0,'Female','Park Forest, IL 60466 475 Sage St.'),(1,'1e566267-4a5d-4ffe-9dc6-9503f905d4c5','Elnore','Tyree','Jolynn','578-80-4675','1968-02-02',0,'Female','Bardstown, KY 40004 159 Edgefield St.'),(1,'1e97af05-a948-4d01-afb9-e4aa81a70f50','Cthrine','Salinas','Elka','511-63-6410','1971-03-02',0,'Female','Faribault, MN 55021 8608 S. Grant Street'),(1,'1ebc3991-36bd-4334-b0c1-490658b13dd0','Candy','Polanco','Faydra','582-52-4695','1985-03-04',0,'Female','7 School Ave.  Buffalo, NY 14215'),(1,'1ebe0ece-2994-4d09-b9cd-e6ed6d32a82a','Bianka','Gooden','Patrice','521-72-0717','1972-01-02',0,'Female','Revere, MA 02151 681 Thorne Ave.'),(1,'1ee2dd99-5116-4daa-915f-efa7ddfcd5a4','Alex','Gage','Gretal','828-71-9839','1972-02-05',0,'Female','Apt 4  Fairfield, CT 06824'),(1,'1f14090f-873c-476f-ab37-30bb61dca312','Karylin','Bohn','Peta','331-74-1168','1980-01-02',0,'Female','Saint Augustine, FL 32084 9488 Sutor Road'),(1,'1f22439b-ba57-4b6e-aad9-dca92a71de44','Darcee','Hudson','Florencia','594-21-7220','1974-03-01',0,'Female','Chicago, IL 60621 29 Sleepy Hollow St.'),(1,'1f2ca0e2-00ea-4d36-9b92-905ffb72ea99','Silvie','Land','Erina','892-79-6772','1979-03-01',0,'Female','221 North 53rd St.  Satellite Beach, FL 32937'),(1,'1fd36625-dee0-4c22-a58f-01e357dd7647','Lorette','Saunders','Terra','125-05-0567','1976-02-03',0,'Female','Defiance, OH 43512 616 Brickyard Avenue'),(1,'1fee55be-6f45-49cc-a013-92a07b067680','Elonore','Felton','Dee','581-65-0207','1966-02-01',1,'Male','Berwyn, IL 60402 795 Middle River Ave.'),(1,'20a6c28b-ed31-4b55-8809-8eda958badca','Laetitia','Shah','Fiona','671-11-6239','1967-04-03',0,'Female','Stratford, CT 06614 783 Locust Drive'),(1,'20d1f4af-4a0f-43b9-8ae5-d3c3ac4343e5','Correy','Veal','Camala','339-43-1934','1975-02-03',0,'Male','46 St Paul Ave.  Oswego, NY 13126'),(1,'21585b3d-d2db-46ab-9d96-e8912e09557f','Antonie','Bays','Madonna','599-67-2053','1971-04-04',0,'Male','293 Dunbar Ave.  South El Monte, CA 91733'),(1,'21a1a0dd-8cd6-4a7e-bead-b52b84725a51','Sherilyn','Dickens','Gilda','557-88-2150','1980-03-03',0,'Female','49 Birch Hill Dr.  Bronx, NY 10451'),(1,'21e80fe1-1570-4223-9b73-26221415f4c4','Adi','Brewster','Eryn','749-39-0913','1982-04-05',0,'Male','Berwyn, IL 60402 795 Middle River Ave.'),(1,'22e19543-cf30-47c4-851d-360ee80d9f66','Mommy','Shaffer','Donnie','183-00-3006','1975-04-03',0,'Female','Easley, SC 29640 814 Pine Lane'),(1,'230f3de4-2bd7-4504-8d2b-6535bf25b915','Nathalia','Burris','Blinnie','899-52-8407','1973-01-01',0,'Male','Bethesda, MD 20814 414 Greenrose Ave.'),(1,'2315005f-935c-4a22-8a1b-4b4b3836c650','Jolynn','Hidalgo','Trista','547-56-1623','1962-03-02',0,'Female','Waterloo, IA 50701 799 Peachtree Ave.'),(1,'231a178b-b767-414e-b3a2-e834b900616d','Lolita','Solano','Flo','339-14-1705','1960-04-02',0,'Female','9270 Galvin Lane  Plainview, NY 11803'),(1,'238862da-139a-48c1-86fc-32bafc1846d3','Roxane','Wick','Rena','814-35-8920','1964-03-03',0,'Female','2 Newport St.  Princeton, NJ 08540'),(1,'23bd2752-da31-4bf0-9fe1-0dd8284c2e0f','Ki','Albert','Marrilee','657-82-5486','1960-03-03',0,'Female','Yakima, WA 98908 74 Rocky River St.'),(1,'23bf2e09-8a5f-4c38-867f-6005472727c7','Juliann','Vallejo','Sarine','701-20-5403','1978-03-01',0,'Female','8603 Valley Dr.  Olympia, WA 98512'),(1,'24602c3c-9063-4c64-9a9e-8a03bc421d28','Peggie','Mcfall','Aleece','721-40-5634','1980-04-03',0,'Female','93 Garfield Ave.  Cedar Rapids, IA 52402'),(1,'24696708-c315-4f5a-9537-e8e27f9b2c8c','Donetta','Higdon','Jana','444-90-4551','1960-04-02',0,'Male','8657 Wayne Circle  Cedar Falls, IA 50613'),(1,'24a97870-c978-4870-b485-51c43b5d0bac','Margaretha','Trinidad','Nesta','242-06-6543','1979-02-01',1,'Male','Seymour, IN 47274 282 Sulphur Springs St.'),(1,'24ae75db-e8a7-4130-8ce5-21673fa1e254','Orsa','Fulmer','Clea','385-88-0680','1966-01-02',0,'Female','Winter Springs, FL 32708 8182 Mayfair Street'),(1,'24b4fcda-4c2d-4b6c-ae08-44a27a41e5e3','Casey','Farias','Myra','311-31-1546','1971-03-04',0,'Female','49 Birch Hill Dr.  Bronx, NY 10451'),(1,'24f69967-e5be-45de-b4f9-20ccdf3e99ca','Rena','Moreau','Danyette','619-82-6076','1965-03-03',0,'Female','7343 West Peg Shop Street  Matthews, NC 28104'),(1,'251f4ab2-f6d0-4aa1-b0d9-e0b647d127b1','Leora','Guajardo','Clem','018-28-4780','1968-02-04',0,'Male','9204 Old Beach Street  Huntington, NY 11743'),(1,'258bcc5f-4a51-4730-8c0a-5fc0656625af','Shoshanna','Mata','Lindsy','621-82-7070','1980-01-04',0,'Female','Saint Paul, MN 55104 7971 Gulf Ave.'),(1,'25cd1147-9cff-43f3-99b4-1c8aaa607561','Susann','Bullard','Norah','285-22-3379','1981-02-01',0,'Male','Stratford, CT 06614 783 Locust Drive'),(1,'25d428e7-a513-4859-8183-4464149385c1','Addi','Jewell','Mildred','470-42-1879','1965-04-05',0,'Female','46 St Paul Ave.  Oswego, NY 13126'),(1,'25db918e-8656-45ca-8ee7-16c819ef91bb','Gray','Castellano','Giana','585-48-5786','1965-01-02',0,'Male','Apple Valley, CA 92307 670 Clay St.'),(1,'263b24e7-c8f6-4cb6-814e-2a46c582262e','Patti','Haggard','Marie-Jeanne','725-17-8073','1977-04-05',0,'Male','Marlborough, MA 01752 350 White Drive'),(1,'2683bfce-e9e5-443e-98fc-9a618be35dd7','Ciel','Woodruff','Karena','972-18-0487','1971-01-02',0,'Female','9218 Livingston St.  Gulfport, MS 39503'),(1,'27e2b141-0666-4d85-8760-fa17d5cc785c','Jania','Adamson','Jerrilee','149-80-9030','1966-04-01',0,'Female','Circle Pines, MN 55014 8203 Academy Drive'),(1,'28fd6149-d915-4712-a92f-14e08d910859','Jonell','Troy','Jasmina','158-72-6254','1960-03-02',0,'Male','474 North Arcadia Ave.  Raleigh, NC 27603'),(1,'290624bd-244f-448e-8424-7fd54346f5c0','Chere','Lovell','Ellene','717-40-8138','1970-02-05',0,'Male','Alexandria, VA 22304 859 Windfall Rd.'),(1,'2922d8af-1b0d-4336-9760-3a3824af423e','Dorette','Le','Sibylle','584-55-8853','1978-04-04',0,'Female','9204 Old Beach Street  Huntington, NY 11743'),(1,'29473e4b-3ea7-44ad-9099-bfe3f99638c6','Jamima','Archer','Janie','102-10-7924','1981-02-01',0,'Male','95 Hill Drive  South Portland, ME 04106'),(1,'294840ea-cb08-4115-be9d-b4f8dfc23010','Anabel','Wood','Corrie','806-68-4217','1961-02-05',0,'Female','Beaver Falls, PA 15010 727C W. Church Road'),(1,'29aabe9f-8d16-43cf-b9d3-63492758e8e1','Hana','Luce','Jessalyn','104-80-2013','1982-01-03',0,'Male','Camas, WA 98607 7711 Pleasant Ave.'),(1,'29cfecff-edd4-4c69-9584-34633c0c4c2f','Rivalee','Shields','Monique','110-78-1491','1964-01-02',0,'Male','3 High Point St.  Rego Park, NY 11374'),(1,'29eccf1e-b2b2-4b85-ad1a-0592391c7b6f','Pepi','Ahern','Tarra','459-60-0113','1980-03-05',0,'Male','9971 Young Street  Holland, MI 49423'),(1,'2a0bc4cb-b744-4016-8dda-e1fae9d67b51','Mufi','Murrell','Genevra','878-14-8141','1963-02-03',0,'Male','131 Arcadia Street  Bronx, NY 10451'),(1,'2a839f23-cee3-4517-b9a5-d5f24bd8a25f','Dasi','Vue','Shellie','889-32-2343','1966-02-01',0,'Male','418 Brookside Lane  Pasadena, MD 21122'),(1,'2ac3f514-f7d4-4322-a984-1e12fc07a105','Demeter','Gay','Misti','033-30-1042','1978-02-03',0,'Female','Bethesda, MD 20814 414 Greenrose Ave.'),(1,'2ac8ab7f-1414-4d5e-b0a8-6875f5eb78d6','Loralie','Grove','Bonnie','207-28-1801','1966-01-02',0,'Female','Clinton Township, MI 48035 800 Cross Lane'),(1,'2ae8ae56-dcab-412a-8026-7d87fa036e45','Amandie','Hong','Sibella','384-65-1092','1973-02-01',0,'Male','Fair Lawn, NJ 07410 2 Spruce St.'),(1,'2b7bdc3f-6cb3-47b9-a9ee-956ef4a864a6','Jerrilee','Moon','Alyss','791-25-0504','1974-01-02',0,'Male','49 Tower Dr.  Farmingdale, NY 11735'),(1,'2be4e918-ca66-4741-912f-31eb50724b09','Ana','Pettway','Clementia','999-34-8085','1984-04-01',0,'Female','7932C Garfield Ave.  West Islip, NY 11795'),(1,'2c087ffa-ee8a-4b58-a6bc-4cc341a7ba47','Dayna','Alvarado','Riki','035-43-0982','1980-04-05',1,'Male','Gaithersburg, MD 20877 9696 Wild Horse Ave.'),(1,'2c588392-f28e-4e3e-8ac9-06a655991346','Fernandina','Coffman','Didi','445-67-9936','1984-04-02',0,'Female','Saint Cloud, MN 56301 60 Vermont Dr.'),(1,'2cffa1d4-8331-4f05-aa2d-83ad1e90c9df','Dennie','Cousins','Demetria','103-61-5715','1972-03-03',0,'Male','Opa Locka, FL 33054 120 Theatre Street'),(1,'2d226e55-64ef-45e8-b8ba-df509bd80fba','Cari','Sparks','Sheeree','818-91-0232','1978-04-02',0,'Female','Mc Lean, VA 22101 16 Edgemont St.'),(1,'2d4d943e-25f8-4ea0-9799-4922877b0a34','Annnora','Velez','Mimi','904-80-0425','1962-03-03',0,'Female','Apple Valley, CA 92307 670 Clay St.'),(1,'2d99a61a-3b60-4833-b55d-3d7a407e1684','Arlee','Mcinnis','Alica','114-61-6869','1969-04-04',0,'Female','Grosse Pointe, MI 48236 80 Tower Avenue'),(1,'2db1941d-6e82-49d0-bd12-d10407f7f9bb','Oneida','Bowers','Heddi','636-19-5595','1961-03-04',0,'Female','8699 S. Oak Street  Bridgewater, NJ 08807'),(1,'2e27787b-0f35-4974-b512-1e8880f89e47','Piper','Heckman','Lotti','476-02-1069','1968-01-03',0,'Female','Spring Valley, NY 10977 8978 South Fifth St.'),(1,'2e423aeb-fc22-46c4-8e54-1860acc250fb','Kyla','Lau','Tiffie','468-84-1455','1964-02-04',0,'Female','New Britain, CT 06051 19 Morris Dr.'),(1,'2efd4520-b784-46ff-a8d5-4c885b45d255','Lynsey','Packer','Gates','010-15-7405','1965-03-04',0,'Male','Thibodaux, LA 70301 7618 North Lantern Ave.'),(1,'2f19a569-5dc1-49bb-b719-3aa2ff5b3457','Devan','Boykin','Nellie','617-88-4660','1964-04-04',0,'Female','21 E. Lake Forest Ave.  Glen Allen, VA 23059'),(1,'2f35e2db-7bb8-483f-9faf-e36527034de7','Maye','Pease','Rahal','912-59-7053','1965-04-01',0,'Male','Bethlehem, PA 18015 113 Devon St.'),(1,'2f88836e-cbe8-4530-a63a-4a7cf9f272b1','Alanah','Gould','Ramonda','858-45-2072','1984-03-01',0,'Male','Meadville, PA 16335 98 South Hawthorne St.'),(1,'2f8b01ad-d200-41ec-8a33-ff1f59e47020','Tandi','Ledbetter','Elsa','524-64-4921','1964-02-04',0,'Female','7507 Trenton Lane  Staunton, VA 24401'),(1,'2f958fc2-a562-4b87-b76c-0d921852c80c','Alyson','Barth','Sabra','222-00-6838','1965-01-05',0,'Male','Bethlehem, PA 18015 113 Devon St.'),(1,'2fb9f150-48e4-4d45-b0c5-208f2cf83961','Kesley','Knoll','Brigida','752-74-4726','1973-03-05',0,'Male','164 Sycamore Street  Herndon, VA 20170'),(1,'2fe51dc0-f66d-4b4a-80c1-dabb64f43e7d','Luciana','Mcduffie','Ines','064-36-4540','1964-01-03',0,'Female','Berwyn, IL 60402 795 Middle River Ave.'),(1,'2fe9f5bd-57d2-46cc-bdc0-5c8550158ac5','Giulia','Dahl','Lisha','329-91-5929','1984-04-03',0,'Female','293 Dunbar Ave.  South El Monte, CA 91733'),(1,'306b7fa3-afc1-4964-93f1-36c82ef1e16c','Gabbi','Walton','Selene','425-03-4142','1968-01-01',1,'Male','131 Arcadia Street  Bronx, NY 10451'),(1,'3070eafe-d0b3-48a6-b66e-b955d36a375d','Tandi','Salisbury','Brenda','798-55-9830','1980-01-03',0,'Male','Summerfield, FL 34491 635 Fulton Road'),(1,'3077d99d-bdcf-4610-9df2-3413d73db696','Elbertina','Morley','Benny','389-45-8248','1965-02-01',0,'Male','Staunton, VA 24401 650 Lake Forest Street'),(1,'309198ce-504e-4cd1-871e-a2c9131958c7','Helaina','Bravo','Emmy','612-76-0072','1961-02-02',0,'Male','Carpentersville, IL 60110 982 Pearl Court'),(1,'30fa160e-0b9e-478f-a3b5-e7947139fb42','Golda','Way','Josephine','255-61-3717','1985-01-02',0,'Male','95 Hill Drive  South Portland, ME 04106'),(1,'3191233d-cd53-4a07-8678-8a20da65f9b8','Gratia','Harbin','Dehlia','459-85-7407','1979-03-03',0,'Female','8992 Pacific St.  Wake Forest, NC 27587'),(1,'31afd1a7-5006-4089-8933-b460cba1a7fc','Karlee','Mcneal','Jordana','123-53-7716','1960-01-03',0,'Female','853 Acacia Ave.  Hamburg, NY 14075'),(1,'31cb4cc5-bdc5-48d1-a022-9822cc173f73','Tara','Hogue','Tine','710-57-6453','1973-02-05',0,'Female','504 Greystone Street  Goose Creek, SC 29445'),(1,'321378b9-2c2e-4768-b6fa-334411c60433','Clementine','Schmitt','Dinah','302-15-0518','1973-01-05',0,'Male','Rolling Meadows, IL 60008 913 Colonial Street'),(1,'326b2ce1-1df5-48f1-8f4a-96620464bbf5','Meredith','Matney','Joella','525-62-6360','1964-04-02',0,'Female','Suite 423  Brentwood, NY 11717'),(1,'3311e925-edf7-411c-a999-b2fbbf714f9d','Jennine','Kearns','Lois','894-15-6526','1969-01-01',0,'Male','418 Brookside Lane  Pasadena, MD 21122'),(1,'33228528-9c0c-48f4-a8a3-8d5af76a5525','Kerstin','Moon','Olimpia','789-03-3469','1974-01-04',0,'Male','525 S. Thompson Street  Superior, WI 54880'),(1,'337fd2e4-adbd-4f02-a843-5bb116bd2c4a','Jacynth','Huntley','Ruthie','146-94-9462','1975-03-03',0,'Male','12 Lyme Avenue  Longwood, FL 32779'),(1,'33fc3a50-3404-4820-8455-b00226e3e692','Lissy','Jansen','Benni','163-11-1620','1966-03-03',0,'Male','Winter Springs, FL 32708 8182 Mayfair Street'),(1,'34024a93-4146-4f95-937f-dbc6e5b87b7c','Lauralee','Merrick','Blair','604-81-7796','1977-01-05',0,'Male','159 North St.  Naugatuck, CT 06770'),(1,'3464202a-64f6-4bdb-b1e3-f3b700786010','Susann','Arthur','Concordia','830-86-9964','1962-01-03',0,'Female','Saint Cloud, MN 56301 60 Vermont Dr.'),(1,'347dcec6-07a0-40f0-bc7b-226cb79353de','Dolli','Madison','Marika','845-72-5718','1975-02-05',1,'Male','8810 Briarwood Street  Homestead, FL 33030'),(1,'349fc2a0-dad0-40da-907e-f36fda74a3e2','Devinne','Dill','Remy','464-50-1082','1966-04-02',0,'Male','734 Cedar Swamp Drive  Clifton, NJ 07011'),(1,'351fdffb-8ae9-4228-ad26-d7e92ff186cb','Kayle','Webber','Clara','770-73-4065','1969-02-02',0,'Male','164 Sycamore Street  Herndon, VA 20170'),(1,'356f6df9-e43b-4a40-928e-5272fb2bc824','Tamarah','Patrick','Shina','365-20-3668','1985-04-05',0,'Male','Windermere, FL 34786 7640 E. Logan Ave.'),(1,'35c42692-85b4-4439-aab9-a95006714b05','Phil','Harper','Ilka','909-80-1054','1970-03-02',0,'Female','7353 Charles Court  Camas, WA 98607'),(1,'35cc5315-f7aa-41e8-bcdb-56d01ff2de2b','Nanete','Mayers','Auria','899-25-2095','1982-02-05',0,'Male','221 North 53rd St.  Satellite Beach, FL 32937'),(1,'36098806-6c0c-4101-a986-04b2e22b1f10','Electra','Lennon','Lilas','428-94-3564','1966-01-04',0,'Male','Virginia Beach, VA 23451 846 Smith Store Drive'),(1,'36d59706-761c-48ca-8cef-2875f6474f0c','Lucina','Hyman','Fara','828-99-6257','1979-04-04',0,'Male','78 Williams St.  Burnsville, MN 55337'),(1,'36f25bbc-e6c1-4462-a2fe-f7923f558aa0','Joellyn','Stein','Dody','058-05-2823','1960-01-01',0,'Male','78 Williams St.  Burnsville, MN 55337'),(1,'37111387-e2f6-4db7-9440-6644c0095457','Bernice','Weinstein','Maxie','776-27-8327','1972-03-03',0,'Female','729 Schoolhouse St.  Maryville, TN 37803'),(1,'372ac7d0-1b62-4940-8c7e-630d06c11c1d','Clarinda','Alfaro','Tania','769-85-0046','1961-04-04',0,'Male','Gaithersburg, MD 20877 9696 Wild Horse Ave.'),(1,'373eb309-d5a3-4691-9d68-4e2b170b7284','Farah','Phelps','Dinny','553-63-2129','1967-01-03',1,'Male','Park Forest, IL 60466 475 Sage St.'),(1,'3777ca36-0cfe-46fe-99bf-5e1ad145ec2c','Melli','Flanders','Theadora','108-79-6789','1961-02-04',0,'Female','8603 Valley Dr.  Olympia, WA 98512'),(1,'37882fd0-19cf-424f-addc-6524bd0bbddf','Kamillah','Redmond','Harmonia','965-19-3665','1976-03-02',0,'Male','8297 South Oak Meadow St.  Logansport, IN 46947'),(1,'37def921-272e-47c8-b71e-06680a3a45d4','Berti','Maxfield','Jacintha','393-04-6350','1977-03-03',0,'Male','703 Sycamore Drive  Unit 27'),(1,'3833d480-c164-44e3-aef4-38e338e6599d','Paule','Sledge','Malinda','168-05-2729','1963-01-01',0,'Female','Elmhurst, NY 11373 7663 Market Drive'),(1,'383df2ab-76f1-48de-8f71-8c3b0d160dfc','Alina','Lyons','Tallulah','537-12-2449','1972-01-02',0,'Female','Bardstown, KY 40004 159 Edgefield St.'),(1,'385d4800-3622-4386-91d2-ebde4a9b2009','Carmita','Dunne','Christin','171-58-6444','1973-03-03',0,'Female','8438 Linda Street  New Haven, CT 06511'),(1,'386db07e-a21d-4a91-91e7-6e50e0df9cde','Danny','Donato','Emelyne','500-04-8550','1979-02-02',0,'Male','Gaithersburg, MD 20877 9696 Wild Horse Ave.'),(1,'387caa6d-755d-4188-990c-092792571f14','Tomasine','Wall','Mercy','468-64-4594','1970-04-04',0,'Female','78 Williams St.  Burnsville, MN 55337'),(1,'387efad7-7e65-48f8-ad28-79e6ed69d30f','Sheba','Seiler','Loretta','523-46-8005','1965-03-02',0,'Female','7367 Arch Drive  Lorain, OH 44052'),(1,'38bc18d5-7b2d-4495-b02a-6e7f9ed38a94','Katheryn','Luong','Brandais','728-78-6760','1962-02-05',0,'Male','9204 Old Beach Street  Huntington, NY 11743'),(1,'39734dda-dcca-4b09-be43-96a2d77dda53','Dorthea','Vincent','Roselle','255-13-2741','1972-03-05',0,'Female','7367 Arch Drive  Lorain, OH 44052'),(1,'39e3f62e-691f-490f-ad2d-42702588ccf4','Lina','Espinoza','Sapphira','758-34-8793','1963-02-01',0,'Male','Meadville, PA 16335 98 South Hawthorne St.'),(1,'3ad5b89b-b8cf-4156-9185-7c26ae50d85e','Catina','Morrell','Laurene','360-26-8059','1971-04-01',0,'Male','7318 Academy St.  Dyersburg, TN 38024'),(1,'3b0b96d2-ce9f-4d60-b9f5-20ebab38933b','Katee','Candelaria','Eartha','975-95-9004','1971-03-04',0,'Female','159 North St.  Naugatuck, CT 06770'),(1,'3b46c7cd-ef75-4c3b-9651-7c156fedd6c4','Maddy','Welch','Krystal','347-38-7198','1968-04-03',0,'Male','Bethesda, MD 20814 414 Greenrose Ave.'),(1,'3ba745da-f923-4d89-8295-495e1518bdf6','Grata','Butler','Chloette','041-28-3167','1972-03-05',0,'Male','Beaver Falls, PA 15010 727C W. Church Road'),(1,'3bba4ed6-c4b9-453b-b33c-d9b398cabf86','Hannie','Mclemore','Eyde','741-68-5714','1975-03-04',0,'Male','7898 Jennings Court  Williamstown, NJ 08094'),(1,'3c10ae92-c021-4ae7-b660-0d796e5dd803','Merle','Ott','Dione','377-98-4881','1969-02-02',0,'Female','Opa Locka, FL 33054 120 Theatre Street'),(1,'3c1544e4-4fdd-4219-a9e2-e54763de62c9','Lianna','Quintero','Alyse','136-32-1111','1980-01-01',0,'Male','Staunton, VA 24401 650 Lake Forest Street'),(1,'3c660d1c-a7e3-48f3-804c-65b8b7a58821','Maryjo','Gentile','Angelia','148-89-6121','1974-04-05',0,'Female','Revere, MA 02151 681 Thorne Ave.'),(1,'3c89f10f-3d46-4aa4-9975-54a944a18110','Phylis','Reinhardt','Carlynn','247-62-0614','1970-04-04',0,'Male','Deer Park, NY 11729 739 S. Longbranch Dr.'),(1,'3ca1ea0d-9755-4c86-90d6-5b23623d37bd','Henrieta','Eagle','Danita','304-27-1501','1978-02-02',0,'Male','Elizabethton, TN 37643 9588 Marsh Dr.'),(1,'3ce26455-3033-4937-b29f-00d35120ee49','Kippy','Crews','Cathyleen','743-44-0818','1972-03-03',0,'Male','9310 Ocean Street  Vernon Hills, IL 60061'),(1,'3d6ce2f4-a250-4208-a3ee-7ae426fad470','Garland','Clemmons','Honor','134-32-9901','1979-04-03',0,'Male','8544 State Dr.  Hopkinsville, KY 42240'),(1,'3e21c216-9180-4116-b7bc-91f5d6f5f4cf','Daveta','Devine','Monah','761-39-8248','1975-02-03',0,'Male','10 West Railroad Ave.  Glen Burnie, MD 21060'),(1,'3e6534a4-1c33-4fb0-b0d1-303b005b497c','Oneida','Aquino','Bernelle','292-38-3415','1978-04-03',0,'Male','7318 Academy St.  Dyersburg, TN 38024'),(1,'3f362956-9cc6-4c59-891a-cec7c4d3ff75','Karola','Kemp','Randee','196-20-5777','1971-04-01',0,'Female','8544 State Dr.  Hopkinsville, KY 42240'),(1,'3facb4d3-96e5-4b81-9f93-1616c8fa1650','Mollee','Winfield','Donica','780-40-1276','1969-01-03',1,'Female','Chambersburg, PA 17201 827 North Berkshire Dr.'),(1,'3fb6d123-4396-4bf1-bc53-77bbe144a170','Addie','Asher','Cyndia','956-22-4386','1969-03-02',0,'Male','729 Schoolhouse St.  Maryville, TN 37803'),(1,'401fb479-9b9c-40ad-b0f2-92fb7bdce886','Leonora','Jaeger','Lorelle','871-87-7917','1979-04-01',0,'Female','52 Kent Ave.  East Lansing, MI 48823'),(1,'402f522b-f9e2-4405-b577-ad85613e02d6','Otha','Sterling','Dorian','114-97-1125','1967-03-04',0,'Male','Saginaw, MI 48601 15 York St.'),(1,'40b6435a-1298-4011-a9c3-234ff09c208c','Lorrin','Lavoie','Lindsey','716-18-9523','1980-01-02',0,'Female','Satellite Beach, FL 32937 86 Locust St.'),(1,'40e960ed-ba63-4aba-9327-4d44b4914df6','Kally','Verdin','Flossy','111-71-8174','1980-01-04',0,'Male','Plattsburgh, NY 12901 51 Cedar Swamp Avenue'),(1,'41755401-8392-4379-8b40-883dc9180e8c','Cordula','Cable','Hilde','203-75-6337','1985-01-05',0,'Female','9204 Old Beach Street  Huntington, NY 11743'),(1,'4175a310-cb08-4c98-a5b1-ea63b52fe446','Constance','Alley','Lucita','836-87-1223','1968-01-01',0,'Female','Mchenry, IL 60050 8972 Acacia St.'),(1,'41a51ae3-56ad-4ae4-abdc-38349d47163a','Arielle','Dodds','Cherianne','637-25-2000','1962-02-05',0,'Female','36 Division Lane  State College, PA 16801'),(1,'41af273a-6774-432c-99e3-e942d91dbd1c','Ami','Eaves','Philippe','832-86-9706','1964-04-03',0,'Male','Easley, SC 29640 814 Pine Lane'),(1,'4252e9f3-947c-4c5a-a9ff-7b7880b9bb3a','Berry','Clevenger','Elenore','729-56-4396','1962-01-03',0,'Male','43 North Southampton Dr.  Reston, VA 20191'),(1,'427c559c-8507-4ce6-bd43-79b544a86e28','Melloney','Hardin','Hally','952-12-3410','1966-02-05',0,'Male','Spartanburg, SC 29301 784 North Cemetery Dr.'),(1,'42b2667a-1da4-4a1b-8afd-a9e9fb5cb3ea','Georgine','Spinks','Dorey','228-81-6384','1973-01-04',0,'Male','853 Acacia Ave.  Hamburg, NY 14075'),(1,'42c63b48-4777-42e7-bce6-432524d566d5','Iseabal','Camp','Denise','659-32-1737','1966-04-03',0,'Male','9123 Golden Star Dr.  Nazareth, PA 18064'),(1,'435436b1-9f5c-4f25-813f-c8c4d9e672af','Ronni','Roland','Nessa','623-05-7399','1982-01-05',0,'Male','Suite 423  Brentwood, NY 11717'),(1,'43712867-3130-4ec2-b70c-285eb43ede21','Jeanna','Lomax','Marga','725-30-5803','1960-02-01',0,'Male','45 Essex Lane  Shakopee, MN 55379'),(1,'43791942-094c-45aa-9e5a-74a384787223','Arleta','Cormier','Jessamine','935-02-4573','1961-04-02',0,'Female','188 Rocky River Street  Summerville, SC 29483'),(1,'437ce178-22c3-4e5d-9a60-5995ea696b10','Claudelle','Downey','Dorree','987-01-4120','1972-03-02',0,'Female','159 North St.  Naugatuck, CT 06770'),(1,'43acb69b-d000-42ec-82ec-74e9459ef736','Lucine','Leake','Anabel','986-03-6460','1976-04-01',0,'Female','Deer Park, NY 11729 739 S. Longbranch Dr.'),(1,'43e846f3-980d-4706-9a37-645738b428a4','Sondra','Mcneil','Odele','596-62-7241','1975-02-02',0,'Male','Revere, MA 02151 681 Thorne Ave.'),(1,'43f09952-4d33-45d1-a33a-23f72e0b1034','Mab','Janssen','Denyse','851-79-6591','1978-03-03',0,'Male','797 Thatcher Court  Euless, TX 76039'),(1,'44957b05-da0e-4be8-a441-5fe9fb0fcfc1','Pepita','Angulo','Evy','719-77-7723','1982-01-03',0,'Female','7507 Trenton Lane  Staunton, VA 24401'),(1,'44bd9612-453f-47c5-9a82-3248a7d78cca','Trixi','Mazza','Judye','119-20-5513','1961-04-02',0,'Female','Seymour, IN 47274 282 Sulphur Springs St.'),(1,'4520abde-7573-4d33-bdd2-a49d8ef508a0','Margret','Keefe','Harmonia','469-52-4730','1978-03-03',0,'Female','8160 Crescent Drive  Dalton, GA 30721'),(1,'45b28d36-e72e-450a-9ff6-3ebe1fa4f768','Pierrette','Stpierre','Frederica','264-07-4623','1975-02-01',0,'Female','Zionsville, IN 46077 53 South Gregory St.'),(1,'461a2f1f-3012-4b10-bdf1-83967e8bfb2b','Irena','Mares','Ardine','393-59-5570','1981-03-01',0,'Male','9058 Kent Court  Brooklyn, NY 11201'),(1,'4641d705-2815-4a35-97ce-0dc3468b6bd9','Annamarie','Giron','Fran','878-70-9181','1978-01-02',0,'Male','Stratford, CT 06614 783 Locust Drive'),(1,'4643d3b5-575d-461c-9646-00a9359b92f1','Joela','Leroy','Jocelyn','218-34-2414','1964-01-01',0,'Female','Valdosta, GA 31601 301 Poplar Dr.'),(1,'467fea7a-fa02-4916-a6df-a5d5d2a3a957','Cyndie','Mcintire','Brigid','734-45-2494','1974-03-03',0,'Female','Hamburg, NY 14075 9897 West Oak Meadow Drive'),(1,'46f2608c-55a2-4a0d-8d7a-277fdf78cc6e','Kaitlin','Dahl','Lorelle','377-47-8590','1979-01-02',0,'Male','93 Garfield Ave.  Cedar Rapids, IA 52402'),(1,'472ec955-e2fa-47cf-9436-58d2a0820526','Brigit','Gaffney','Lindsey','638-66-4765','1965-01-04',0,'Male','43 North Southampton Dr.  Reston, VA 20191'),(1,'47317266-bdab-4974-bf4c-6ca3380a02f5','Agnes','Guy','Pen','303-50-0469','1967-04-05',0,'Female','Suite 423  Brentwood, NY 11717'),(1,'47bf8551-4370-4957-9558-569f8cbbe7cb','Franni','Harp','Kalli','999-97-3852','1977-02-04',0,'Male','93 Garfield Ave.  Cedar Rapids, IA 52402'),(1,'47d02a50-3245-4a82-94fc-4270a4946db7','Evangelina','Shorter','Siana','847-40-6341','1982-02-02',0,'Male','Mcallen, TX 78501 373 Winchester Street'),(1,'47f2d1cd-a08f-47fb-936f-08b40887f142','Evelyn','Hermann','Marillin','330-07-8337','1981-02-03',0,'Male','The Villages, FL 32162 96 NW. Annadale Road'),(1,'48419df5-6512-4b5a-9439-8125ac0d8216','Elysha','Bean','Phil','646-02-8907','1976-02-04',0,'Male','Stamford, CT 06902 599 East Hudson Court'),(1,'486cafa2-c11b-4f09-b053-dda8aa79ade0','Ellyn','Mesa','Aili','098-07-9652','1963-01-04',0,'Female','Park Forest, IL 60466 475 Sage St.'),(1,'48bab89a-7f6f-40ac-9a4f-7becf77691fa','Katti','Schell','Carry','366-69-1573','1979-04-01',0,'Male','7353 Tallwood St.  Palm City, FL 34990'),(1,'48c49d1b-ac56-4332-90d3-65cf5d651a2f','Carlita','Layman','Shay','377-82-7617','1964-01-03',0,'Female','Easley, SC 29640 814 Pine Lane'),(1,'48cc0f71-425f-4aa3-af54-d03cb999dc7e','Helenka','Church','Annemarie','910-66-6377','1973-04-03',0,'Male','Thibodaux, LA 70301 7618 North Lantern Ave.'),(1,'48edb552-6dfa-45b3-bd7d-1b38dea87577','Lanny','Sacco','Ardys','866-71-5310','1977-01-02',0,'Male','Mchenry, IL 60050 8972 Acacia St.'),(1,'493f6c83-937a-47a6-b6e5-1d92153d598b','Cathyleen','Berg','Aurea','338-31-6069','1967-01-01',0,'Female','Alexandria, VA 22304 859 Windfall Rd.'),(1,'498a4037-706f-4a64-aa13-670ed8fcfbf4','Philippe','Hanley','Ameline','578-76-0126','1966-01-01',0,'Female','Cranston, RI 02920 44 Arlington St.'),(1,'4aa0e4ac-1817-42bb-9b26-cfe41848ab3a','Lissy','Brandt','Deana','175-26-0651','1977-04-04',0,'Female','Suite 423  Brentwood, NY 11717'),(1,'4ad507d3-8069-433c-959e-fdc28987080c','Julina','Conners','Bendite','602-57-5774','1968-04-04',0,'Female','3 High Point St.  Rego Park, NY 11374'),(1,'4aee7111-26e6-4a60-bd61-d2510f6af04f','Rickie','Halstead','Kippy','581-69-5779','1962-03-05',0,'Female','8992 Pacific St.  Wake Forest, NC 27587'),(1,'4af49d39-83a0-4c44-b603-76cd54ec1d7f','Iolande','Mcgee','Meg','549-02-6252','1968-04-02',0,'Female','Chicago, IL 60621 29 Sleepy Hollow St.'),(1,'4b12a482-4b67-4847-bdbb-ce07662c200a','Dreddy','Beard','Trisha','935-59-9465','1983-03-03',0,'Female','Piqua, OH 45356 866 Manor Lane'),(1,'4c8096c9-9bc4-44d0-a0f9-5b13950cb751','Helaina','Deal','Shani','902-01-6176','1975-04-03',0,'Female','Glen Cove, NY 11542 571 Oakland Street'),(1,'4c87dd0b-b652-4538-a3f2-e36136dd9192','Debora','Lucero','Dasie','581-45-4967','1971-04-04',0,'Male','Chambersburg, PA 17201 827 North Berkshire Dr.'),(1,'4ccd4789-d77f-427d-aa34-786b6e489694','Edythe','Bradbury','Glennie','503-69-9051','1975-01-04',0,'Male','Bardstown, KY 40004 159 Edgefield St.'),(1,'4ccd8251-7d60-44a6-af80-2cd11e792a1e','Greta','Singletary','Jasmine','540-48-0568','1982-03-05',0,'Male','Stamford, CT 06902 599 East Hudson Court'),(1,'4d2424ce-4566-40f2-9dc8-c73570d1a3c2','Tove','Haley','Doroteya','942-25-4224','1976-02-02',0,'Male','Virginia Beach, VA 23451 846 Smith Store Drive'),(1,'4d52e17f-33f5-4fa6-9566-22bab45d705c','Cyndia','Fong','Barbi','806-02-8921','1982-02-04',0,'Male','Revere, MA 02151 681 Thorne Ave.'),(1,'4dde7035-b192-4d22-a3c1-02df42c3ba3b','Orsola','Ahmed','Denise','035-12-1884','1970-02-02',0,'Female','Camas, WA 98607 7711 Pleasant Ave.'),(1,'4dde97cf-34d8-44e4-b6db-b18498778201','Leland','Harlan','Edita','996-78-2251','1983-04-01',0,'Male','Saint Paul, MN 55104 7971 Gulf Ave.'),(1,'4df56e86-dd26-4563-ab64-f79126509219','Leanor','Salas','Suzette','280-01-5401','1963-04-04',0,'Female','Suite 423  Brentwood, NY 11717'),(1,'4e4c7747-8887-4e9b-8a80-fa019cbbdba0','Minta','Nabors','Sharla','767-41-8054','1977-02-03',0,'Male','Port Jefferson Station, NY 11776 7143 Pumpkin Hill Street'),(1,'4e788517-caa3-4ba7-9e1f-9c95c4c382a6','Fredericka','Whitehurst','Maud','425-65-4533','1971-03-04',0,'Female','San Lorenzo, CA 94580 970 Buttonwood Ave.'),(1,'4e85c846-9d9b-4e55-9e75-87d3402f33fc','Maressa','Vidal','Hanna','665-35-5466','1984-03-02',0,'Male','Cranston, RI 02920 44 Arlington St.'),(1,'4f055576-5d9d-47d7-932c-b22b019cc383','Beatrisa','Oneal','Kathryn','500-15-7886','1965-03-05',0,'Male','26 Wilson Dr.  Summerfield, FL 34491'),(1,'4f55fd5c-6ac7-48b6-88de-c2ec52fd0d11','Charity','Baines','Athene','562-08-0397','1968-03-05',0,'Female','Berwyn, IL 60402 795 Middle River Ave.'),(1,'501169dc-699d-498b-a945-62c2fd80d72f','Robinet','Dyer','Deedee','824-37-5701','1976-02-04',0,'Male','9287 Oxford Lane  Fullerton, CA 92831'),(1,'50586598-82fb-41a8-b3d0-53a987623728','Selie','Fajardo','Devin','628-65-5031','1980-01-05',0,'Female','7353 Charles Court  Camas, WA 98607'),(1,'50a385d0-c568-401a-8cd2-d8b02bc55bb0','Cassi','Janes','Annamarie','276-95-9910','1960-03-02',0,'Male','21 E. Lake Forest Ave.  Glen Allen, VA 23059'),(1,'50b61300-1338-4c9d-8023-4bbfb229c57b','Phylis','Holcombe','Lauri','134-18-9455','1974-04-02',0,'Male','9218 Livingston St.  Gulfport, MS 39503'),(1,'51143f73-46da-45f0-8260-958865346710','Lavinie','Tilton','Tobye','632-74-2491','1962-01-03',1,'Male','8438 Linda Street  New Haven, CT 06511'),(1,'512b78c9-633a-4eab-ab16-312320903ac3','Shoshana','Trask','Liva','699-50-5984','1966-03-03',0,'Female','620 Delaware Lane  West Bend, WI 53095'),(1,'5185c865-010f-47a0-a28f-69de880304a6','Consuelo','Macias','Sophey','464-82-8190','1976-03-04',0,'Female','Cedar Falls, IA 50613 414 Grove Street'),(1,'51d36a45-5fff-4e7d-b79c-72e9ad3759d9','Delora','Hostetler','Mimi','114-82-7955','1976-01-03',0,'Female','8810 Briarwood Street  Homestead, FL 33030'),(1,'51fbf855-f436-4249-9305-6a598da1a0be','Georgette','Kelly','Devin','460-86-6581','1981-02-05',0,'Male','7343 West Peg Shop Street  Matthews, NC 28104'),(1,'520cd2c8-195d-4080-b759-2ffe05aec6ae','Orly','Vetter','Shanna','284-71-2610','1979-02-03',0,'Male','Opa Locka, FL 33054 120 Theatre Street'),(1,'524cb487-ed08-478c-b8ee-6ab7c29a5024','Nicolea','Osteen','Nelie','477-05-6331','1979-02-04',0,'Female','Meadville, PA 16335 98 South Hawthorne St.'),(1,'527148b3-e740-46d0-b8f5-3ad5d6b0684c','Lee','Coy','Brittney','024-20-1790','1976-03-02',0,'Female','Suite 423  Brentwood, NY 11717'),(1,'52d95dd1-1f59-4b3b-8a2a-8edfbc9c98be','Annadiana','Herbert','Hedwiga','755-76-7737','1979-04-01',0,'Female','188 Rocky River Street  Summerville, SC 29483'),(1,'532054d9-872f-4831-ab27-e188f696f779','Arabela','Howerton','Joana','972-33-7932','1964-02-01',0,'Male','Grosse Pointe, MI 48236 80 Tower Avenue'),(1,'53424460-e9a0-44fe-8de2-e9e7b57617ec','Agretha','Drake','Amelie','311-89-8284','1967-01-02',0,'Male','Saginaw, MI 48601 15 York St.'),(1,'53b338fa-4091-46b1-a9f7-056b37e1bf60','Beret','Fuller','Edyth','776-22-3021','1975-04-05',0,'Female','Lawndale, CA 90260 19 E. Courtland Lane'),(1,'54b626ef-5d5b-4788-bc94-6d96968e7f19','Cayla','Roller','Cicily','906-27-9014','1971-02-05',0,'Female','8544 State Dr.  Hopkinsville, KY 42240'),(1,'54cb09c7-de4d-4930-a4a5-7865999cb842','Cyndy','Morrill','Cicely','099-24-4397','1969-02-01',0,'Male','Auburn, NY 13021 660 Evergreen Road'),(1,'5500b939-7d30-4572-9103-334ef47a0cd7','Elvira','Bussey','Maribeth','882-95-6138','1985-01-01',0,'Female','946 Valley Farms St.  Tualatin, OR 97062'),(1,'554c3014-2971-433e-9be4-d0f212c10008','Rebecka','Griggs','Ali','892-95-6265','1980-03-01',0,'Female','Berwyn, IL 60402 795 Middle River Ave.'),(1,'55526877-e67c-4120-bfad-17c2c7a230ea','Linell','Criswell','Kristan','801-65-1971','1961-03-01',0,'Male','9058 Kent Court  Brooklyn, NY 11201'),(1,'555812f5-0e1c-4b88-adc2-a72cb46d0f18','Anna','Kearns','Theressa','600-15-7876','1980-04-05',0,'Male','82 Fieldstone Lane  Westland, MI 48185'),(1,'55ed14a2-92ba-4323-936f-ece2ece4093c','Lorna','Hargrave','Joanne','514-74-8896','1983-04-05',0,'Female','43 North Southampton Dr.  Reston, VA 20191'),(1,'56098cea-2de6-458f-ae1d-e72eb88f561e','Jennie','Ellis','Dee Dee','771-33-0893','1965-01-01',0,'Female','8992 Pacific St.  Wake Forest, NC 27587'),(1,'561ef124-44c2-4023-8317-ac3782984d74','Aurel','Kenny','Samantha','752-85-9806','1973-02-03',0,'Female','Carpentersville, IL 60110 982 Pearl Court'),(1,'56d7163d-c8b3-44f6-9d93-9abd188cf568','Andee','Webber','Kacy','691-98-1120','1971-03-05',0,'Female','7426 Iroquois Lane  Desoto, TX 75115'),(1,'572652c4-eba5-402e-a4ff-dcf8599353c0','Rosa','Lefebvre','Hildagarde','311-70-3250','1970-03-03',0,'Female','24 Ketch Harbour St.  Ozone Park, NY 11417'),(1,'573b853f-c3ba-4ad6-8c7e-a1d35538d86f','Calley','Tong','Rhodia','592-31-2934','1960-03-01',0,'Male','249 Paris Hill St.  Lafayette, IN 47905'),(1,'57fba152-042a-40ed-8a80-9286f5cbba9b','Kattie','Knudsen','Anna','695-03-6153','1983-02-05',0,'Male','Apt 4  Fairfield, CT 06824'),(1,'5856242e-5a68-4de2-9c01-e6ffdc538e71','Sybilla','Riddle','Jolee','134-41-2162','1969-01-01',0,'Female','Hamburg, NY 14075 9897 West Oak Meadow Drive'),(1,'585b4729-882f-4a8c-bbcf-c11146e912af','Chloris','Cromer','Gypsy','652-65-2032','1984-04-01',0,'Male','83 Linden Street  Spring Hill, FL 34608'),(1,'58dc1253-c814-4bf4-8a05-2050821c73f2','Lainey','Howe','Birgit','870-60-4744','1968-02-02',0,'Female','Fond Du Lac, WI 54935 148 Van Dyke Dr.'),(1,'5914f993-a3d0-468a-9e8b-ceb3e93d0cf9','Theodora','Bilodeau','Myrle','812-32-0918','1978-03-03',1,'Female','Yakima, WA 98908 74 Rocky River St.'),(1,'5952d8b6-d7af-4a35-9ce7-fd27e043ae1d','Aloisia','Lea','Casey','441-36-9084','1970-04-02',0,'Male','Hamburg, NY 14075 9897 West Oak Meadow Drive'),(1,'5963f343-6986-4a36-bc8b-9a29c6956340','Luciana','Seifert','Janaya','171-92-6527','1961-03-04',0,'Female','Deer Park, NY 11729 739 S. Longbranch Dr.'),(1,'5a7ac1da-2158-4035-b4b1-316d8963af39','Kissiah','Ahmad','Joyce','444-57-2332','1982-01-05',1,'Male','9270 Galvin Lane  Plainview, NY 11803'),(1,'5aa98aba-d0f1-4468-b7e1-3fe83c718d1a','Katti','Briseno','Nadeen','575-01-3244','1960-01-05',0,'Female','Fairhope, AL 36532 21 Clinton Ave.'),(1,'5b0c1c63-cc70-46da-a551-efbaca3af940','Oralia','Winston','Petronella','894-97-2725','1982-03-03',0,'Female','Stratford, CT 06614 783 Locust Drive'),(1,'5b10921f-b435-4897-bf25-0984086c524f','Tildi','Lilly','Mersey','907-76-9148','1980-03-01',0,'Female','52 Kent Ave.  East Lansing, MI 48823'),(1,'5b4d8966-e276-4bcf-bbf1-94b5cc9c06a0','Pepi','Halstead','Kylila','385-19-6069','1978-04-05',1,'Male','Passaic, NJ 07055 18 Old Newbridge Ave.'),(1,'5bf04d5c-5428-49ea-bc3d-c78213a118e1','Silvia','Spann','Allissa','988-17-3367','1970-02-03',0,'Male','Ashburn, VA 20147 17 Creek Street'),(1,'5c0a246f-5711-4a18-934a-f410e4a78aff','Biddy','Weaver','Ivette','507-51-6549','1985-02-04',0,'Male','9287 Oxford Lane  Fullerton, CA 92831'),(1,'5cda09ee-c719-4777-a975-2142c75e2ee9','Leodora','Bermudez','Gerri','329-16-3840','1961-03-03',0,'Male','45 Essex Lane  Shakopee, MN 55379'),(1,'5d479386-96e4-47cd-9bd3-d705b4966f10','Donielle','Stinson','Margareta','355-01-8710','1976-02-05',0,'Male','Summerfield, FL 34491 635 Fulton Road'),(1,'5dfa2e8d-10a6-48ab-9e28-509022d59ccf','Delinda','Upshaw','Scarlett','469-29-1150','1966-04-03',0,'Male','Dorchester, MA 02125 9155 West Indian Spring Road'),(1,'5e9bda1f-b4ff-4e3a-bc24-582676d49528','Anna-Maria','Scully','Dolly','899-14-2638','1960-03-03',1,'Male','9055 West Madison Lane  Smyrna, GA 30080'),(1,'5ee52395-7a23-4dc3-b3fd-d969ee2d9d04','April','Damico','Fayina','570-13-2612','1966-01-03',0,'Male','265 Old Lakeshore Lane  Linden, NJ 07036'),(1,'5f1b9c13-530f-4bb2-8d27-ff3c733ba98f','Rosalie','Vallejo','Isahella','627-64-6192','1980-04-04',0,'Male','562 Jockey Hollow Road  Princeton, NJ 08540'),(1,'5fbc948d-b4a8-4a95-8d5e-734bf2c746f3','Adriane','Messina','Roxanna','429-03-1214','1968-01-05',0,'Female','9287 Oxford Lane  Fullerton, CA 92831'),(1,'5fc85168-f538-4c08-99ec-fc3ec262bcb8','Cherlyn','Cornelius','Sibelle','109-22-0814','1974-01-03',0,'Female','8810 Briarwood Street  Homestead, FL 33030'),(1,'5fd7b4d8-fbbe-416c-a2d1-d7e1fdf2adcb','Blakelee','Null','Melinda','772-50-9529','1961-01-01',0,'Male','8699 S. Oak Street  Bridgewater, NJ 08807'),(1,'5feacc41-26d7-4d63-b028-670afc890cbf','Angelita','Egan','Lelia','734-77-7099','1983-01-02',0,'Female','Passaic, NJ 07055 18 Old Newbridge Ave.'),(1,'6027453d-23c9-4006-bb1e-066fc9abb103','Dulcinea','Johnston','Janka','962-68-9856','1972-01-03',0,'Male','95 Hill Drive  South Portland, ME 04106'),(1,'60a7e8f1-4c0d-4d02-a5eb-46260a9ada9f','Kimberly','Finnegan','Noemi','626-20-8202','1981-03-05',0,'Male','Sebastian, FL 32958 288 North Magnolia Dr.'),(1,'60afdfd5-bde2-4da9-b9e6-3a9d4005f77a','Gelya','Slade','Daria','701-04-7695','1972-03-03',0,'Male','159 North St.  Naugatuck, CT 06770'),(1,'60b42587-5242-4beb-925b-aecd2954179d','Siana','Desantis','Rasia','870-77-3751','1985-01-03',0,'Male','Elmhurst, NY 11373 7663 Market Drive'),(1,'60c074c9-f63c-4d5e-b14d-44890b86c676','Carolan','Blalock','Roanne','198-19-6256','1967-02-04',0,'Male','26 Wilson Dr.  Summerfield, FL 34491'),(1,'6164795c-129a-4164-8462-88cdcc5c6226','Corilla','Cahill','Margalit','065-86-5063','1963-02-01',0,'Female','93 Garfield Ave.  Cedar Rapids, IA 52402'),(1,'62290883-52b2-46eb-8b29-71608ef6d7bb','Hildegarde','Allison','Sandye','020-23-2689','1962-03-04',0,'Male','Chambersburg, PA 17201 827 North Berkshire Dr.'),(1,'626d24d9-d0f5-4704-9032-bc085b1d8330','Lezlie','Mayes','Anabelle','730-22-9254','1975-03-04',0,'Male','75 Beacon Rd.  Mason City, IA 50401'),(1,'629afb3b-674e-4939-a36b-672deb875356','Dacy','Redman','Ronni','591-14-5416','1965-04-03',0,'Male','Clinton Township, MI 48035 800 Cross Lane'),(1,'62c2046e-da4b-47cb-b494-57541970f6d3','Marlee','Glenn','Konstance','039-87-0412','1984-04-01',0,'Female','Easley, SC 29640 814 Pine Lane'),(1,'62e796de-5c87-4466-991c-34fa734d2144','Sherie','Ross','Helli','491-37-7170','1982-02-03',0,'Female','The Villages, FL 32162 96 NW. Annadale Road'),(1,'62ebc61c-2883-4709-9e8f-5b2d97be2611','Paola','Harper','Page','504-56-5200','1979-01-04',0,'Female','Windermere, FL 34786 7640 E. Logan Ave.'),(1,'630df682-23ce-4b3b-b9b6-3e6e6970e3bf','Carline','Mallory','Tedi','136-65-4954','1978-04-05',0,'Male','Naugatuck, CT 06770 8724 Manor St.'),(1,'631bf4ed-424c-4370-bf9d-9040c321cce0','Lin','Mccorkle','Engracia','878-18-1836','1964-04-02',0,'Female','Suite 423  Brentwood, NY 11717'),(1,'63a4aeec-2c35-4fe1-93f5-4040844a0392','Aurore','Hicks','Minnaminnie','754-12-2589','1982-02-04',0,'Male','Saint Paul, MN 55104 7971 Gulf Ave.'),(1,'63af4fd9-d57d-4d68-9808-27ba171c3b22','Melantha','Toledo','Leda','292-40-1290','1962-01-04',0,'Male','Maryville, TN 37803 580 Foster St.'),(1,'6446408a-7c93-4757-8743-6a1be3c2e2c6','Korrie','Moffitt','Tildi','430-25-1212','1979-01-05',0,'Female','North Augusta, SC 29841 69 6th Lane'),(1,'64858550-0c0b-4886-8f24-80d53cbccdee','Gabbie','Doss','Anestassia','445-48-9397','1981-01-03',0,'Male','Faribault, MN 55021 8608 S. Grant Street'),(1,'64d95dcc-462e-48ed-b547-35cc9dd29c82','Lilla','Breedlove','Adan','736-54-9320','1982-01-01',0,'Male','8992 Pacific St.  Wake Forest, NC 27587'),(1,'651b097c-8ab3-49b8-a770-5174be239e33','Kailey','Starks','Eada','506-07-7147','1967-01-04',0,'Male','Cuyahoga Falls, OH 44221 8577 North Country Club Rd.'),(1,'658abff4-8703-4748-897c-9be5d690f071','Katharina','Mccool','Nicki','133-38-4335','1978-04-05',0,'Female','24 Ketch Harbour St.  Ozone Park, NY 11417'),(1,'65a36413-573c-49d1-869e-e4267ec5c12c','Sula','Frederick','Flory','780-86-1795','1981-04-02',1,'Male','Satellite Beach, FL 32937 86 Locust St.'),(1,'663496ed-722f-4450-a392-3ccf5c509357','Glennie','Earnest','Eda','761-71-5881','1970-01-05',0,'Male','9972 Alderwood Street  Carpentersville, IL 60110'),(1,'66b09643-0e53-40f0-8911-ac2a281057f6','Esmaria','Scruggs','Libby','633-63-4416','1979-02-03',0,'Female','Hamburg, NY 14075 9897 West Oak Meadow Drive'),(1,'66cc1098-af93-4601-ac09-624ba9493be8','Marta','Dodge','Billie','049-58-1859','1971-03-02',0,'Male','418 Brookside Lane  Pasadena, MD 21122'),(1,'6700f47b-aee5-4b75-a683-1ea4ad5af3de','Nettie','Post','Pippa','647-57-2458','1971-03-04',0,'Male','8657 Wayne Circle  Cedar Falls, IA 50613'),(1,'67419422-3d5f-48b5-ab37-e05b4930deb3','Jacinta','Mark','Darsey','688-34-4597','1967-03-05',1,'Female','7353 Tallwood St.  Palm City, FL 34990'),(1,'674b1ddf-d61c-4d9a-a0b8-65f6ec086d4b','Joell','Boone','Halli','200-41-7742','1961-02-05',0,'Male','8544 State Dr.  Hopkinsville, KY 42240'),(1,'674c8294-b978-4b55-9123-cad7673b864b','Lia','Bush','Jenine','179-69-4479','1985-04-04',0,'Female','Bay City, MI 48706 8324 Cambridge Dr.'),(1,'676697f5-961b-4f84-9fff-fd1ceb6e798c','Abigail','Shinn','Blanca','165-67-8372','1963-03-02',0,'Female','Camas, WA 98607 7711 Pleasant Ave.'),(1,'67971c19-8b72-4e0e-9e48-8a4d3b46e67e','Rahal','Brim','Leona','009-56-7466','1973-02-03',0,'Female','Saratoga Springs, NY 12866 7 High Ridge Dr.'),(1,'680d3407-2b05-48f1-8b8c-4d473993990a','Karola','Lauer','Chery','956-25-2481','1984-02-04',0,'Female','Piqua, OH 45356 866 Manor Lane'),(1,'68682d35-3342-4d1d-9a02-9ebe418d35ff','Neilla','Thatcher','Aeriela','369-61-1864','1974-01-04',0,'Male','Auburn, NY 13021 660 Evergreen Road'),(1,'6938e60e-1888-48b7-a163-407e859decd4','Tanitansy','Hayward','Leena','327-59-3170','1966-03-05',0,'Male','Elmhurst, NY 11373 7663 Market Drive'),(1,'694da2d3-376c-40b4-abe3-83e1f63c68e3','Delinda','Godfrey','Daryn','650-43-8033','1976-02-05',1,'Male','North Augusta, SC 29841 69 6th Lane'),(1,'69549fce-fbbb-4e4c-9111-721422f2e005','Abbie','Foss','Rheta','654-42-8550','1962-03-05',0,'Female','38 Smith Store St.  Reisterstown, MD 21136'),(1,'6984eba7-9515-4bd6-9dd8-7525840dc8ec','Evangelin','Rudolph','Ethelyn','167-43-8751','1961-03-01',0,'Female','Fort Wayne, IN 46804 7888 Lancaster Dr.'),(1,'6a4b3aa4-9aba-4fbc-a6c1-c58b3da4955f','Stefa','Galloway','Sheelagh','760-32-2983','1961-02-04',0,'Male','Piqua, OH 45356 866 Manor Lane'),(1,'6ae0b68a-fd1f-423c-bcc3-a6b9f9623a41','Jewell','Freitas','Nikkie','361-61-9060','1984-01-04',0,'Male','3 High Point St.  Rego Park, NY 11374'),(1,'6af3d7aa-6573-4d2f-b9dc-d5018f4e3214','Rahel','Bustos','Anne-Marie','323-40-2555','1969-02-04',0,'Female','703 Sycamore Drive  Unit 27'),(1,'6b2cac82-38d7-4d96-8482-d554c3ade32e','Jena','Burkett','Idalia','312-69-3259','1977-02-03',0,'Male','Carpentersville, IL 60110 982 Pearl Court'),(1,'6bf0d16c-725e-47e4-8b3e-a0919f7dbf8f','Madelena','Ison','Adey','358-81-4471','1982-02-04',0,'Female','8603 Valley Dr.  Olympia, WA 98512'),(1,'6bfe57ee-8d9b-427d-9512-693a705779cc','Agnes','Winslow','Drucill','455-69-9910','1968-04-03',0,'Female','913 W. Edgefield Street  Zanesville, OH 43701'),(1,'6c12c7a5-04a5-4193-b512-02c0e336ee65','Ines','Lombard','Leda','994-86-1815','1985-03-03',0,'Male','265 Old Lakeshore Lane  Linden, NJ 07036'),(1,'6c4ed13a-99ea-46e4-9cd8-9479dcf7d814','Shena','Marsh','Abbey','049-83-0129','1971-02-03',0,'Male','Glasgow, KY 42141 46 Sherwood Court'),(1,'6c61e87c-4f97-4196-914d-6454784489a3','Rani','Heller','Sher','707-61-9657','1975-02-04',0,'Female','Elizabethton, TN 37643 9588 Marsh Dr.'),(1,'6c7dc413-f31a-49d3-9653-cc00bd2c8c08','Kara','Parr','Adda','461-73-7343','1979-03-02',0,'Female','9204 Old Beach Street  Huntington, NY 11743'),(1,'6cb7c969-7ec1-42f1-bfa3-28158787b3b7','Lindi','Bolin','Gavra','067-03-7980','1978-04-04',0,'Female','8544 State Dr.  Hopkinsville, KY 42240'),(1,'6cb8a99a-8d44-4c9c-a17d-bf5343fb1ded','Jorry','Gilchrist','Ronda','206-72-9302','1962-01-02',0,'Female','Bay City, MI 48706 8324 Cambridge Dr.'),(1,'6cce8a7e-8c61-49cd-8fc8-339854b12cd2','Farand','Mcewen','Alene','503-14-5518','1982-04-01',0,'Male','Alexandria, VA 22304 859 Windfall Rd.'),(1,'6d1043fb-6a25-4483-bd56-791eee262a5c','Arleyne','Creel','Marthena','453-17-1923','1961-01-02',0,'Female','7353 Tallwood St.  Palm City, FL 34990'),(1,'6d36edee-698e-4e20-b0f0-5ca259b3a145','Tory','Click','Amitie','065-90-9075','1960-03-05',0,'Female','49 Tower Dr.  Farmingdale, NY 11735'),(1,'6d3df7ac-bc81-47e2-b977-91f24de44bcf','Tedda','Hernandez','Luz','337-02-1962','1969-01-05',1,'Male','Staunton, VA 24401 650 Lake Forest Street'),(1,'6d464054-677e-471c-a4b5-5551c6607a0d','Sheela','Hughey','Teresa','677-14-6311','1984-02-04',0,'Male','86 East Joy Ridge Ave.  Kalispell, MT 59901'),(1,'6d967364-e6fe-4ba4-a0a7-c8bad442f143','Flss','Ashby','Miguelita','457-26-3576','1960-03-04',0,'Female','249 Paris Hill St.  Lafayette, IN 47905'),(1,'6e7c0a5e-23e0-45a2-a6cb-44106456b460','Honor','Oshea','Nan','201-65-0208','1961-02-02',0,'Female','9972 Alderwood Street  Carpentersville, IL 60110'),(1,'6e93a946-0db3-4f26-82fc-8595fff35d0c','Martynne','Haggard','Norine','577-39-9711','1977-02-01',0,'Male','Suite 423  Brentwood, NY 11717'),(1,'6f44d1c1-1bc5-4dd1-b759-8d1dbd8d881d','Natala','Easton','Margi','834-19-9686','1985-03-04',0,'Female','The Villages, FL 32162 96 NW. Annadale Road'),(1,'6f582cd5-445c-4aff-8c35-6760eb05c75a','Carmon','Geer','Merline','969-18-1161','1985-03-03',0,'Male','7367 Arch Drive  Lorain, OH 44052'),(1,'6f5d546d-495a-420d-8226-61203e971b7a','Ange','Farris','Jami','591-88-1438','1977-01-01',0,'Male','680 East Plymouth Drive  Lithonia, GA 30038'),(1,'6f7773bc-94ab-4632-9357-ebcdf6aa0c0b','Abby','Weiner','Roz','955-80-1695','1979-02-05',0,'Female','8160 Crescent Drive  Dalton, GA 30721'),(1,'6fda363e-6bff-4a33-a13b-af40316da4b1','Maris','Roderick','Randi','211-44-1072','1963-02-03',0,'Male','265 Old Lakeshore Lane  Linden, NJ 07036'),(1,'6fdf476c-b98d-4552-93fd-ae7e178bfe08','Arline','Brito','Avril','848-34-5052','1963-04-02',0,'Male','Circle Pines, MN 55014 8203 Academy Drive'),(1,'7046b170-02a8-40c5-9a25-37cf83804a1c','Elianora','Howe','Berthe','600-36-7796','1984-02-02',0,'Male','418 Brookside Lane  Pasadena, MD 21122'),(1,'70b6c95e-2af3-4285-b917-f124ae14ade7','Cristina','Guenther','Celka','138-18-4366','1976-01-04',0,'Male','159 North St.  Naugatuck, CT 06770'),(1,'70c33c38-a375-42c7-ae56-770d4a323275','Saidee','Vitale','Lora','611-55-8285','1985-04-04',0,'Male','Rolling Meadows, IL 60008 913 Colonial Street'),(1,'70c5db7e-6361-4018-8b4f-ffafdf7322a7','Deena','Freeman','Katerina','300-79-5586','1977-03-03',0,'Male','Defiance, OH 43512 616 Brickyard Avenue'),(1,'70e6121d-cbc9-4257-8d76-633e2b122955','Nicole','Travers','Kristen','718-82-6935','1971-02-05',0,'Female','9729 Dunbar Rd.  Land O Lakes, FL 34639'),(1,'70f8adf6-822a-479f-be95-53956e22107c','Gloriane','Ashby','Glennis','330-85-6471','1962-03-05',0,'Male','Deer Park, NY 11729 739 S. Longbranch Dr.'),(1,'71a40b06-35cb-4c8e-a379-05dfcc34cf55','Roslyn','Haggerty','Manon','206-31-5281','1974-03-02',0,'Female','Pelham, AL 35124 99 Manor St.'),(1,'71ff93ea-6d59-4cb5-92df-2e71843cd0ce','Mimi','Katz','Phelia','246-74-6094','1979-03-01',0,'Female','Richmond Hill, NY 11418 21A Nicolls Drive'),(1,'733fb3ac-557e-421b-8ac1-2f15b03f812e','Claudelle','Cardwell','Briney','147-61-3834','1963-02-01',0,'Male','293 Dunbar Ave.  South El Monte, CA 91733'),(1,'73437762-1d12-437f-9189-f8bfdfbd1d87','Mildrid','Bauman','Alvina','499-15-7669','1961-02-04',0,'Female','Alexandria, VA 22304 859 Windfall Rd.'),(1,'73636ed7-c682-41ed-8d92-c3f848e442b4','Mahala','Estrella','Keelia','006-48-2815','1984-04-03',0,'Female','Marlborough, MA 01752 350 White Drive'),(1,'738337e2-6242-4e9f-a6af-f47ce33fc43a','Lucia','Mccrary','Abigale','376-23-3413','1977-03-03',0,'Female','7 School Ave.  Buffalo, NY 14215'),(1,'7416db14-762e-4e07-9921-b3a72410c867','Adda','Duffy','Cybill','271-64-9251','1985-04-04',0,'Male','7318 Academy St.  Dyersburg, TN 38024'),(1,'74326fd1-cdcb-45e9-a033-36d82512b57e','Phaedra','Bordelon','Moll','382-24-4571','1965-04-01',0,'Male','Beaver Falls, PA 15010 727C W. Church Road'),(1,'7496199d-ecf2-447c-8787-f45f944b875d','Anabelle','Sargent','Nerissa','139-40-7502','1963-01-03',0,'Female','946 Valley Farms St.  Tualatin, OR 97062'),(1,'7520a181-da2d-4177-84c3-8f1cf8a6c432','Mei','Langer','Sabrina','559-56-6348','1970-04-04',0,'Female','Thibodaux, LA 70301 7618 North Lantern Ave.'),(1,'753c3f19-2350-4965-9e3d-a81537a1e3fc','Gleda','Walls','Calley','972-39-7210','1965-03-04',0,'Male','8438 Linda Street  New Haven, CT 06511'),(1,'75aa64e6-cf26-49a8-8a3a-e52502b151e6','Stephana','Mcfarland','Linzy','000-13-9677','1976-03-02',0,'Male','Saginaw, MI 48601 15 York St.'),(1,'75b10ef8-d6cd-41a2-8f61-5e3f0e3c5acb','Koren','Trevino','Clarabelle','173-91-3101','1974-02-03',0,'Male','Ashburn, VA 20147 17 Creek Street'),(1,'75d8ceb8-0a97-4430-919f-0434919f0c39','Morganne','Packer','Rhonda','329-05-6564','1983-01-04',0,'Female','9310 Ocean Street  Vernon Hills, IL 60061'),(1,'75fe2a9c-b821-4d06-9c15-1282b3335511','Inga','Crutcher','Tamarah','345-31-3935','1984-02-04',0,'Male','2 Newport St.  Princeton, NJ 08540'),(1,'7651a16d-4414-495d-a4bd-c2f20ce82e34','Milly','Rider','Joscelin','649-39-2636','1969-04-05',0,'Male','Dorchester, MA 02125 9155 West Indian Spring Road'),(1,'765e5926-6913-44ef-b65a-4bf3733eac30','Katusha','Mcmullen','Jerrine','274-84-7559','1976-03-03',0,'Female','8603 Valley Dr.  Olympia, WA 98512'),(1,'768d3a36-4b5e-4b42-a06a-0fb053753c11','Lilia','Andrew','Shandie','826-96-3866','1984-01-03',0,'Female','Lumberton, NC 28358 95 Pumpkin Hill Drive'),(1,'76a1814e-219a-4104-a543-7f89b4dda168','Bernadine','Barnette','Shaylah','881-46-4512','1965-02-05',0,'Male','Waterloo, IA 50701 799 Peachtree Ave.'),(1,'7712f4d7-4994-48b2-87e6-a346d35c8df5','Milli','Keeling','Lilli','658-09-4338','1984-02-05',0,'Male','9487 Woodside Road  Mcallen, TX 78501'),(1,'7722d1fd-7132-4caa-b814-0f79104dbee6','Elberta','Embry','Dulcy','350-43-9865','1974-03-01',0,'Female','9971 Young Street  Holland, MI 49423'),(1,'772eff4d-174b-436d-8d89-b17d5f1aeb58','Melantha','Bickford','Sofia','444-76-2461','1974-03-01',1,'Female','49 Tower Dr.  Farmingdale, NY 11735'),(1,'7767a71e-2c22-43b0-8a90-113efa6d64cc','Imogene','Greco','Katy','463-72-0972','1964-04-02',0,'Male','2 Newport St.  Princeton, NJ 08540'),(1,'7772eaf1-6474-47ec-b504-9d93b6d35329','Celinda','Ingram','Goldia','130-40-7369','1966-04-01',0,'Male','Belmont, MA 02478 148 Johnson Street'),(1,'777f1970-c8cd-42ea-b6a9-5f80da22c1dc','Ailsun','Dias','Misty','166-12-5329','1968-02-04',0,'Male','Naugatuck, CT 06770 8724 Manor St.'),(1,'778e4fb1-d3a9-4e5a-a8d2-004035328b3b','Engracia','Maynard','Myrtle','927-72-0914','1982-03-01',0,'Female','Endicott, NY 13760 29 Glenholme Drive'),(1,'7793ad26-bec2-4c56-b0d7-afbc7146850a','Kara','Beckwith','Clementia','497-46-2744','1968-03-04',0,'Male','730 Prairie Dr.  Virginia Beach, VA 23451'),(1,'77945a0a-3f79-4f5c-bc62-8f08d1efee31','Shandeigh','Roland','Tami','448-57-6412','1981-04-02',0,'Female','24 Ketch Harbour St.  Ozone Park, NY 11417'),(1,'77a41b08-0549-4283-aa8c-e1709d8cce92','Gretchen','Hitt','Gwenny','020-47-9286','1983-01-04',0,'Male','Cuyahoga Falls, OH 44221 8577 North Country Club Rd.'),(1,'77bf3253-3b94-475f-93dd-bc531b6b1541','Rachel','Hoffmann','Jaquith','662-76-1922','1984-03-05',0,'Male','Revere, MA 02151 681 Thorne Ave.'),(1,'77d6746e-3d2a-4f04-b6c0-54d7655cd79f','Agatha','Cervantes','Terry','439-87-4916','1982-04-05',0,'Female','Clinton Township, MI 48035 800 Cross Lane'),(1,'78183af9-86ca-49e9-affa-44faa454610d','Gale','Gilliam','Aidan','625-50-3258','1975-04-04',0,'Female','Seymour, IN 47274 282 Sulphur Springs St.'),(1,'7855f5e9-799c-419b-8c4f-063fd759a910','Lorry','Farrell','Ethelda','720-76-1132','1978-03-02',0,'Female','Fairhope, AL 36532 21 Clinton Ave.'),(1,'78638cb8-9fff-48f2-a32e-a50807cd20a4','Regan','Driver','Abagail','473-83-2547','1983-04-04',0,'Male','12 Lyme Avenue  Longwood, FL 32779'),(1,'78905a53-156f-44ff-baa9-086313049b82','Kip','Judge','Ashly','948-04-8167','1975-03-01',0,'Male','21 E. Lake Forest Ave.  Glen Allen, VA 23059'),(1,'78b9fb37-aec1-4485-87fe-5c1264c3684f','Tallou','Sims','Anthia','808-52-3794','1969-04-03',0,'Female','2 Newport St.  Princeton, NJ 08540'),(1,'78e1f97e-5375-428d-b20e-d08420b9308d','Norina','Jameson','Gwennie','161-36-5661','1966-04-04',1,'Female','Saratoga Springs, NY 12866 7 High Ridge Dr.'),(1,'79715f65-18b4-4dcf-97c2-201ce1303b11','Aurelia','Acuna','Robinett','523-74-7005','1974-01-05',0,'Male','447 Magnolia Ave.  Centereach, NY 11720'),(1,'79d63c53-a7e7-4daf-88fc-4932d772c6d9','Gretchen','Merriman','Aubrette','941-80-0676','1963-01-03',0,'Female','383 Whitemarsh Street  Ashburn, VA 20147'),(1,'7a3f9647-f14b-4534-9bfa-046492439abb','Sibley','Dozier','Cahra','369-19-8547','1982-03-05',0,'Female','Winter Springs, FL 32708 8182 Mayfair Street'),(1,'7a448b75-0eb1-418a-8e00-49850b59d8aa','Audie','Southard','Tori','267-13-8175','1967-01-05',0,'Female','Fairhope, AL 36532 21 Clinton Ave.'),(1,'7a7d3756-8a8f-42be-b9b8-020087527cde','Denice','Pollard','Moria','241-86-0351','1984-04-01',0,'Female','Rolling Meadows, IL 60008 913 Colonial Street'),(1,'7a899765-dd4f-4f9b-89b4-2d7764b54f06','Karoly','Bradshaw','Reggie','826-41-9603','1961-02-05',1,'Male','78 Williams St.  Burnsville, MN 55337'),(1,'7a9bebb1-408c-4b0e-991e-d9cc61caab40','Cami','Gillespie','Allis','420-18-2066','1984-02-01',0,'Female','Warminster, PA 18974 9106 Fieldstone Rd.'),(1,'7b093e07-02be-4cd3-b368-55c3ab821d2d','Ronnica','Rainey','Mair','475-94-6701','1975-01-02',1,'Male','Clinton Township, MI 48035 800 Cross Lane'),(1,'7b1d4fdf-c57e-4c97-b145-17bc33ded5b2','Christiane','Ledbetter','Corrina','543-29-4133','1984-04-04',0,'Male','7 School Ave.  Buffalo, NY 14215'),(1,'7bb2661d-c401-4fd7-a61d-823a5871da73','Ollie','Rosenberg','Odelia','033-46-0433','1975-01-05',0,'Male','Camas, WA 98607 7711 Pleasant Ave.'),(1,'7bce8224-6dc5-4c2a-881d-c1f04cd425e2','Minna','Dale','Anastasia','365-72-4983','1980-03-05',0,'Female','Mc Lean, VA 22101 16 Edgemont St.'),(1,'7bdef497-056d-4399-92c9-230dc9fad56e','Mame','Seifert','Katy','208-17-8115','1974-03-03',0,'Female','Passaic, NJ 07055 18 Old Newbridge Ave.'),(1,'7c60d9ab-f54a-4848-be76-78ef7fed78de','Bianca','Rowley','Andi','169-87-8469','1982-02-05',0,'Male','Spartanburg, SC 29301 784 North Cemetery Dr.'),(1,'7c82becb-fbca-498e-bedc-04892773bdfc','Torrie','Houle','Jaclin','900-36-1963','1973-02-04',0,'Female','Staunton, VA 24401 650 Lake Forest Street'),(1,'7c875ba5-5269-4512-a04f-aba850eaa998','Ardenia','Bagley','Jori','313-01-4841','1968-04-01',0,'Male','932 Madison St.  Des Plaines, IL 60016'),(1,'7d06d38e-ef84-4f97-94e9-4bd5ef367f8a','Mariam','Norwood','Susanetta','456-54-9579','1969-02-02',0,'Female','9123 Golden Star Dr.  Nazareth, PA 18064'),(1,'7d3354bd-b811-4363-93c9-08ad4b2577b2','Gae','Bellamy','Jammie','500-53-4842','1980-04-04',0,'Female','7343 West Peg Shop Street  Matthews, NC 28104'),(1,'7d355a33-67a0-43d1-9faf-cc2442b3512c','Marcia','Ames','Marian','676-04-6137','1971-02-01',0,'Male','43 North Southampton Dr.  Reston, VA 20191'),(1,'7de013f8-2ccf-4c82-8434-5b56ae028f9d','Danika','Martindale','Madlen','057-87-4534','1978-04-03',0,'Female','Winter Springs, FL 32708 8182 Mayfair Street'),(1,'7df24f45-b433-46d3-b1f0-ea8cd9590ac0','Evania','Rayburn','Bernadine','652-72-4583','1962-02-04',0,'Female','Stamford, CT 06902 599 East Hudson Court'),(1,'7dfd3762-132d-40ec-ac28-56a4a6261326','Francine','Beckham','Kore','675-79-8340','1966-04-05',0,'Male','48 West Crescent Street  New Bern, NC 28560'),(1,'7e0a0738-4e78-4b04-b0c5-15ff3550b23a','Kati','Rocha','Dorelle','561-55-7143','1981-01-02',0,'Female','8992 Pacific St.  Wake Forest, NC 27587'),(1,'7e752655-7f2a-4f93-b83d-6c41c934a79a','Fay','Barlow','Esmaria','103-25-8829','1960-04-04',0,'Male','Deer Park, NY 11729 739 S. Longbranch Dr.'),(1,'7e87914b-1dfc-4abb-bb97-d01a5686dd3e','Aubrie','Blackburn','Loleta','192-49-0033','1962-03-03',0,'Female','Sylvania, OH 43560 8315 W. Sussex Ave.'),(1,'7ecc0e06-db40-401b-b9b4-3b705b91b269','Issie','Embry','Lyn','055-24-9452','1969-01-04',0,'Male','7367 Arch Drive  Lorain, OH 44052'),(1,'7efa4247-3435-4937-bce9-9ff7568b9746','Correy','Sturdivant','Ethel','567-77-2618','1977-01-03',0,'Male','Clinton Township, MI 48035 800 Cross Lane'),(1,'7f412aad-d51b-4585-8cdf-c6df9c339b9c','Kimberlyn','Ornelas','Joice','608-95-8064','1979-02-02',0,'Male','Circle Pines, MN 55014 8203 Academy Drive'),(1,'7f81c544-c1d1-4431-a909-bd39f9f4f995','Matilde','Martindale','Lucretia','327-27-5966','1985-03-01',0,'Male','83 Linden Street  Spring Hill, FL 34608'),(1,'7f826df5-15c2-4277-bbe5-032e42cbc9b2','Chicky','Littlefield','Jerrie','047-93-7265','1975-04-01',0,'Male','Defiance, OH 43512 616 Brickyard Avenue'),(1,'7f8ee42f-8677-4560-af27-2bae6fa71f33','Rubetta','Camarillo','Trish','474-45-8163','1974-01-01',1,'Female','Revere, MA 02151 681 Thorne Ave.'),(1,'800a3321-c9af-4b39-ab41-729a7d0218a4','Daisi','Pollard','Edin','925-37-4829','1981-04-03',0,'Male','Satellite Beach, FL 32937 86 Locust St.'),(1,'800ae272-6400-4a67-9a4f-128b5d44c166','Mable','Riddell','Sibilla','646-71-0087','1983-02-03',0,'Male','932 Madison St.  Des Plaines, IL 60016'),(1,'8042716b-2f00-4469-9d34-2182b12dee7e','Jodee','Aviles','Starlin','485-18-8734','1981-03-02',0,'Male','Saint Cloud, MN 56301 60 Vermont Dr.'),(1,'8048c1a9-04f1-4a7a-b452-f0712c119918','Kaia','Huber','Thomasa','960-19-1090','1975-01-04',0,'Male','Circle Pines, MN 55014 8203 Academy Drive'),(1,'80dbff79-21d6-4c62-a1ba-2671e655185d','Janet','Archie','Mame','839-15-0122','1977-01-05',0,'Female','8160 Crescent Drive  Dalton, GA 30721'),(1,'80fb5587-2c72-460f-8478-d5d7a8006773','Bridie','Troy','Erina','896-81-7762','1965-03-02',0,'Female','Richmond Hill, NY 11418 21A Nicolls Drive'),(1,'81042274-0feb-4722-a667-e4356369cbaa','Datha','Daley','Dorine','770-10-1589','1980-03-03',0,'Female','95 Hill Drive  South Portland, ME 04106'),(1,'81245949-c268-4b8c-85a8-82041bd38a24','Aurora','Grigsby','Erda','757-11-5734','1983-02-02',0,'Female','9487 Woodside Road  Mcallen, TX 78501'),(1,'81bd067e-eab7-47ec-95b1-5624b56825b1','Lonni','Woodard','Merrile','608-46-5418','1978-02-03',0,'Male','Falls Church, VA 22041 74 Tunnel Street'),(1,'82ca944d-7183-43d0-a7d7-baafe4080478','Betteann','Marshall','Leticia','102-19-3196','1970-02-05',0,'Male','164 Sycamore Street  Herndon, VA 20170'),(1,'831c0971-c7cc-4514-8865-7fc1ea1dcc15','Sibeal','Morey','Babita','690-55-0490','1977-03-02',1,'Female','Colorado Springs, CO 80911 947 Academy St.'),(1,'837f8051-a802-4f9f-9942-eb2099fc90f7','Germaine','Gatewood','Henka','692-16-0071','1983-01-04',0,'Male','10 West Railroad Ave.  Glen Burnie, MD 21060'),(1,'83929850-f4c2-4813-903c-03af40de6810','Kathie','Shaw','Luciana','802-27-9414','1976-04-01',0,'Male','Revere, MA 02151 681 Thorne Ave.'),(1,'83bb815c-7506-409b-8373-e3288c6f8ea5','Morganne','Paulson','Marilyn','407-30-9357','1962-04-03',0,'Female','Bardstown, KY 40004 159 Edgefield St.'),(1,'83e0bb06-927b-48c1-89ff-b83b4be7e47a','Rozele','Damico','Sonni','776-85-2452','1974-03-01',0,'Male','9678 Oakland Avenue  Indianapolis, IN 46201'),(1,'841a6d28-60eb-4f7b-8bad-5ea00c0020e1','Allix','Cowan','Sheri','520-22-5421','1963-02-02',0,'Male','Cape Coral, FL 33904 9679 Edgewood St.'),(1,'84564036-fed6-47ea-a4e0-e33b5d6a720b','Romonda','Feldman','Pippy','202-87-7426','1961-04-03',0,'Male','57 Vale Rd.  Millington, TN 38053'),(1,'84c4ba2b-b188-47ac-910c-2593f4a93d4e','Nissy','Ritter','Fanni','390-25-1358','1979-04-03',1,'Male','Park Forest, IL 60466 475 Sage St.'),(1,'84debcd6-a495-402e-b3c3-0790dc16744a','Carlen','Sutherland','Bessy','149-45-4002','1962-01-01',0,'Female','79 Stonybrook Court  Santa Cruz, CA 95060'),(1,'8501a772-63f7-4592-89f8-f778b99ec154','Heather','Pitre','Michaelina','593-03-4474','1981-03-05',0,'Female','48 West Crescent Street  New Bern, NC 28560'),(1,'8517835c-03ed-4de7-8793-aadce4f9f659','Kitty','Skelton','Rosita','349-11-2725','1967-01-02',0,'Female','Chicago, IL 60621 29 Sleepy Hollow St.'),(1,'852be4b9-ffa9-45b3-9597-631cb2afdf90','Jillana','Lowe','Dannie','300-37-9386','1984-02-05',0,'Male','418 Brookside Lane  Pasadena, MD 21122'),(1,'85635092-c066-422c-bcfd-2ececed4ece6','Ronalda','Coble','Gianna','272-74-2164','1967-01-01',0,'Female','7898 Jennings Court  Williamstown, NJ 08094'),(1,'85706373-8946-44ff-a382-2562213fd38d','Codee','Nestor','Norene','753-75-4218','1985-03-02',0,'Female','9270 Galvin Lane  Plainview, NY 11803'),(1,'85a7027a-11bb-4bd3-8ade-302fa52223c0','Ellie','Doyle','Darcey','204-62-1394','1964-04-02',0,'Male','Galloway, OH 43119 17 E. Smoky Hollow Avenue'),(1,'85b6fbe0-246e-4fb3-9f9b-de3cafe052c4','Faina','Strauss','Jeanie','582-06-8996','1967-03-02',0,'Female','Bardstown, KY 40004 159 Edgefield St.'),(1,'86006c6b-0845-45a8-8779-790dce9f1321','Farrah','Oconnell','Jeana','174-03-9248','1967-02-02',0,'Female','Miami Beach, FL 33139 5 Argyle Lane'),(1,'862c8d50-ba25-4c9b-82ed-fc928a974e07','Rodie','Couch','Mae','142-76-4816','1973-02-03',0,'Female','447 Magnolia Ave.  Centereach, NY 11720'),(1,'86748425-6c78-42e3-bcb8-ce6194bc7770','Kath','Vincent','Myrtice','828-27-3853','1984-02-01',0,'Male','Staunton, VA 24401 650 Lake Forest Street'),(1,'872a6ac1-c976-4f9b-a6fa-afebf803f930','Tarra','Allan','Addie','302-96-2750','1966-01-01',0,'Female','Miami Beach, FL 33139 5 Argyle Lane'),(1,'8730df7f-5cad-432c-9ae6-a0718ff72762','Gretna','Shultz','Clem','428-79-8205','1961-04-04',0,'Female','Chicago, IL 60621 29 Sleepy Hollow St.'),(1,'875d487e-38b0-4246-8713-d3b39daa17c5','Eve','Dorman','Franky','894-73-1185','1977-01-01',1,'Male','Warminster, PA 18974 9106 Fieldstone Rd.'),(1,'878a6cee-b866-4f38-b2ce-a59f100383e6','Griselda','Gilley','Bab','957-45-8658','1970-03-03',0,'Male','45 Essex Lane  Shakopee, MN 55379'),(1,'87a2abd5-351a-4335-bbcb-2d4799c87e0b','Alia','Partin','Teressa','479-26-8421','1981-01-03',0,'Female','Saratoga Springs, NY 12866 7 High Ridge Dr.'),(1,'87e7d198-e0f5-4b72-aebd-df2834df62a6','Caria','Gordon','Ginelle','367-21-8016','1980-04-02',0,'Male','Naugatuck, CT 06770 8724 Manor St.'),(1,'8856838e-b2a5-42ad-a8d2-d5bf0a1d988e','Fredi','Breaux','Shelbi','792-75-0310','1965-01-05',0,'Male','Deer Park, NY 11729 739 S. Longbranch Dr.'),(1,'88ae68e1-ea19-4af6-b96f-fbc8e9a0519b','Nonah','Esparza','Aile','596-36-6475','1977-02-03',0,'Male','7426 Iroquois Lane  Desoto, TX 75115'),(1,'88bffa23-3aa3-46f0-8c3f-11a15c7a628a','Bride','Boone','Aura','248-98-0896','1976-02-02',0,'Male','Piqua, OH 45356 866 Manor Lane'),(1,'88f63f85-c045-425d-9d9f-97a54223efd0','Eddy','Higgins','Almira','981-07-1240','1967-02-04',0,'Female','57 Vale Rd.  Millington, TN 38053'),(1,'893da414-5cd6-463d-b6e3-d4881b8a94b0','Charleen','Mcdougal','Freida','570-32-9316','1977-03-01',0,'Male','Cape Coral, FL 33904 9679 Edgewood St.'),(1,'89c94b03-7c77-4af0-aecc-75b89ce8bba5','Leland','Gee','Kara','672-26-7145','1985-04-03',0,'Female','21 E. Lake Forest Ave.  Glen Allen, VA 23059'),(1,'89f40986-65da-4ae3-912d-68d08f1daf90','Lula','Martinez','Denys','456-15-8621','1971-03-02',0,'Male','Bardstown, KY 40004 159 Edgefield St.'),(1,'8aaa5331-b160-44bd-977f-edf3d2d1e7b8','Elnore','Popp','Ashely','562-05-7074','1976-02-01',0,'Male','164 Sycamore Street  Herndon, VA 20170'),(1,'8aca2023-56fd-4098-9be8-cc4466c8524f','Melantha','Farrar','Siouxie','140-87-8846','1964-04-01',0,'Male','The Villages, FL 32162 96 NW. Annadale Road'),(1,'8b5cad91-397b-4a85-af85-d0f3f59f6b59','Brena','Moll','Eleanor','928-93-1691','1964-02-05',0,'Male','Saint Cloud, MN 56301 60 Vermont Dr.'),(1,'8bb53010-d38b-499a-bbac-39efe9907003','Theresita','Beeson','Jaclyn','702-55-1991','1974-04-02',1,'Male','Bethesda, MD 20814 414 Greenrose Ave.'),(1,'8c463873-57bf-4aab-ac82-a02d54dc49fe','Devin','Mcgowan','Farra','513-37-6978','1974-02-04',0,'Male','293 Dunbar Ave.  South El Monte, CA 91733'),(1,'8cab846c-f898-4d1c-9440-f60604183274','Blisse','Starks','Clare','720-81-1485','1970-01-01',0,'Male','525 S. Thompson Street  Superior, WI 54880'),(1,'8cef73ed-89b1-434c-80d0-59e177e30c82','Perla','Mortensen','Lorilyn','521-13-2175','1977-03-03',0,'Male','734 Cedar Swamp Drive  Clifton, NJ 07011'),(1,'8dfe9237-04f2-4c73-b13e-725680ff7c91','Luci','Gillespie','Tine','378-97-0083','1973-02-04',0,'Male','325 Richardson St.  Largo, FL 33771'),(1,'8ebe933f-7ac1-41ec-9ad3-34a3304c9aac','Jobi','Dubose','Blondy','835-27-1775','1974-02-01',0,'Male','7735 Locust Street  Suite 6'),(1,'8ebf8355-64b1-4448-91a4-28f29f7cf3ee','Florie','Hodges','Selia','056-59-9693','1964-01-04',0,'Female','9729 Dunbar Rd.  Land O Lakes, FL 34639'),(1,'8ecdd7f0-fe9a-48fb-84e1-0dc651b4df86','Binni','Gaddis','Noell','964-87-0894','1974-02-03',0,'Male','Saint Augustine, FL 32084 9488 Sutor Road'),(1,'8edddebf-8e80-4bc4-813b-b0d8b43b0d8c','Belle','Ramsay','Shaylyn','461-98-8363','1961-04-01',0,'Male','San Lorenzo, CA 94580 970 Buttonwood Ave.'),(1,'8f0e34dd-430e-415c-84ea-329694eb6d21','Timmi','Moody','Bellina','629-33-3828','1979-03-05',0,'Female','8657 Wayne Circle  Cedar Falls, IA 50613'),(1,'8f58e08e-3b8b-485f-aa15-3c5772c66bea','Kyla','Langston','Chandal','108-91-5155','1963-03-05',0,'Male','Spartanburg, SC 29301 784 North Cemetery Dr.'),(1,'8f62bd74-06ea-44d3-ac98-f75e3d7f3273','Jere','Berrios','Monica','768-98-3210','1977-03-02',0,'Female','Park Forest, IL 60466 475 Sage St.'),(1,'9000300a-24f2-4fc5-ba2c-05497467ff84','Mercie','Huntley','Blaire','317-10-1137','1983-04-03',0,'Female','Satellite Beach, FL 32937 86 Locust St.'),(1,'918eaf4c-8d4c-44bd-8488-cb9df0c38c13','Jillayne','Appleton','Seka','423-89-0811','1981-03-03',0,'Female','Buffalo, NY 14215 8567 Fulton Road'),(1,'91b9b2d2-5bb0-40d0-8592-637191bb2b38','Teddy','Rand','Martha','014-75-7509','1966-02-01',0,'Female','9123 Golden Star Dr.  Nazareth, PA 18064'),(1,'920263b6-f398-4873-a805-89b403b933a7','Hali','Conway','Malorie','151-17-0253','1972-04-04',0,'Female','26 Wilson Dr.  Summerfield, FL 34491'),(1,'92a2d6f9-053d-47c9-b1c5-afd55bea52a6','Jane','Navarrete','Dory','717-57-7796','1983-01-01',0,'Male','48 West Crescent Street  New Bern, NC 28560'),(1,'92c27bcd-752f-4da3-a19a-c2ae80644e12','Annissa','Pinto','Edee','137-57-1703','1965-02-03',0,'Female','52 Kent Ave.  East Lansing, MI 48823'),(1,'93588f65-fc42-43ed-b2d8-a52097f3417b','Dorry','Prather','Adda','213-95-3707','1964-04-04',0,'Male','Satellite Beach, FL 32937 86 Locust St.'),(1,'93ad9125-e1d6-4879-a99c-64e9c5c8e7eb','Jeni','Crocker','Angil','185-93-0950','1961-02-03',0,'Female','Saratoga Springs, NY 12866 7 High Ridge Dr.'),(1,'93cc03c1-9470-4f24-9215-3540ff52665a','Modestine','Dutton','Caye','222-36-7338','1965-02-01',0,'Male','447 Magnolia Ave.  Centereach, NY 11720'),(1,'93e47a90-81b0-4e40-89f9-c1e35b6136b0','Bunny','Carter','Trixie','341-07-9201','1964-03-01',0,'Male','Passaic, NJ 07055 18 Old Newbridge Ave.'),(1,'94413c60-3f79-44ab-a374-21b3c66a91cc','Edythe','Wellman','Margot','546-20-8354','1972-01-04',0,'Male','Ashburn, VA 20147 17 Creek Street'),(1,'9460795a-5ee6-437a-a67c-1913696a078a','Corie','Applegate','Greta','124-40-4665','1975-04-05',0,'Female','Defiance, OH 43512 616 Brickyard Avenue'),(1,'948b0e2a-452f-4b91-a031-f0d6d7d589b9','Cairistiona','Pendergrass','Joellyn','052-58-2589','1982-01-01',0,'Female','Conyers, GA 30012 9407 Walnutwood Drive'),(1,'948cf32d-cd23-44a4-93e0-0d12728aae2b','Aaren','Phelan','Liza','395-92-0651','1968-03-01',0,'Male','Fairhope, AL 36532 21 Clinton Ave.'),(1,'949a797a-5ead-48ca-9eec-293681e47cc1','Emmye','Mcdonnell','Orsola','929-63-9637','1967-03-04',0,'Female','46 St Paul Ave.  Oswego, NY 13126'),(1,'94d52ac8-3ad3-42b0-8533-2dce8e66b532','Binni','Stevens','Clarice','742-07-1183','1964-04-01',0,'Female','Saint Cloud, MN 56301 60 Vermont Dr.'),(1,'94fd244d-bd01-4284-97eb-8b213f8bb059','Miriam','Brownlee','Sharron','970-71-6424','1970-02-02',0,'Female','293 Dunbar Ave.  South El Monte, CA 91733'),(1,'95586892-a02c-45c9-b04e-365661fcc187','Fenelia','Trent','Harriette','052-56-7224','1971-03-03',0,'Male','Clinton Township, MI 48035 800 Cross Lane'),(1,'956d6f52-ec8d-4e22-8e9b-fe2bc5b6d39b','Kristan','Michaels','Jemmie','554-10-5823','1975-01-05',0,'Male','Belmont, MA 02478 148 Johnson Street'),(1,'958e7cfb-2b4c-4db4-9562-0e5b409d6c6c','Carmina','Kroll','Genovera','589-33-0259','1978-04-01',0,'Female','Yakima, WA 98908 74 Rocky River St.'),(1,'9592e22a-8d4f-4056-ba44-6ee80285809e','Jewel','Mcgriff','Sharona','115-50-9246','1979-03-01',0,'Male','7367 Arch Drive  Lorain, OH 44052'),(1,'95dc4de7-e6a0-4393-a754-a9e77c354871','Illa','Mann','Tildie','774-60-6877','1984-04-01',0,'Female','Richmond Hill, NY 11418 21A Nicolls Drive'),(1,'96206938-c812-447a-8a8c-a1853080838a','Ainslee','Lin','Sidonnie','039-21-0269','1971-02-05',0,'Female','Carpentersville, IL 60110 982 Pearl Court'),(1,'965018e0-d6b4-4093-9611-9958e5de704c','Calli','Levi','Lenora','816-34-5428','1965-01-04',0,'Female','Wenatchee, WA 98801 7356 Smith Dr.'),(1,'96d6d7b0-757e-4834-beb7-1de851d717d0','Goldi','Olive','Ophelia','411-94-4551','1971-01-02',0,'Male','9487 Woodside Road  Mcallen, TX 78501'),(1,'96edb078-8760-42d5-b8b9-61cb32af96da','Chanda','Cintron','Silvana','283-90-1770','1963-03-03',0,'Male','21 E. Lake Forest Ave.  Glen Allen, VA 23059'),(1,'970fe7d0-8a7d-4c3e-b2bc-67123d172bcc','Carlen','Talley','Olivette','460-38-2337','1967-02-05',0,'Male','913 W. Edgefield Street  Zanesville, OH 43701'),(1,'97458e86-7c90-4813-a341-132aac82c5a7','Margy','Anthony','Heddi','457-29-6151','1967-03-04',0,'Female','735 Hall Street  Romulus, MI 48174'),(1,'9753cdb4-75bc-4a72-a5b3-9e4527b53aae','Milena','Close','Noemi','432-75-5381','1968-04-01',0,'Male','Bethesda, MD 20814 414 Greenrose Ave.'),(1,'97b2a4be-531c-4da7-a46d-11fb22a1933e','Maye','Fletcher','Danyelle','718-06-0614','1977-03-01',0,'Male','7353 Tallwood St.  Palm City, FL 34990'),(1,'97bd0ca7-5c9a-46fc-b434-d6b26afd691d','Gae','Andersen','Laurene','738-06-6215','1985-01-02',0,'Male','525 S. Thompson Street  Superior, WI 54880'),(1,'97d44c7b-fa2f-4205-b84d-3211f68dd421','Harley','Isaacson','Julissa','898-38-2628','1968-04-04',0,'Female','Beaver Falls, PA 15010 727C W. Church Road'),(1,'97f76bc3-97fb-4731-bf61-6b218248ccc2','Noel','Barry','Adelice','136-56-6578','1965-01-01',0,'Male','50 East Jockey Hollow St.  South Windsor, CT 06074'),(1,'9822bcc7-ba8c-46ae-8735-79b82b50389f','Marietta','Grice','Tallie','351-94-4815','1983-02-02',0,'Female','Lawndale, CA 90260 19 E. Courtland Lane'),(1,'982ac463-96c1-4df1-a66b-55889784dd51','Harmony','Stegall','Rachel','309-07-0907','1980-03-01',0,'Female','Saint Joseph, MI 49085 9672 Summerhouse Lane'),(1,'9862dc07-b67c-4a13-9d00-8f7924e79707','Jerry','Palacios','Con','249-25-8708','1977-02-03',0,'Male','504 Greystone Street  Goose Creek, SC 29445'),(1,'9889dfb0-f80a-439f-89de-56cc85ba18c5','Orelie','Levy','Nanete','140-67-1326','1983-02-01',0,'Female','7932C Garfield Ave.  West Islip, NY 11795'),(1,'9927b7d7-d8a4-4c37-b68b-4ede6a15b393','Aridatha','Christenson','Darrelle','496-07-3978','1971-03-02',0,'Female','7735 Locust Street  Suite 6'),(1,'997376fd-e2bb-4223-a4dd-f14bf9b2af1b','Sherri','Foote','Caralie','304-60-2718','1961-04-02',0,'Female','Auburn, NY 13021 660 Evergreen Road'),(1,'9976ab3a-8bb4-4765-a63a-a7d6e8226567','Tracey','Rand','Karylin','209-68-8474','1966-01-04',0,'Female','Endicott, NY 13760 29 Glenholme Drive'),(1,'9989fdb5-f497-47b7-964e-b913ade3cfa7','Jacquie','Martin','Netti','841-74-5271','1970-03-01',0,'Male','New Philadelphia, OH 44663 8 W. Morris Road'),(1,'998dbbe3-c34c-4cea-a27f-21ac4c5b1cf3','Leora','Hargis','Sallyann','140-30-7237','1964-01-02',1,'Female','49 Tower Dr.  Farmingdale, NY 11735'),(1,'99b9cd87-f3ad-421c-942c-4c5a8feabdbd','Felicity','Ferrara','Starla','348-96-8051','1981-04-04',0,'Male','Reading, MA 01867 9448 School Street'),(1,'99f58000-7c0d-4d9c-a403-d7140476ac1a','Bettye','Richard','Thomasina','241-81-7178','1967-04-05',0,'Male','76 Lincoln Lane  Hollywood, FL 33020'),(1,'9a13d7d5-deb9-4a06-a113-091b930ee144','Clair','Schaeffer','Kellsie','026-69-5204','1978-03-02',0,'Female','75 Beacon Rd.  Mason City, IA 50401'),(1,'9a6de3ab-f768-4929-ba9d-7cf2f16ca9ef','Cary','Saunders','Leelah','193-74-2226','1961-01-05',0,'Male','447 Magnolia Ave.  Centereach, NY 11720'),(1,'9a9cf1b2-042b-45fd-bcef-f8c251cf6acc','Lelia','Callaghan','Kameko','473-27-1338','1965-02-02',0,'Male','325 Richardson St.  Largo, FL 33771'),(1,'9aaaebb5-4a1e-4bac-8013-e13af3f6c5c4','Jsandye','Bandy','Nelly','944-20-4138','1978-03-03',0,'Male','76 Lincoln Lane  Hollywood, FL 33020'),(1,'9b2eb69e-e5f1-4ed9-b2fd-c61757cb10f0','Felicity','Swan','Margaretta','453-03-2782','1963-02-01',1,'Female','79 Stonybrook Court  Santa Cruz, CA 95060'),(1,'9b49bbbc-dddf-4ac3-8c2a-32123d9a97cd','Debor','Henke','Alys','960-71-5529','1984-03-03',0,'Male','703 Sycamore Drive  Unit 27'),(1,'9b6d683d-6eeb-480c-9665-44ffe9ee1374','Merry','Thompson','Debee','313-21-0351','1979-03-01',0,'Male','325 Richardson St.  Largo, FL 33771'),(1,'9bb74089-c8b3-4fdc-8ad7-17141e45de61','Aindrea','Harlow','Cherilynn','427-70-9327','1974-01-01',1,'Male','7318 Academy St.  Dyersburg, TN 38024'),(1,'9bd07573-5e9c-4eb0-a3fd-2f76d794711c','Korella','Tice','Hannis','651-80-2025','1963-04-03',0,'Male','Pelham, AL 35124 99 Manor St.'),(1,'9bee9dca-ca93-4b74-9b38-f0e1d9dacd68','Trixy','Henke','Bunni','424-45-3029','1983-02-05',0,'Female','Carpentersville, IL 60110 982 Pearl Court'),(1,'9c8d5218-e409-43f7-93bb-23c6c5fcfbb0','Peta','Mayfield','Tawsha','290-43-1006','1979-01-03',0,'Male','Suite 423  Brentwood, NY 11717'),(1,'9c9534a5-b5ea-46d8-a638-b26ab2235634','Janelle','Butterfield','Joanna','926-08-5233','1975-03-05',0,'Male','North Augusta, SC 29841 69 6th Lane'),(1,'9cada92d-64a7-4da3-9b5c-d6011f43b608','Torrie','Irizarry','Gabrila','088-66-0720','1970-02-03',0,'Female','Vienna, VA 22180 99 West Oak Lane'),(1,'9d363e15-d350-457f-8d64-e46327860ed0','Kirsti','Dougherty','Rici','304-22-8937','1980-02-03',0,'Male','Cape Coral, FL 33904 9679 Edgewood St.'),(1,'9d41fdb7-9749-4fae-886b-253679bda23e','Kaylyn','Webster','Juliette','021-51-5998','1973-03-02',0,'Male','Opa Locka, FL 33054 120 Theatre Street'),(1,'9d66f6dc-1c8d-4d1c-82d3-e5f5fd16200e','Stephie','Coffey','Maegan','804-50-8945','1979-01-03',0,'Male','San Lorenzo, CA 94580 970 Buttonwood Ave.'),(1,'9d702dc0-e129-4a80-b689-97acaa0aa502','Kathy','Ashmore','Nertie','223-64-8170','1963-02-02',0,'Female','221 North 53rd St.  Satellite Beach, FL 32937'),(1,'9d93b7fe-ee6c-4758-b11f-88a7cecfb092','Fionna','Mccain','Kristin','112-24-4048','1970-01-04',0,'Female','Plattsburgh, NY 12901 51 Cedar Swamp Avenue'),(1,'9dd03552-fd87-4289-99f4-261cc069ce3d','Lulu','Lucas','Dorothee','838-08-0791','1974-04-03',0,'Female','83 Linden Street  Spring Hill, FL 34608'),(1,'9e914dda-c122-4c1e-9924-96b52640f40b','Alis','Alcorn','Dedra','018-62-1924','1964-02-01',0,'Female','946 Valley Farms St.  Tualatin, OR 97062'),(1,'9edc07b8-4819-4175-9348-a3d608ded68e','Kacy','Bennett','Julina','233-05-5449','1967-04-04',0,'Male','7932C Garfield Ave.  West Islip, NY 11795'),(1,'9ef85dc2-4382-4eaa-9c60-fb4d53dec06c','Krissy','Earley','Jillayne','209-71-5896','1965-03-05',0,'Male','42 Canal Drive  Elmont, NY 11003'),(1,'9f1bee27-2742-4e8c-a65d-3860a6c1fcbc','Nerta','Lawler','Ethelind','390-36-7034','1968-02-02',0,'Female','9430 Myrtle Street  State College, PA 16801'),(1,'9f5e8dc0-991c-419d-921a-6f7eccf774f2','Sharon','Shearer','Carlen','010-43-4219','1981-02-01',0,'Male','Apple Valley, CA 92307 670 Clay St.'),(1,'9f6654da-7063-464c-98ee-bebe590467eb','Rebekah','Head','Eva','221-26-5299','1975-03-01',1,'Female','Beaver Falls, PA 15010 727C W. Church Road'),(1,'9f887d26-2a73-48d9-b005-fc1c897fc2e3','Joye','Tellez','Marylinda','535-81-5427','1967-03-02',0,'Female','504 Greystone Street  Goose Creek, SC 29445'),(1,'9fa331d6-7087-4e72-8e7f-4e0647bc8092','Kathryne','Perea','Gretchen','349-72-5506','1962-03-03',0,'Male','853 Acacia Ave.  Hamburg, NY 14075'),(1,'9fb05d74-3d88-4e68-b079-45e6e343c4b1','Dinah','Aiello','Adrea','187-77-8762','1967-02-01',0,'Male','7507 Trenton Lane  Staunton, VA 24401'),(1,'9fb220e4-3155-4199-8401-d3e01d16b169','Shandie','Booth','Shirl','207-48-3319','1963-03-05',0,'Male','946 Valley Farms St.  Tualatin, OR 97062'),(1,'9fe47ac3-d253-4543-80db-f2e35f0b59d5','Aggy','Timmons','Sandra','087-11-2057','1975-02-02',0,'Male','Chambersburg, PA 17201 827 North Berkshire Dr.'),(1,'9ff73fd5-bd80-4b0a-ad42-6ae55f029810','Petronia','Woodard','Stephanie','042-37-8203','1976-03-04',0,'Male','Mchenry, IL 60050 8972 Acacia St.'),(1,'a011361d-a0e3-4f26-8a6e-53839434fbc1','Alessandra','Hammett','Ingaborg','363-76-6156','1971-02-04',0,'Female','46 St Paul Ave.  Oswego, NY 13126'),(1,'a01abe66-f979-4128-9e35-8b772ff62af7','Ange','Gilbertson','Leah','882-44-0683','1976-04-01',0,'Female','Sebastian, FL 32958 288 North Magnolia Dr.'),(1,'a01ae2a7-48f7-48af-a1ed-49fd684fc8b1','Nollie','Carl','Sheba','030-51-7870','1979-03-03',0,'Male','26 Wilson Dr.  Summerfield, FL 34491'),(1,'a0319750-98ec-4eb0-836f-e55220e639a5','Karoly','Royal','Jillie','070-64-6670','1983-04-01',0,'Female','95 Hill Drive  South Portland, ME 04106'),(1,'a0ac052e-9482-432d-b2f6-e8e157f754e4','Daisie','Morin','Callie','977-96-8159','1981-01-02',0,'Male','7353 Tallwood St.  Palm City, FL 34990'),(1,'a0bb5d94-d5a8-482b-8bd0-ca034b97ad64','Martita','Royer','Berty','264-74-5574','1973-01-03',0,'Male','9729 Dunbar Rd.  Land O Lakes, FL 34639'),(1,'a10378db-d77d-4208-99eb-ea273abf7c96','Rosalyn','Sacco','Joycelin','644-15-3535','1964-04-02',0,'Male','Sun Prairie, WI 53590 88 Cedarwood Dr.'),(1,'a104fe68-09da-473b-aff5-42fa96eafe63','Phil','Covey','Blondie','373-56-2958','1984-04-02',0,'Female','Marlborough, MA 01752 350 White Drive'),(1,'a115e8a6-5bbd-4606-a6c8-6217e3ea3a73','Lela','Gladden','Henrieta','539-57-6807','1973-02-02',0,'Male','Ashburn, VA 20147 17 Creek Street'),(1,'a11c6d2f-39a8-4e0b-aabf-03c27663b18f','Petunia','Wetzel','Roze','033-16-6478','1970-04-04',0,'Female','Cranberry Twp, PA 16066 15 Lake Rd.'),(1,'a124e7b5-9699-4c87-a0d7-bbd84dbfbc8f','Cammie','Lavigne','Blanch','824-45-2224','1968-02-02',0,'Male','49 Tower Dr.  Farmingdale, NY 11735'),(1,'a14ad348-c1a4-4011-85c5-09923766a838','Hanni','Dodds','Faith','386-83-4019','1979-04-03',0,'Female','474 North Arcadia Ave.  Raleigh, NC 27603'),(1,'a173f1c4-d9bb-430f-9f55-e26df528920f','Fae','Osullivan','Jackie','485-12-7243','1981-02-05',0,'Male','447 Magnolia Ave.  Centereach, NY 11720'),(1,'a192356a-d04a-4aed-a816-2db195db79fd','Fifi','Livingston','Paolina','308-29-5550','1968-04-05',0,'Male','620 Delaware Lane  West Bend, WI 53095'),(1,'a1a6bda1-ec8a-4cac-95c8-f415cdf97716','Idalina','Seal','Lauralee','589-05-7502','1983-03-04',0,'Female','8699 S. Oak Street  Bridgewater, NJ 08807'),(1,'a1b440a9-faa4-42f1-b24d-cb11d3471737','Deana','Wick','Karita','625-22-6825','1960-02-04',0,'Female','42 Canal Drive  Elmont, NY 11003'),(1,'a1bb5d2b-abdf-4851-972c-c73bf33f957a','Rozalie','Ricker','Claudina','210-28-1053','1968-01-01',0,'Male','Mc Lean, VA 22101 16 Edgemont St.'),(1,'a1db3586-c7f1-4ab7-87fb-1040332aafcc','Bianca','Morrow','Marlie','922-47-7191','1969-04-03',0,'Male','131 Arcadia Street  Bronx, NY 10451'),(1,'a1f4c312-07af-4555-a74a-381b1e809654','Ferne','Archie','Guenevere','467-95-5029','1964-02-04',0,'Female','Apt 4  Fairfield, CT 06824'),(1,'a1fcd664-410b-4cc1-9c92-d9d5c1ba8533','Correy','Dorsey','Flori','755-95-1215','1963-02-03',0,'Female','Deer Park, NY 11729 739 S. Longbranch Dr.'),(1,'a21df552-f0d3-475a-ab46-f9718d931207','Daffy','Wills','Alma','852-87-6442','1966-03-03',1,'Female','San Lorenzo, CA 94580 970 Buttonwood Ave.'),(1,'a222dd07-15e6-425b-b600-08ef195a5b79','Krystalle','Do','Orella','461-90-4682','1975-02-02',1,'Male','Piqua, OH 45356 866 Manor Lane'),(1,'a2a36bee-29d2-4c4a-b232-b5ea9cdd723a','Alejandra','Magana','Annalee','960-98-3647','1980-02-01',0,'Female','7507 Trenton Lane  Staunton, VA 24401'),(1,'a2d45552-8ea9-4ae9-9248-9cf4fe1a19eb','Drusi','Crouse','Sheila-Kathryn','257-89-3174','1962-02-01',0,'Male','8297 South Oak Meadow St.  Logansport, IN 46947'),(1,'a30148ee-a308-4371-ab36-6c865f0ca8b2','Berna','Pulido','Sibby','774-05-9015','1971-01-01',0,'Female','Waterloo, IA 50701 799 Peachtree Ave.'),(1,'a32aa690-401f-4c8c-9718-e72a61152780','Marjorie','Wilbur','Cati','835-19-4911','1974-02-01',0,'Female','Cranberry Twp, PA 16066 15 Lake Rd.'),(1,'a32ed332-8097-40bf-9bae-3ada5c8daafb','Orly','Bender','Aviva','926-20-0916','1973-02-01',0,'Female','45 Essex Lane  Shakopee, MN 55379'),(1,'a3c2969b-88b7-4ff4-80f0-97b8de786eb4','Eadith','Mckeown','Brett','585-85-5859','1981-02-03',0,'Male','Seymour, IN 47274 282 Sulphur Springs St.'),(1,'a3f7338e-c068-4446-af5b-40a081caf3b0','Danice','Duggan','Flor','530-17-9813','1985-03-01',0,'Male','Valdosta, GA 31601 301 Poplar Dr.'),(1,'a452d030-9044-45ad-a7f3-0d79bac7222f','Corinne','Prewitt','Adelina','121-76-8359','1962-04-03',0,'Male','159 North St.  Naugatuck, CT 06770'),(1,'a45611ee-5ae5-4986-9bde-ded684155ff8','Starlene','Trent','Eba','781-54-2343','1971-04-04',0,'Male','Auburn, NY 13021 660 Evergreen Road'),(1,'a4f07b74-561f-41b3-b5a1-9edb8b002a40','Brittaney','Broughton','Corine','684-65-7651','1963-04-02',0,'Male','Spartanburg, SC 29301 784 North Cemetery Dr.'),(1,'a5702db7-2b62-4298-bdd7-fcf17e649f84','Fenelia','Shirley','Minnie','707-09-4998','1975-01-04',0,'Male','Defiance, OH 43512 616 Brickyard Avenue'),(1,'a59bfdf4-8ba4-4a7b-a63f-983c1d6bb39e','Darcy','Langdon','Lucila','951-76-6126','1960-02-02',0,'Male','Passaic, NJ 07055 18 Old Newbridge Ave.'),(1,'a5b2d924-ad7b-4cd2-b19b-8c054b90618f','Corabella','Arrington','Barbey','551-34-8435','1960-03-04',0,'Female','9204 Old Beach Street  Huntington, NY 11743'),(1,'a5b9c43e-bae9-4631-9066-e922ba66eeab','Corella','Luther','Anthia','000-61-7543','1984-03-05',0,'Male','730 Prairie Dr.  Virginia Beach, VA 23451'),(1,'a60429c3-6b40-4c2d-b36f-e4454f8a24e4','Happy','Wasson','Trista','010-85-6022','1970-04-01',0,'Female','Mcallen, TX 78501 373 Winchester Street'),(1,'a60dd3b1-fbd2-4618-8d12-1d325771527d','Charlean','Kelleher','Dasie','625-00-4997','1971-04-01',0,'Male','Park Forest, IL 60466 475 Sage St.'),(1,'a6363a98-955b-472d-b4ed-3447e1a296cd','Kathie','Ochs','Iolanthe','588-23-0029','1980-03-02',0,'Female','95 Hill Drive  South Portland, ME 04106'),(1,'a63eae56-d434-43bd-9c01-21da3504fd97','Phillis','Gillette','Lara','872-13-9759','1968-01-01',0,'Female','Meadville, PA 16335 98 South Hawthorne St.'),(1,'a684a9d5-96fd-4a0d-a47b-bcf128285971','Crysta','Straub','Emalee','551-28-0359','1971-03-01',1,'Female','93 Garfield Ave.  Cedar Rapids, IA 52402'),(1,'a6b01f54-3302-40cc-a082-60f2ee449409','Betty','Dove','Daryn','689-86-3357','1980-04-05',0,'Male','8699 S. Oak Street  Bridgewater, NJ 08807'),(1,'a6f760cb-519e-4ffd-89bb-55098b7f1422','Jillane','Duckworth','Cordula','335-06-4344','1980-01-01',0,'Female','383 Whitemarsh Street  Ashburn, VA 20147'),(1,'a74ae319-bf40-47be-a0b5-d8bde54a2d43','Roch','Macklin','Jannel','789-40-8301','1976-03-05',0,'Female','10 West Railroad Ave.  Glen Burnie, MD 21060'),(1,'a74d6c75-e4ea-46a7-b95f-72765fc1ea76','Sean','Hobbs','Megan','407-41-2769','1972-02-04',0,'Female','Saginaw, MI 48601 15 York St.'),(1,'a74dd732-dcd7-444f-ac6c-21c3999262da','Nanci','Felts','Pierette','111-76-2738','1961-01-03',0,'Male','Yakima, WA 98908 74 Rocky River St.'),(1,'a77ba460-8f40-4080-8de6-35d6688d4a31','Natalee','Root','Janka','183-54-5659','1967-03-03',0,'Male','43 North Southampton Dr.  Reston, VA 20191'),(1,'a77dbc81-4251-4c7f-9dd2-cb4d0cddfd84','Grayce','Wingate','Paule','028-33-3690','1980-03-05',0,'Male','70 Joy Ridge Lane  Plymouth, MA 02360'),(1,'a7a54c4b-1980-4f26-bc1a-e6952afb500c','Jordan','Dutton','Nert','102-54-5797','1966-01-05',0,'Male','Deer Park, NY 11729 739 S. Longbranch Dr.'),(1,'a827853e-2f7e-4629-beb7-9468cfb6186c','Letti','Downs','Aubrie','419-96-7424','1973-01-02',0,'Female','Maryville, TN 37803 580 Foster St.'),(1,'a89b8902-0665-4434-95e5-9886f387e51d','Debor','Mathis','Ilyssa','934-47-2746','1960-04-02',0,'Male','293 Dunbar Ave.  South El Monte, CA 91733'),(1,'a8f2d250-f947-47a9-a847-4581754645a2','Lulita','Strickland','Lynnet','477-33-0658','1968-04-02',0,'Male','Elmhurst, NY 11373 7663 Market Drive'),(1,'a972696e-fe98-4739-a257-5addaa086fdd','Marietta','Barham','Arda','329-09-9874','1985-02-05',0,'Male','Bethlehem, PA 18015 113 Devon St.'),(1,'a97767a9-7222-4ba7-805a-01820563d3aa','Holly-Anne','Nichols','Lissy','109-09-5590','1980-03-05',0,'Female','797 Thatcher Court  Euless, TX 76039'),(1,'a99f64d0-6006-4fb6-a977-0a611128ecc5','Rhiamon','Dennison','Raf','362-51-4179','1968-02-01',0,'Male','Sylvania, OH 43560 8315 W. Sussex Ave.'),(1,'a9dde0f2-e753-4fcb-a133-48dd7d71a11f','Robinia','Whitehurst','Morna','072-93-8920','1984-04-03',0,'Male','Galloway, OH 43119 17 E. Smoky Hollow Avenue'),(1,'aa66e51a-aab2-4401-b043-ac79da27c041','Liva','Garber','Erminia','335-39-0031','1967-03-02',0,'Male','Westbury, NY 11590 65 Oak Valley Rd.'),(1,'aa9001f4-8824-4f02-8297-05c9d2bc7447','Ediva','Leavitt','Sibylle','753-95-3264','1976-01-02',0,'Female','70 Joy Ridge Lane  Plymouth, MA 02360'),(1,'ab31f804-68fb-449f-9647-c41aa32fec94','Dodie','Pack','Inga','777-82-3954','1985-02-02',0,'Male','Lumberton, NC 28358 95 Pumpkin Hill Drive'),(1,'ab7475ee-82ab-481d-8b1d-0674044063c7','Lorianna','Muse','Petronille','726-55-5971','1972-04-01',0,'Male','159 North St.  Naugatuck, CT 06770'),(1,'ab78e16f-8af3-4aec-9f38-aac7536747f2','Cathy','Larry','Marisa','636-88-3762','1982-01-05',0,'Female','Glen Cove, NY 11542 571 Oakland Street'),(1,'abf2e1eb-7488-4a5a-9f8d-45d96d39d0ea','Brandea','Will','Daisy','371-09-4282','1984-04-01',1,'Male','Waterloo, IA 50701 799 Peachtree Ave.'),(1,'ac764ea9-dc3c-4057-b2c5-4a468532bc47','Ruthie','Mancuso','Fidelity','309-65-5648','1960-04-03',0,'Male','Endicott, NY 13760 29 Glenholme Drive'),(1,'ac9b977c-f0d8-4a8d-8829-254a53537fdf','Aime','Jankowski','Kandace','812-50-4665','1973-03-02',0,'Male','Falls Church, VA 22041 74 Tunnel Street'),(1,'ace514b6-ffb0-4a78-beed-c01ffa9b2e2b','Stefa','Wheaton','Marcela','216-14-6806','1967-01-04',1,'Male','78 Williams St.  Burnsville, MN 55337'),(1,'adad63b3-e123-41c0-a116-963cf1ab3c33','Kirbie','Howes','Bonnibelle','079-00-0767','1960-04-03',0,'Male','Passaic, NJ 07055 18 Old Newbridge Ave.'),(1,'ae458eab-71ad-4fdc-bc5c-73b34fa2cc87','Denyse','Vogt','Bette-Ann','081-22-0742','1974-02-05',0,'Female','Opa Locka, FL 33054 120 Theatre Street'),(1,'ae472a45-6e7c-4d59-b207-25d0b2ca81a3','Jeri','Briones','Loren','960-50-7422','1968-03-01',0,'Male','83 Linden Street  Spring Hill, FL 34608'),(1,'ae4c2dd5-c55c-4392-bf26-bf2f60520d2c','Nada','Payne','Sharyl','209-61-7957','1982-01-02',1,'Female','Waterloo, IA 50701 799 Peachtree Ave.'),(1,'af819830-85f4-4209-86ad-f454afe36afd','Gizela','Quinn','Karlen','801-58-9729','1963-01-03',0,'Female','Westbury, NY 11590 65 Oak Valley Rd.'),(1,'af837aa6-a79e-4c4e-813b-8b377946c121','Matti','Crenshaw','Jenn','405-15-1275','1983-03-01',0,'Female','Richmond Hill, NY 11418 21A Nicolls Drive'),(1,'af89e6de-8ea7-43a7-8dc6-260280bad338','Tim','Behrens','Tiffi','722-98-1328','1965-03-03',1,'Male','Thibodaux, LA 70301 7618 North Lantern Ave.'),(1,'b01d4ef8-abfc-4554-9965-f29081b79a55','Cindee','Loya','Greta','569-39-4599','1966-03-05',0,'Female','79 Stonybrook Court  Santa Cruz, CA 95060'),(1,'b045316a-9361-49df-a5b8-265bed34e550','Elnora','Briggs','Elaine','236-70-9190','1961-02-03',0,'Male','Ashburn, VA 20147 17 Creek Street'),(1,'b04e65d5-a6c4-4157-a8fd-cbe1b40551f9','Randene','Noonan','Ada','734-36-0441','1970-01-05',0,'Male','Revere, MA 02151 681 Thorne Ave.'),(1,'b04e894f-b027-42ce-9221-80d510c4a987','Marika','Weathers','Jaquenetta','221-81-0450','1961-01-01',0,'Female','Piqua, OH 45356 866 Manor Lane'),(1,'b06fecd2-217d-4e1d-aea6-b21edf2dc8f7','Lorita','Mcfall','Goldina','396-34-9575','1976-01-03',0,'Female','853 Acacia Ave.  Hamburg, NY 14075'),(1,'b08684b2-4efd-46c0-bc59-b9851b889810','Barbabra','Quillen','Sharl','747-82-6135','1971-01-02',0,'Male','Satellite Beach, FL 32937 86 Locust St.'),(1,'b086c499-a214-4cab-8af0-348e129f28e0','Merrili','Barber','Lilas','968-52-6263','1977-01-02',0,'Female','Spring Valley, NY 10977 8978 South Fifth St.'),(1,'b08f920c-adbd-49e5-b63e-d63b8fab6b5d','Sile','Martens','Corine','867-68-8974','1976-04-05',0,'Female','24 Ketch Harbour St.  Ozone Park, NY 11417'),(1,'b0f9e7d5-8dd5-4ffa-8f9c-ec052578e087','Letizia','Paradis','Devin','132-20-9091','1974-04-04',0,'Male','Bethesda, MD 20814 414 Greenrose Ave.'),(1,'b0ff383d-a637-44cd-b699-e8c241c7639a','Marcia','Hillman','Appolonia','832-70-0409','1973-03-01',0,'Female','Virginia Beach, VA 23451 846 Smith Store Drive'),(1,'b13d33d8-933b-4a33-aca6-8d71339366ed','Karmen','Jolley','Lexi','681-54-2869','1978-02-01',0,'Female','Deer Park, NY 11729 739 S. Longbranch Dr.'),(1,'b1527252-46c1-468b-87c4-8c902388c9fa','Marysa','Frank','Aili','935-00-5014','1960-03-01',0,'Male','Thibodaux, LA 70301 7618 North Lantern Ave.'),(1,'b1828593-97d5-4bee-9634-39a6158cdb7b','Eleonore','Kidd','Karee','639-35-8495','1976-04-02',0,'Female','913 W. Edgefield Street  Zanesville, OH 43701'),(1,'b18b3009-6a4f-4087-a4c9-198168a302b4','Lulu','Candelaria','Eimile','341-94-4582','1966-04-05',0,'Female','383 Whitemarsh Street  Ashburn, VA 20147'),(1,'b198c766-af3d-4a16-80e0-aa38b1fb2bfa','Renae','Larson','Scarlett','221-65-3584','1968-01-01',0,'Female','Easley, SC 29640 814 Pine Lane'),(1,'b1b910c8-ca83-4baf-8b3e-3e86b38b13e1','Alexia','Cardenas','Shawna','076-95-0694','1979-03-04',0,'Female','82 Fieldstone Lane  Westland, MI 48185'),(1,'b1e0dd12-8df2-4ba2-b405-69bf977bc03a','Mallorie','Isaac','Almira','530-70-2934','1961-04-04',0,'Female','729 Schoolhouse St.  Maryville, TN 37803'),(1,'b2555f0b-54e3-4796-bb99-498be87c896a','Shir','Merchant','Ami','793-90-0440','1982-02-04',0,'Female','Lawndale, CA 90260 19 E. Courtland Lane'),(1,'b29aaae9-a958-45c2-87ec-6633177ea0eb','Sande','Allman','Luisa','839-57-2738','1972-04-01',1,'Female','8160 Crescent Drive  Dalton, GA 30721'),(1,'b2bf4906-1ceb-410c-b478-fc5a89381e21','Alina','Mcclanahan','Edeline','781-19-6912','1979-03-03',0,'Female','Bethlehem, PA 18015 113 Devon St.'),(1,'b329d756-0460-45f3-b9ac-43b84c311384','Shandy','Alves','Barbe','073-35-2093','1966-04-03',0,'Male','30 W. Beaver Ridge Court  Evans, GA 30809'),(1,'b36546b4-f21d-4ebe-809f-cf7857196c96','Anthiathia','Carrion','Amalea','095-08-4943','1984-04-04',0,'Male','Seymour, IN 47274 282 Sulphur Springs St.'),(1,'b3bf369b-3a1f-4bbb-a14d-5b43facbe8d9','Tabby','Santana','Lyda','386-87-2758','1980-02-01',0,'Female','Battle Creek, MI 49015 324 Manchester Rd.'),(1,'b3c2393b-094b-4364-9589-78dde6b986ba','Katrine','Gould','Letisha','821-80-2797','1965-04-01',0,'Female','7343 West Peg Shop Street  Matthews, NC 28104'),(1,'b42376ad-25cc-4eb8-8faf-489c925a3196','Abigail','Chalmers','Ciel','957-20-6014','1982-03-01',0,'Male','Saratoga Springs, NY 12866 7 High Ridge Dr.'),(1,'b4592585-671a-400d-a3fd-3a34ed0fa229','Junia','Murdock','Debi','794-59-1171','1963-02-03',0,'Female','Sylvania, OH 43560 8315 W. Sussex Ave.'),(1,'b4f4c064-9afc-41cf-a7d0-faf409e636f4','Shaine','Sterling','Anthe','181-18-1970','1972-01-01',1,'Male','932 Madison St.  Des Plaines, IL 60016'),(1,'b4f7167a-5d6d-4903-b267-6f9944ea22f6','Edeline','Manzo','Monika','279-62-9552','1962-02-04',0,'Male','Endicott, NY 13760 29 Glenholme Drive'),(1,'b4fa13e2-ecf5-4795-ab7a-3e3b39189c70','Rina','Reddy','Gianina','333-90-4110','1970-03-05',0,'Female','7898 Jennings Court  Williamstown, NJ 08094'),(1,'b522caef-3485-400a-a346-51c5300ca111','Ninon','Finnegan','Glenine','739-29-5117','1983-01-02',0,'Male','Staunton, VA 24401 650 Lake Forest Street'),(1,'b5c7ce1e-e06f-4109-95c4-a1dacfc09bd2','Cicily','High','Rhea','675-36-3290','1982-04-05',0,'Male','57 Vale Rd.  Millington, TN 38053'),(1,'b6040a3a-93bc-498b-866a-73c8d41c943f','Fidela','Starkey','Agnola','726-94-9301','1964-01-02',0,'Female','70 Joy Ridge Lane  Plymouth, MA 02360'),(1,'b60bd23d-9bd2-4faa-8531-049571432d46','Pippa','Simons','Susie','903-42-0617','1980-04-05',0,'Female','95 Hill Drive  South Portland, ME 04106'),(1,'b6295313-e377-4f78-9e56-f134e2298f21','Esther','Bernal','Jsandye','599-07-8387','1964-01-04',0,'Male','7 School Ave.  Buffalo, NY 14215'),(1,'b63a45d2-e85e-4676-b875-a59b87c4b9ec','Petra','Hawk','Bernadene','303-43-9472','1967-04-02',0,'Male','76 Lincoln Lane  Hollywood, FL 33020'),(1,'b64d8f2d-e034-4009-99d9-3997b1fed381','Nichole','Cornett','Leah','286-41-9658','1979-04-04',0,'Female','Pelham, AL 35124 99 Manor St.'),(1,'b6575470-dd8e-4d63-8308-b4e5a312e8b4','Aryn','Fischer','Kylynn','116-27-1901','1963-01-05',0,'Male','86 East Joy Ridge Ave.  Kalispell, MT 59901'),(1,'b6b3a041-ad87-4879-a3ea-34492839fdc8','Cookie','Wharton','Lainey','631-73-5935','1973-02-03',0,'Male','Ashburn, VA 20147 17 Creek Street'),(1,'b6df92e7-5cfe-4165-9931-3ba95735ffd1','Arlie','Jamison','Mellisa','267-91-0739','1983-03-03',0,'Male','Valdosta, GA 31601 301 Poplar Dr.'),(1,'b6e934ec-245e-4261-854b-346f0909713f','Kriste','Vallejo','Charline','600-17-8543','1971-04-04',0,'Female','101 Cherry Hill St.  Yorktown Heights, NY 10598'),(1,'b7ba7f42-1653-45c5-81e4-79163ef8fadb','Phillida','Ballard','Sabrina','190-48-6885','1983-01-03',0,'Female','Sun Prairie, WI 53590 88 Cedarwood Dr.'),(1,'b7d2e3f8-9e12-4b08-a572-7c0d0288b903','Elnore','Wellman','Marjie','446-56-5708','1965-02-03',0,'Male','Plattsburgh, NY 12901 51 Cedar Swamp Avenue'),(1,'b7f30006-44fe-448c-adce-07579e4f7f45','Jaimie','Isaacs','Corrine','573-54-8845','1980-02-01',0,'Female','Camas, WA 98607 7711 Pleasant Ave.'),(1,'b851ee73-c427-465c-9135-ed99d06cc612','Annissa','Shivers','Gavra','861-02-1334','1965-04-04',0,'Female','Madison, AL 35758 9071 Park Avenue'),(1,'b8ec1537-5f69-41f7-ade4-9f34a280a0e0','Scarlett','Goulet','Jacklin','867-33-8480','1969-01-03',0,'Male','Bethesda, MD 20814 414 Greenrose Ave.'),(1,'b9285bff-0530-47b2-a7c3-a029a541ed43','Koral','German','Ofella','404-80-3406','1979-02-02',0,'Male','8297 South Oak Meadow St.  Logansport, IN 46947'),(1,'ba0295d9-9f53-474b-9066-f4465271f4d7','Pammi','Lynch','Karisa','650-91-7494','1961-04-04',0,'Male','797 Thatcher Court  Euless, TX 76039'),(1,'ba33ff33-d3bd-44bc-a3fe-3315d560d489','Maggee','Metzger','Meredithe','337-21-7063','1972-04-05',0,'Male','Stratford, CT 06614 783 Locust Drive'),(1,'ba6617dc-65ba-47ba-b46f-284ce20544f2','Karlotte','Fielder','Audi','640-00-1401','1976-03-01',0,'Female','Sylvania, OH 43560 8315 W. Sussex Ave.'),(1,'ba7bf419-0bc3-485e-97ef-0affc2d3224d','Pet','Main','Rheta','037-28-4452','1966-03-01',0,'Male','9204 Old Beach Street  Huntington, NY 11743'),(1,'bac3f564-50f2-4d16-9652-415825a74bff','Gabbie','Anderson','Laureen','307-00-9485','1972-04-05',0,'Male','3 High Point St.  Rego Park, NY 11374'),(1,'bc106ede-4082-49b4-a08c-fcd17b29f524','Gabey','Storey','Bridgette','508-39-1356','1968-02-01',0,'Male','7898 Jennings Court  Williamstown, NJ 08094'),(1,'bc222340-52ec-4138-bde5-a532e35bc494','Amy','Conger','Bobbi','657-29-7830','1961-03-05',0,'Male','Williamsburg, VA 23185 588 S. Green Circle'),(1,'bcba1f40-b937-4011-9e58-99fcff07ac15','Beckie','Elder','Alverta','579-91-3893','1985-03-01',0,'Male','9287 Oxford Lane  Fullerton, CA 92831'),(1,'bcd0b8f8-d587-4c02-83d9-f1e6afc29d49','Marje','Patterson','Caresa','691-53-4578','1966-04-05',0,'Female','729 Schoolhouse St.  Maryville, TN 37803'),(1,'bd1d6da4-68a7-4aed-9491-0ab7006ec61d','Gabbi','Maness','Bernita','263-78-6042','1977-04-04',0,'Female','Chambersburg, PA 17201 827 North Berkshire Dr.'),(1,'bd2f9eed-b1c0-42d6-81be-e37ba85354ce','Minnaminnie','Kearney','Maye','882-75-3433','1981-01-01',0,'Female','Suite 423  Brentwood, NY 11717'),(1,'bd39de12-2317-40d0-8f16-368dd363bb6d','Flossy','Tovar','Darline','497-74-6998','1968-01-02',0,'Female','42 Canal Drive  Elmont, NY 11003'),(1,'bd63008c-38c6-43ea-9abb-c67dd9ac72ca','Paulette','Wagner','Fleurette','064-03-8929','1982-03-04',0,'Male','Valdosta, GA 31601 301 Poplar Dr.'),(1,'bde77e2f-d39a-4bba-900f-1fc97e93f553','Stephanie','Grossman','Jsandye','721-04-9277','1984-02-05',0,'Male','159 North St.  Naugatuck, CT 06770'),(1,'be2b0357-8e05-412d-869d-e897fa5b2819','Biddie','Pitt','Celinda','072-69-7913','1976-02-03',0,'Female','Circle Pines, MN 55014 8203 Academy Drive'),(1,'be467ce4-6330-4361-bbf6-f8081db584b8','Cesya','Logue','Ibbie','630-64-9887','1966-02-03',0,'Male','Plattsburgh, NY 12901 51 Cedar Swamp Avenue'),(1,'be5501fd-f166-4a68-baf0-726b4b94a3b9','Janka','Goad','Diann','982-28-3153','1971-01-05',0,'Female','Alexandria, VA 22304 859 Windfall Rd.'),(1,'bead03f7-068f-470a-96bb-ce48fce29eee','Thea','Broadnax','Gusti','974-48-6248','1964-03-03',0,'Male','9058 Kent Court  Brooklyn, NY 11201'),(1,'bef5efe5-4635-42d5-91d6-09396505064b','Binni','Herrington','Carlye','144-49-8842','1961-04-05',0,'Male','Warminster, PA 18974 9106 Fieldstone Rd.'),(1,'bf222757-9477-4731-89fc-19b10737fd60','Brandie','Galvan','Marina','168-26-2551','1968-03-03',0,'Female','Galloway, OH 43119 17 E. Smoky Hollow Avenue'),(1,'bf5750a5-925c-4eb1-b921-caccef3cd40e','Jennifer','Mullins','Nicolette','034-96-4909','1969-02-03',0,'Female','9729 Dunbar Rd.  Land O Lakes, FL 34639'),(1,'bfd1f977-94ec-41b3-83c1-71a2404a3e18','Lottie','England','Jany','627-65-8800','1967-04-05',0,'Male','Saint Joseph, MI 49085 9672 Summerhouse Lane'),(1,'c0636566-0833-43ed-bf49-6e36a23a7697','Gerrie','Burden','Joletta','444-77-0541','1966-04-02',0,'Male','36 Division Lane  State College, PA 16801'),(1,'c0a55d79-9f06-4643-9806-11b10faf9e72','Nolana','Hindman','Janina','268-28-3146','1969-04-01',0,'Male','Berwyn, IL 60402 795 Middle River Ave.'),(1,'c0fdb2b2-3692-4472-8797-3ffc8dcb46be','Elna','Rodriquez','Gertrude','958-78-9208','1979-04-03',0,'Female','221 North 53rd St.  Satellite Beach, FL 32937'),(1,'c18b8460-8d26-4f7e-93c2-20c255d6468e','Kary','Tipton','Nerte','530-79-7975','1985-02-03',0,'Female','Yakima, WA 98908 74 Rocky River St.'),(1,'c1905c4a-d383-4659-b264-befe6e768d44','Chere','Seaman','Leila','913-56-9120','1975-03-03',0,'Female','Cranberry Twp, PA 16066 15 Lake Rd.'),(1,'c1a2cd1b-1fda-4fdc-80ba-1c4d1723dee0','Melodee','Ritter','Gaynor','296-14-8371','1968-03-05',0,'Male','Saginaw, MI 48601 15 York St.'),(1,'c21892a3-6378-4733-8952-11c405f15aa5','Lorri','Noll','Pattie','779-25-2156','1974-02-05',0,'Female','Berwyn, IL 60402 795 Middle River Ave.'),(1,'c25cf922-c8fa-400e-a230-dbbb71c9b7e0','Querida','Wagner','Conny','710-89-4584','1969-01-01',0,'Male','Lawndale, CA 90260 19 E. Courtland Lane'),(1,'c2ebfb84-296e-41e6-a0c1-d94900d61743','Robinet','Caudle','Janaya','091-82-8173','1966-01-01',0,'Male','853 Acacia Ave.  Hamburg, NY 14075'),(1,'c3959bcc-252a-45e6-bcf8-96063dd982f3','Jordanna','Battles','Cherry','936-90-4470','1963-02-01',0,'Female','Spring Valley, NY 10977 8978 South Fifth St.'),(1,'c3aee73c-327e-4f71-a229-f2b28424416d','Carlene','Flint','Blair','982-30-3831','1980-02-02',0,'Male','Glen Cove, NY 11542 571 Oakland Street'),(1,'c3af33f3-9580-4ad3-9a76-a0e4a59ace9b','Arleen','Witherspoon','Tana','608-05-6241','1984-04-02',0,'Male','9123 Golden Star Dr.  Nazareth, PA 18064'),(1,'c3c794b3-72c9-4785-a9d1-1fd95da95458','Bride','Bolduc','Leese','200-64-4473','1976-04-01',0,'Male','293 Dunbar Ave.  South El Monte, CA 91733'),(1,'c49c2f0a-ca08-4deb-bc81-0b242643aa80','Anneliese','Pipkin','Ronni','504-65-9927','1982-03-04',0,'Female','7353 Tallwood St.  Palm City, FL 34990'),(1,'c4d3fb19-3f18-4c2c-acf4-b01c81d9b209','Andi','Ruiz','Fleurette','325-25-3981','1982-03-02',0,'Male','86 East Joy Ridge Ave.  Kalispell, MT 59901'),(1,'c57d6bc5-e7f0-498c-ac45-c2da637a2e35','Ardella','Morehead','Mathilda','175-75-7519','1968-02-04',0,'Female','Battle Creek, MI 49015 324 Manchester Rd.'),(1,'c5ef2364-814f-43de-bbbf-674fad268f8b','Bidget','Mahoney','Fae','379-23-3218','1970-04-01',1,'Male','7898 Jennings Court  Williamstown, NJ 08094'),(1,'c5f14757-31eb-4acf-8600-f6885332dece','Quintana','Clements','Othella','221-04-6829','1962-04-01',0,'Male','78 Williams St.  Burnsville, MN 55337'),(1,'c6cd89f4-f63e-468a-8552-3f593ddc87e1','Tresa','Hare','Brenda','827-68-4809','1972-02-02',0,'Male','Wenatchee, WA 98801 7356 Smith Dr.'),(1,'c702d4f7-f5e3-4e2d-9d93-5f7cc472e271','Heddi','Barrientos','Damita','748-25-9159','1973-01-03',0,'Female','Bethesda, MD 20814 414 Greenrose Ave.'),(1,'c71c5f93-30b2-4e3d-9fbb-b162ad25306a','Dasya','Poe','Rey','805-29-1013','1964-03-05',0,'Female','7353 Tallwood St.  Palm City, FL 34990'),(1,'c77eb1e1-3d8b-4488-b4bf-9b44f7244c8f','Cristionna','Marquis','Bab','904-05-1841','1974-02-04',1,'Female','Maryville, TN 37803 580 Foster St.'),(1,'c885900b-3c4c-4674-9850-e78c3aa604b4','Sissy','Melendez','Corinna','891-38-5499','1984-03-03',0,'Female','Defiance, OH 43512 616 Brickyard Avenue'),(1,'c898d074-926b-4136-a25c-8dc3e1b1f870','Danell','Block','Trude','250-97-7950','1974-03-01',0,'Male','Park Forest, IL 60466 475 Sage St.'),(1,'c932e16f-12a5-4ba2-8382-5c6a0e1e2c16','Tessi','Tracy','Idelle','984-07-7161','1966-04-02',0,'Male','26 Wilson Dr.  Summerfield, FL 34491'),(1,'c9cda82d-2524-441f-b7b2-600ada7a1869','Janaye','Rider','Caressa','077-72-5953','1979-03-04',0,'Female','221 North 53rd St.  Satellite Beach, FL 32937'),(1,'c9ffadf9-c013-4d3e-a0de-89073428318b','Emmeline','Russo','Eolande','602-63-3916','1964-03-03',0,'Male','Spartanburg, SC 29301 784 North Cemetery Dr.'),(1,'ca20d79b-7b86-40f2-995f-8a671a0fcbaf','Celisse','Wiggins','Heddie','425-79-1143','1975-02-03',0,'Female','Madison, AL 35758 9071 Park Avenue'),(1,'ca3a3907-01c4-490e-9613-cfb0b59d0870','Joane','Carrasco','Lesli','625-04-3975','1976-02-02',0,'Male','474 North Arcadia Ave.  Raleigh, NC 27603'),(1,'ca3dd714-cb76-4a57-a2b9-447eeafa2717','Lura','Escamilla','Josepha','961-54-3131','1967-02-03',0,'Male','7735 Locust Street  Suite 6'),(1,'ca5b5b7d-2167-4462-ba3f-55b661e2239d','Nanon','Dugger','Catharina','953-08-9650','1976-04-01',0,'Female','Rolling Meadows, IL 60008 913 Colonial Street'),(1,'cb013447-6586-41e6-bdef-524c99b7becf','Freddie','Schuster','Junie','394-63-5275','1979-01-03',0,'Female','76 Lincoln Lane  Hollywood, FL 33020'),(1,'cb0213b6-8256-459d-983e-955cc82c8e1c','Audre','Barfield','Alicia','594-62-0350','1972-03-02',0,'Male','Stamford, CT 06902 599 East Hudson Court'),(1,'cb02d552-3748-4e72-9d39-2a1a3da16705','Suzy','Burdick','Dawna','256-81-5532','1964-02-02',0,'Male','Alexandria, VA 22304 859 Windfall Rd.'),(1,'cb45ced6-ae93-4422-bcec-ec018e707d16','Fayth','Schaeffer','Emyle','285-29-5886','1977-01-01',0,'Male','447 Magnolia Ave.  Centereach, NY 11720'),(1,'cbf07e76-f87f-490c-85c8-aada06930ad2','Ardella','Merchant','Ileane','886-77-7992','1960-01-02',0,'Male','Marlborough, MA 01752 350 White Drive'),(1,'cc0e3e21-26ff-48c7-a1b5-68dc85a54b9c','April','Busby','Dorisa','476-47-2837','1983-02-03',0,'Male','946 Valley Farms St.  Tualatin, OR 97062'),(1,'cc2731a4-42f8-43ac-8ab0-6f3ece68907c','Tedra','Alfaro','Celestine','755-84-7841','1960-04-02',0,'Female','735 Hall Street  Romulus, MI 48174'),(1,'cc302ab8-242a-440b-8b01-7483b3d40f7f','Amalle','Southard','Lyndsie','355-90-5317','1968-03-02',0,'Female','2 Newport St.  Princeton, NJ 08540'),(1,'cc559e24-20bb-4f36-8c3e-e4463e29a47c','Brigid','Luong','Merry','469-71-8928','1973-02-02',0,'Male','Gaithersburg, MD 20877 9696 Wild Horse Ave.'),(1,'cc7d5a07-f45c-47ad-91ac-255057588a96','Adeline','Bittner','Jodie','640-95-8183','1985-02-05',0,'Female','Elizabethton, TN 37643 9588 Marsh Dr.'),(1,'cc920906-0d15-475f-af71-180c517cf1e1','Cristabel','Pacheco','Alene','255-67-2369','1980-04-02',0,'Male','Circle Pines, MN 55014 8203 Academy Drive'),(1,'ccaf0415-bda6-48f0-b98c-e0bffbe13402','Kriste','Click','Alanna','062-46-1743','1967-01-05',0,'Female','Marlborough, MA 01752 350 White Drive'),(1,'cd3a1250-954c-47ed-931d-5b46a88a6f31','Leese','Salley','Joceline','014-56-1018','1966-03-04',0,'Female','45 Essex Lane  Shakopee, MN 55379'),(1,'cde8a153-e4d0-4bd5-9266-6f340f54545f','Briney','Hawk','Revkah','703-11-0147','1982-03-05',0,'Female','Miami Beach, FL 33139 5 Argyle Lane'),(1,'cdfa67bd-c29d-4374-b984-ecb0a286cb82','Mamie','Pulley','Constancia','404-75-3662','1979-04-02',1,'Female','Circle Pines, MN 55014 8203 Academy Drive'),(1,'ce2de42f-e11b-4665-bfec-223f52563f70','Stacee','Estep','Susan','492-69-9664','1971-04-03',0,'Male','Westbury, NY 11590 65 Oak Valley Rd.'),(1,'cedfcc9b-fa2b-41e9-892e-cff5fa92ac56','Karil','Valenti','Catrina','447-74-6884','1965-03-04',0,'Female','Windermere, FL 34786 7640 E. Logan Ave.'),(1,'cee88841-470d-4746-8cda-af031a0e099b','Carilyn','Lindquist','Hyacintha','782-18-0124','1982-01-05',0,'Male','Bardstown, KY 40004 159 Edgefield St.'),(1,'cf1591a4-40ba-46cf-be3b-cafa3a276880','Oona','Mcduffie','Cal','298-63-3151','1982-01-02',0,'Male','8699 S. Oak Street  Bridgewater, NJ 08807'),(1,'cf4e488d-b377-4506-bbba-dfea3c21c3a6','Renelle','Kelso','Kathye','302-14-0265','1969-01-03',0,'Male','Madison, AL 35758 9071 Park Avenue'),(1,'cf62fca0-92bc-4a28-934a-f110db7b8b32','Mollie','Ordonez','Sindee','957-97-1316','1963-02-05',0,'Female','183 W. Green Hill Ave.  Vincentown, NJ 08088'),(1,'cfcb6f3e-3fa4-4abf-bda1-efaf06dce93b','Noni','Fusco','Rivi','088-89-3160','1961-03-01',0,'Male','New Philadelphia, OH 44663 8 W. Morris Road'),(1,'cfd88f42-9e29-48b8-b522-d1dc7e41dec8','Bobette','Fincher','Elsbeth','612-68-2107','1968-02-02',0,'Male','101 Cherry Hill St.  Yorktown Heights, NY 10598'),(1,'d0279e4d-8664-4a72-9b84-71363ae4ee23','Jaquith','Kozak','Ianthe','453-44-4986','1984-01-05',0,'Female','7353 Charles Court  Camas, WA 98607'),(1,'d080a838-87c8-44cc-ba15-fd3c39c60dda','Patricia','Dodds','Rasia','428-89-2423','1984-01-04',0,'Female','8657 Wayne Circle  Cedar Falls, IA 50613'),(1,'d09dae49-671f-4004-a374-ebfb42b8252c','Holly','Lara','Nancee','473-00-6339','1961-01-04',1,'Female','Circle Pines, MN 55014 8203 Academy Drive'),(1,'d0d69c64-9f1b-4705-9f0e-29729dc7c14f','Othella','Dodge','Shelagh','367-72-8595','1971-01-05',0,'Male','Mchenry, IL 60050 8972 Acacia St.'),(1,'d11832f1-82aa-4893-bea9-accba177f33f','Jemie','Mena','Briney','755-08-4245','1985-01-03',0,'Female','Vienna, VA 22180 99 West Oak Lane'),(1,'d11d371e-de2a-40f7-89f4-02f55eb5c006','Essie','Autry','Alejandrina','584-50-9541','1982-02-02',1,'Male','Wenatchee, WA 98801 7356 Smith Dr.'),(1,'d1349cea-0e9a-45f6-847d-98960ab71f75','Imogene','Pool','Corabelle','447-42-9862','1978-04-05',0,'Female','8544 State Dr.  Hopkinsville, KY 42240'),(1,'d136e926-50f0-4bed-b374-357340d5dbd6','Ania','Donnell','Shelagh','147-68-7062','1976-03-03',0,'Male','Lumberton, NC 28358 95 Pumpkin Hill Drive'),(1,'d1a1d07a-3e51-4d61-ac6c-6052d29cda37','Shelagh','Shafer','Kathlin','151-50-8068','1968-04-02',0,'Female','Easley, SC 29640 814 Pine Lane'),(1,'d1fa1eb2-3317-408e-94d4-4c912fd15fdd','Tootsie','Randolph','Rosalia','960-33-2245','1972-01-02',0,'Female','7353 Tallwood St.  Palm City, FL 34990'),(1,'d218384a-95d7-4119-8f35-60b00788aceb','Aloysia','Burris','Frederica','152-00-7960','1966-03-01',0,'Female','8810 Briarwood Street  Homestead, FL 33030'),(1,'d28f979d-6593-448a-90d5-f380b6c65eeb','Corrine','Hearn','Faustine','622-49-7733','1975-04-02',0,'Male','680 East Plymouth Drive  Lithonia, GA 30038'),(1,'d2979598-8090-4559-9010-4a45f83f3b9f','Shalna','Ornelas','Audrey','855-95-9572','1981-01-04',0,'Female','Hamburg, NY 14075 9897 West Oak Meadow Drive'),(1,'d31dedcb-d472-4899-ae67-2a6a088370bc','Cortney','Guffey','Dagmar','102-96-5965','1973-01-01',0,'Female','83 Linden Street  Spring Hill, FL 34608'),(1,'d3359766-b2c9-42dc-94df-11e6a566f64f','Bel','Rico','Jobina','471-07-5197','1985-01-05',0,'Female','8603 Valley Dr.  Olympia, WA 98512'),(1,'d3487341-a060-4d7a-8594-0d4dcb5eb436','Audre','Asher','Eimile','237-14-2933','1980-01-01',0,'Female','Summerfield, FL 34491 635 Fulton Road'),(1,'d385a7b0-d59a-49c5-8acb-f76542ffacad','Mariam','Koehler','Josepha','921-43-3311','1983-01-05',0,'Female','Yakima, WA 98908 74 Rocky River St.'),(1,'d3cb8755-02d8-4503-b4a2-492576fcf680','Cortney','Holm','Chelsae','276-59-4223','1966-04-05',0,'Female','Bethesda, MD 20814 414 Greenrose Ave.'),(1,'d42cdcb0-c15f-4933-8f9b-39ed24f48adc','Maurise','Tapp','Carlina','427-91-6864','1962-03-05',0,'Female','38 Smith Store St.  Reisterstown, MD 21136'),(1,'d4c0dd6a-f4a2-4e81-9854-2e567f8d08bf','Margit','Beavers','Joella','176-76-1197','1974-03-04',0,'Female','Bardstown, KY 40004 159 Edgefield St.'),(1,'d516ec0b-3c2d-4644-a7ba-0c9b1a4de775','Lela','Teal','Karrie','592-75-6673','1973-03-03',0,'Male','9055 West Madison Lane  Smyrna, GA 30080'),(1,'d5762b3e-bf37-4c3e-909a-aafceddbcc84','Thomasine','Hynes','Celisse','793-37-0083','1960-03-04',0,'Female','Westbury, NY 11590 65 Oak Valley Rd.'),(1,'d5c701ff-3342-449b-b6b4-92823fdfd75a','Marcy','Rowell','Madelon','051-23-8025','1961-01-02',0,'Female','9678 Oakland Avenue  Indianapolis, IN 46201'),(1,'d65f77a1-d181-4e24-b9a3-1641c6d3c836','Anissa','Briones','Marga','962-61-6431','1966-02-01',0,'Male','Glasgow, KY 42141 46 Sherwood Court'),(1,'d6ac9b1e-65b3-4dd1-a4ad-77b1de87d51c','Rhodia','Colwell','Nicolina','028-23-5216','1979-03-03',0,'Male','620 Delaware Lane  West Bend, WI 53095'),(1,'d725d9e8-82f2-4456-a231-6764abc37367','Aleda','Swann','Ronda','090-86-1008','1983-03-03',0,'Female','24 Ketch Harbour St.  Ozone Park, NY 11417'),(1,'d7c4624c-dc0d-4908-b598-6ce6a986c6ae','Barbe','Paul','Korella','194-02-2136','1978-04-01',0,'Female','2 Newport St.  Princeton, NJ 08540'),(1,'d7cc140f-2af9-464a-87f8-5cc87a4bc6d9','Sari','Chang','Nikki','205-81-9760','1982-03-05',0,'Female','Lumberton, NC 28358 95 Pumpkin Hill Drive'),(1,'d7e64568-b0c3-451c-9dba-6346e0b94f8b','Bibbie','Ivy','Neely','473-53-5218','1983-01-02',0,'Male','Summerfield, FL 34491 635 Fulton Road'),(1,'d83b609b-42ac-418b-a4af-35ad7de3f50e','Cher','Foster','Carolina','040-09-1470','1978-01-01',0,'Female','293 Dunbar Ave.  South El Monte, CA 91733'),(1,'d87efc38-877e-4a4b-8c13-078df47362c2','Coreen','Baines','Leyla','949-83-4883','1962-02-04',0,'Male','Bethlehem, PA 18015 113 Devon St.'),(1,'d8dd811d-9358-4fb1-89ff-5b069d04e1d1','Audy','Elliot','Leontine','359-76-8512','1985-02-01',0,'Female','9218 Livingston St.  Gulfport, MS 39503'),(1,'d97b1236-e4e0-4deb-9179-1ece8032f33b','Nessy','Apodaca','Margeaux','875-67-9858','1980-03-05',0,'Female','7735 Locust Street  Suite 6'),(1,'d9a7e1d0-1b4e-41fb-b63f-b56faa6e81c7','Ashlie','Burke','Ashely','723-20-3906','1979-02-05',1,'Male','Bardstown, KY 40004 159 Edgefield St.'),(1,'d9a7e27b-05e2-4ca3-98c5-4c11216619ed','Shirlee','Thao','Crissy','772-35-6683','1961-04-02',0,'Female','Apple Valley, CA 92307 670 Clay St.'),(1,'d9b3a913-d234-41b7-acc2-3476dc53dd86','Polly','Galvin','Annalise','590-97-4749','1973-02-01',0,'Female','Glen Cove, NY 11542 571 Oakland Street'),(1,'d9bde3b3-6ac0-4514-828a-3f87b5b9dea0','Kori','Clemens','Leisha','662-75-1289','1981-04-01',0,'Female','Fond Du Lac, WI 54935 148 Van Dyke Dr.'),(1,'d9d2bad4-942b-4802-a4af-c4f843ffcaa2','Daisie','Boykin','Aretha','198-24-1512','1969-03-04',0,'Female','Galloway, OH 43119 17 E. Smoky Hollow Avenue'),(1,'d9d4e6f6-863f-4e9a-91e9-bbdfcf01edcf','Ami','Petrie','Noreen','288-98-4604','1985-02-03',0,'Female','Fort Wayne, IN 46804 7888 Lancaster Dr.'),(1,'da2a578c-6bec-4b23-9736-8fbc0535ebbf','Loretta','Gallant','Clarette','711-93-2148','1984-03-02',0,'Male','Sun Prairie, WI 53590 88 Cedarwood Dr.'),(1,'da388323-fa10-4df9-8088-e91b8e8b6550','Trixie','Sandberg','Petronille','533-99-9618','1974-01-02',0,'Male','183 W. Green Hill Ave.  Vincentown, NJ 08088'),(1,'da5dd275-7da7-423d-9432-7dc90b63bc51','Lucinda','Macon','Phaedra','368-81-0779','1978-04-02',0,'Male','680 East Plymouth Drive  Lithonia, GA 30038'),(1,'da9c6338-1650-45ff-aab1-b7a2e5becbea','Caresse','Folse','Paulita','286-66-7518','1981-04-03',0,'Male','Mcallen, TX 78501 373 Winchester Street'),(1,'dab95307-7c2b-4a9c-93f1-3b4b043c8d25','Federica','Hammond','Evangelia','632-43-1388','1985-03-02',0,'Male','946 Valley Farms St.  Tualatin, OR 97062'),(1,'db280401-f8d6-4520-8ce8-c7456876f579','Auroora','Camarillo','Emalia','644-38-9392','1975-02-03',0,'Female','8992 Pacific St.  Wake Forest, NC 27587'),(1,'db7662b2-8798-4de3-b84d-626c8821a67e','Klara','Finch','Rachele','573-41-6951','1965-04-05',0,'Female','9058 Kent Court  Brooklyn, NY 11201'),(1,'db9b3d1e-b550-4daf-abf9-537546f524da','Pia','Brittain','Darya','573-17-4734','1976-02-03',0,'Male','Bethlehem, PA 18015 113 Devon St.'),(1,'dbc80238-cd76-425f-988a-811aa456be23','Elset','Jude','Deeann','393-46-0062','1973-02-03',0,'Male','7353 Tallwood St.  Palm City, FL 34990'),(1,'dcac8b1b-1b50-4618-abbc-70877899736a','Lia','Weaver','Dorella','678-52-6457','1967-03-01',0,'Male','Windermere, FL 34786 7640 E. Logan Ave.'),(1,'dccc80d6-b3e4-4fa3-8286-782e79f88960','Ray','Jaeger','Patsy','278-98-8541','1983-01-04',0,'Female','164 Sycamore Street  Herndon, VA 20170'),(1,'dcf57d71-1bc3-4fd6-8bdf-e0ca588941f9','Maurita','Shafer','Merci','790-14-2369','1966-02-01',0,'Male','562 Jockey Hollow Road  Princeton, NJ 08540'),(1,'dcfa0f09-20a1-4645-9042-eacbdb12f82a','Meg','Borders','Sheri','064-02-3611','1964-03-03',0,'Male','Williamsburg, VA 23185 588 S. Green Circle'),(1,'dcfd55ef-fc7a-47f9-933f-7522c64a0e43','Petrina','Mena','Jacinda','018-63-8008','1978-02-04',0,'Female','7735 Locust Street  Suite 6'),(1,'ddbbbb3d-3527-433f-a10b-14591281d138','Celestyna','Piper','Janene','171-14-2136','1961-04-03',1,'Female','Lawndale, CA 90260 19 E. Courtland Lane'),(1,'ddef00cf-a5ed-4c48-a5c7-19a90421f257','Eleen','Sandoval','Cecily','390-14-8652','1983-02-05',0,'Female','Revere, MA 02151 681 Thorne Ave.'),(1,'de1494fd-fb86-4d4e-8825-af4c4e816d6b','Penny','Nunley','Ofella','359-85-2051','1965-03-05',1,'Male','76 Lincoln Lane  Hollywood, FL 33020'),(1,'de24dafb-81e2-4442-9e21-70595bda1a07','Diahann','Newell','Dianne','800-21-7048','1972-02-03',0,'Female','183 W. Green Hill Ave.  Vincentown, NJ 08088'),(1,'de54d7ff-3cd6-4507-a860-f76aaa5ecdb8','Merry','Caldwell','Dorice','311-48-6305','1961-03-05',0,'Male','Miami Beach, FL 33139 5 Argyle Lane'),(1,'de93533b-ef80-433f-9434-bc3515b0db89','Noelyn','Seay','Clarey','855-90-3657','1961-04-01',0,'Female','8160 Crescent Drive  Dalton, GA 30721'),(1,'df5a3110-91bf-4c1e-bc03-f73df1383b81','Elizabet','Venegas','Glen','185-70-2923','1968-04-04',0,'Male','95 Hill Drive  South Portland, ME 04106'),(1,'df808838-64ba-4315-a0c8-e0cab03f3461','Roseann','Soares','Morgen','429-30-9068','1960-03-02',0,'Male','83 Linden Street  Spring Hill, FL 34608'),(1,'df9eea43-4dae-49b1-8bf4-facad9008248','Crystal','Beckett','Fayre','747-33-5145','1971-03-05',0,'Male','Saginaw, MI 48601 15 York St.'),(1,'dfc3308d-29d2-4d3a-8934-bc3091a2535a','Tomasina','Lumpkin','Luci','746-24-2467','1963-04-03',0,'Female','Opa Locka, FL 33054 120 Theatre Street'),(1,'dfcf23a8-65e2-478f-81bf-47ed726d14e7','Molly','Dyson','Beilul','441-69-0036','1978-04-04',0,'Female','8544 State Dr.  Hopkinsville, KY 42240'),(1,'e0221dce-377b-4cdb-a6a2-a29259bf1bde','Ashia','Ebert','Brandise','716-31-8323','1982-02-03',0,'Female','Battle Creek, MI 49015 324 Manchester Rd.'),(1,'e0bf8dc4-d7e9-4283-9439-8180f966d89a','Devin','Hembree','Phillida','583-90-2753','1979-02-05',0,'Female','Beaver Falls, PA 15010 727C W. Church Road'),(1,'e0c241ce-f027-42bf-bb4e-fa87f1e86b75','Audi','Beauregard','Cass','934-60-4592','1964-04-05',0,'Male','9310 Ocean Street  Vernon Hills, IL 60061'),(1,'e1461909-2b59-4c95-ac44-f2c01f3a6956','Sonya','Bledsoe','Erika','019-80-5212','1961-04-04',0,'Female','Clinton Township, MI 48035 800 Cross Lane'),(1,'e166e9c9-4859-40b1-bbde-592cd516af71','Jocelyne','Lyman','Nicolette','104-32-0625','1963-01-01',0,'Female','48 West Crescent Street  New Bern, NC 28560'),(1,'e197b062-0838-49ed-86ca-0e17410eb674','Berny','Mcmurray','Stacy','464-38-2446','1974-03-03',0,'Male','8699 S. Oak Street  Bridgewater, NJ 08807'),(1,'e1a65c20-6158-4d3b-b9f6-4bc14099298f','Gipsy','Gould','Persis','793-07-4612','1965-01-05',0,'Female','Saratoga Springs, NY 12866 7 High Ridge Dr.'),(1,'e1d4bf7c-c586-48e5-94f6-ea8b4d45b6d6','Lindi','Cushman','Madelin','909-26-6033','1965-03-01',0,'Female','Fond Du Lac, WI 54935 148 Van Dyke Dr.'),(1,'e1fac6c1-fe77-469b-8e63-7103eb83e9ed','Leola','Castle','Estelle','943-38-1906','1968-04-01',1,'Male','7507 Trenton Lane  Staunton, VA 24401'),(1,'e1fe8c44-7f88-4510-bc61-f9dec6f36d86','Avis','Lucas','Grazia','577-34-0380','1979-02-05',0,'Female','New Philadelphia, OH 44663 8 W. Morris Road'),(1,'e208546a-39dd-42a2-bf7e-331df2e92ad1','Giacinta','Belanger','Annmarie','242-82-1787','1965-03-02',1,'Female','Piqua, OH 45356 866 Manor Lane'),(1,'e232eae1-a9cf-44a9-ac9c-54763ceadfe3','Felicdad','Gavin','Iris','823-43-7620','1976-04-05',0,'Male','San Lorenzo, CA 94580 970 Buttonwood Ave.'),(1,'e23882fd-b62a-4ed1-a232-9cf12e65b7a0','Reena','Box','Deerdre','990-30-9289','1978-03-01',0,'Female','Madison, AL 35758 9071 Park Avenue'),(1,'e23970d5-40b7-4435-915e-d2f6adde65ef','Karee','Newton','Bryana','845-48-3117','1979-04-05',1,'Male','Piqua, OH 45356 866 Manor Lane'),(1,'e2cb8017-355a-4015-87fc-528bc6eb497f','Carmon','Minor','Sabina','368-50-7175','1976-04-01',0,'Male','9678 Oakland Avenue  Indianapolis, IN 46201'),(1,'e2e660cc-f919-4a6b-ad6b-97499e236ff2','Barbe','Moffitt','Avril','962-16-1602','1977-03-03',0,'Female','7353 Tallwood St.  Palm City, FL 34990'),(1,'e30d71e7-21f6-4673-98cb-532773b2f49c','Brook','Currier','Anastasie','315-28-8599','1961-01-04',0,'Male','Endicott, NY 13760 29 Glenholme Drive'),(1,'e365ff47-969b-4f37-acb4-6b6acd2079de','Jillana','Chaney','Larine','552-83-2736','1970-02-02',0,'Male','Bethlehem, PA 18015 113 Devon St.'),(1,'e3879bf9-25aa-4b9c-ad22-07387bde9396','Rheba','Acevedo','Gwenette','507-46-6814','1974-04-05',0,'Male','Cape Coral, FL 33904 9679 Edgewood St.'),(1,'e399e35b-e1b6-4fae-b6c7-bf19c69fbdb4','Corenda','Watters','Clari','856-38-6133','1975-01-01',0,'Female','7318 Academy St.  Dyersburg, TN 38024'),(1,'e3d0f275-d349-4757-8f3b-963707496201','Jeana','Mcmullen','Nickie','034-30-1580','1974-03-03',0,'Female','Marlborough, MA 01752 350 White Drive'),(1,'e3ef823c-948a-495f-b7ee-1e429c7983b7','Lara','Jeffries','Genna','019-27-7297','1968-03-04',0,'Female','Cranston, RI 02920 44 Arlington St.'),(1,'e3fd451b-5a4a-4373-a7ee-b2edc15fafc6','Kacie','Matthews','Antonetta','403-21-9936','1972-02-05',0,'Male','Winter Springs, FL 32708 8182 Mayfair Street'),(1,'e42cb185-30db-48d5-8611-4ea969bec2f3','Juanita','Bigelow','Demetra','807-21-5743','1961-04-02',0,'Female','95 Hill Drive  South Portland, ME 04106'),(1,'e43f98ab-ce88-4c82-8e7d-d3ef8b5e336b','Corey','Weddle','Seline','131-27-9630','1985-04-03',0,'Male','9678 Oakland Avenue  Indianapolis, IN 46201'),(1,'e4c1f588-984b-4f85-9d4c-ea0feab1c716','Judi','Harden','Kaitlyn','948-37-9996','1963-04-05',0,'Male','Circle Pines, MN 55014 8203 Academy Drive'),(1,'e4ca5ad7-6e21-438b-afda-2513fe84ab24','Aggy','Reddy','Bidget','333-93-4875','1972-01-04',0,'Male','45 Essex Lane  Shakopee, MN 55379'),(1,'e5400257-b125-49d9-a25d-1fafffc580f5','Edi','Molina','Bel','864-45-7467','1982-03-05',0,'Male','Dorchester, MA 02125 9155 West Indian Spring Road'),(1,'e5f1326e-0da7-4605-b862-097339b5ee53','Ingaborg','Maynard','Carolynn','058-53-7515','1962-01-03',0,'Male','7426 Iroquois Lane  Desoto, TX 75115'),(1,'e60b5be7-acbc-41af-8635-6a99303b48cf','Anett','Cheng','Rhonda','087-80-9298','1977-02-03',0,'Male','Williamsburg, VA 23185 588 S. Green Circle'),(1,'e628aa5e-6380-468f-8084-0724253da6fc','Anatola','Pate','Marita','207-02-4426','1973-04-01',0,'Male','82 Fieldstone Lane  Westland, MI 48185'),(1,'e646219d-992b-4f55-bedb-19ab105526e9','Cornelia','Winstead','Katlin','941-91-3307','1976-04-03',0,'Male','797 Thatcher Court  Euless, TX 76039'),(1,'e68d3b07-42f5-4a6a-b8ee-fe01330aaaa7','Essy','Hurtado','Malvina','862-49-9219','1968-02-05',0,'Male','Valdosta, GA 31601 301 Poplar Dr.'),(1,'e6aef677-73db-40d4-b7be-0b6960ccb61b','Korrie','Catron','Lissie','416-85-5690','1960-04-01',0,'Female','Williamsburg, VA 23185 588 S. Green Circle'),(1,'e7416b5b-d9b8-4510-befa-c6ae4301ef55','Aurelie','Fontaine','Nanice','837-28-4619','1970-01-04',0,'Male','932 Madison St.  Des Plaines, IL 60016'),(1,'e7626a83-5696-4773-8a0d-16aaf5468af6','Myrtice','Frantz','Phelia','262-37-5728','1969-02-01',0,'Female','Hamburg, NY 14075 9897 West Oak Meadow Drive'),(1,'e7932b86-6b1b-422f-8d7a-3e283c62c1e4','Cathyleen','Mccool','Rosamond','252-20-2353','1967-03-03',0,'Male','7507 Trenton Lane  Staunton, VA 24401'),(1,'e86aff65-7370-436e-9412-b1ab75b58b76','Marquita','Baxley','Beryle','375-93-7523','1970-04-03',0,'Male','101 Cherry Hill St.  Yorktown Heights, NY 10598'),(1,'e87536ad-ee9a-422b-9a98-dcd3e560ba49','Helene','Poston','Murial','128-41-5754','1978-04-05',0,'Male','Wenatchee, WA 98801 7356 Smith Dr.'),(1,'e88be4c1-1838-44cd-8c99-9903acee5811','Kriste','Carlisle','Danit','200-41-2569','1979-01-02',1,'Female','8450 W. 53rd St.  Roswell, GA 30075'),(1,'e8c78d23-e60d-466f-8fed-a148c9d814dc','Jackquelin','Paige','Delphinia','403-43-2816','1976-02-05',0,'Male','95 Hill Drive  South Portland, ME 04106'),(1,'e8d3cfb8-0275-4484-92c0-5ddd208654c2','Kellie','Blankenship','Meggie','089-89-1681','1977-04-05',1,'Male','7507 Trenton Lane  Staunton, VA 24401'),(1,'e91a6b43-4545-4450-a688-b438e3b37116','Tonie','Broadway','Francesca','973-50-2921','1980-01-02',0,'Male','New Britain, CT 06051 19 Morris Dr.'),(1,'e9308246-3f96-42d0-9303-c31173dc9c7b','Kissee','Dugan','Hedi','937-01-5601','1971-04-05',0,'Female','703 Sycamore Drive  Unit 27'),(1,'e949b729-058a-4d7b-8e36-95b5911e0e81','Rica','Oaks','Cherye','129-56-4704','1965-01-02',0,'Male','Berwyn, IL 60402 795 Middle River Ave.'),(1,'e97c792b-b01a-4480-8429-644eb28a0aca','Flora','Stine','Mamie','311-14-1601','1975-04-04',0,'Female','Beaver Falls, PA 15010 727C W. Church Road'),(1,'e9e62e2a-6cd8-46f8-b321-b957cbbbdae1','Michaella','Fabian','Rahel','059-68-8529','1964-04-04',0,'Female','Saint Augustine, FL 32084 9488 Sutor Road'),(1,'e9ffa47b-0187-4195-86ba-dbb38fb3b245','Lizzy','Derrick','Claretta','938-15-3665','1981-03-01',0,'Female','3 High Point St.  Rego Park, NY 11374'),(1,'eac5ef11-c818-4f76-b9ab-ee05ea313be3','Krystle','Brandt','Breena','356-08-4720','1972-02-01',0,'Female','Fair Lawn, NJ 07410 2 Spruce St.'),(1,'eaf292db-814b-427e-b713-621c64906f9e','Inga','Houghton','Cara','326-96-8327','1981-04-03',0,'Male','9310 Ocean Street  Vernon Hills, IL 60061'),(1,'eb3184f4-268f-418f-bbfc-51e6bf28b2ec','Diena','Obrien','Theresita','164-58-9742','1978-03-05',1,'Male','Windermere, FL 34786 7640 E. Logan Ave.'),(1,'eb3b2e59-d746-4b14-aef8-31b458992c5d','Meghann','Fuchs','Frank','720-01-8293','1964-03-02',0,'Male','Mcallen, TX 78501 373 Winchester Street'),(1,'eb3f6b3a-7afa-45f2-b6f7-571312adfdc8','Floria','Solano','Isabella','780-10-3197','1979-04-01',0,'Male','Defiance, OH 43512 616 Brickyard Avenue'),(1,'eb625015-b6a4-4ebf-9d99-3c030613dbe6','Adelind','Dewey','Nicki','805-06-2416','1961-02-01',0,'Female','82 Fieldstone Lane  Westland, MI 48185'),(1,'ebc2f741-c321-4e40-b716-438b6809e3fb','Jacquenette','Sperry','Serene','267-62-5778','1972-03-02',0,'Female','Dorchester, MA 02125 9155 West Indian Spring Road'),(1,'ebf6a18e-5fa9-4c6d-8b03-4f8864cb3b8b','Jeanna','Valdez','Alica','859-09-0576','1979-02-04',0,'Male','Beaver Falls, PA 15010 727C W. Church Road'),(1,'ec46474c-3117-4c20-98c8-776dfa43c13f','Mirabel','Dowdy','Audre','640-71-3104','1960-02-03',0,'Female','78 Williams St.  Burnsville, MN 55337'),(1,'ec593bf0-5cce-414f-8619-aad5084369f7','Madalena','Brockman','Margie','663-20-9884','1978-02-04',0,'Female','Wenatchee, WA 98801 7356 Smith Dr.'),(1,'ec7efc35-8566-4089-bcf4-4ce8ab579ed6','Harriette','Sumpter','Liza','528-71-9799','1966-03-01',0,'Female','293 Dunbar Ave.  South El Monte, CA 91733'),(1,'ecf9922e-e4f4-4ba8-98b6-4f8b3adec5ae','Flori','Hyatt','Danella','433-85-5294','1967-04-05',0,'Male','8160 Crescent Drive  Dalton, GA 30721'),(1,'ed4f121f-aa46-4e24-951c-29d1bfb48c80','Karilynn','Mccue','Heidi','830-55-6991','1983-04-02',0,'Female','Saint Augustine, FL 32084 9488 Sutor Road'),(1,'edac37ed-1970-4290-9442-87ab0cc9db76','Phillida','Massie','Sidonnie','293-53-1641','1970-03-03',0,'Female','26 Wilson Dr.  Summerfield, FL 34491'),(1,'edbc11d4-6f4d-4181-a9b8-bd116bb83f0f','Kim','Allan','Annora','708-27-4847','1965-01-05',0,'Female','735 Hall Street  Romulus, MI 48174'),(1,'ee7d34ce-12cd-448b-90ad-f66b813931e4','Shel','Mendenhall','Myrah','577-40-4256','1981-03-05',0,'Male','Waterloo, IA 50701 799 Peachtree Ave.'),(1,'ee8717be-7075-42cb-a550-9f8199c6c362','Maisie','Trout','Florie','269-94-0282','1985-04-01',0,'Female','Stratford, CT 06614 783 Locust Drive'),(1,'ee8eb1a4-8141-4af5-9462-1715e25d920a','Laurella','Eddy','Esta','520-54-6746','1977-02-01',0,'Male','9123 Golden Star Dr.  Nazareth, PA 18064'),(1,'ee9a9f6a-bf49-44c3-8a42-4c67c46c9076','Jenine','Lowell','Robenia','460-42-0767','1983-02-02',0,'Male','Belmont, MA 02478 148 Johnson Street'),(1,'ee9b2a60-2664-49a1-ac2b-42d859f3d8df','Bria','Hairston','Kitti','704-12-9821','1970-02-02',1,'Female','7318 Academy St.  Dyersburg, TN 38024'),(1,'eebb51eb-9b7e-4780-9db8-552613a83299','Mersey','Cheung','Saundra','047-70-4085','1966-04-05',0,'Male','79 Stonybrook Court  Santa Cruz, CA 95060'),(1,'eee1e196-ddd9-4d64-8459-2dde95b48ef9','Gillan','Nettles','Blondie','417-81-0277','1969-03-05',0,'Male','Lumberton, NC 28358 95 Pumpkin Hill Drive'),(1,'efdbbc01-fc32-4027-9ded-697b775d23ad','Nita','Mcgill','Leanor','041-95-6537','1964-02-03',0,'Female','8810 Briarwood Street  Homestead, FL 33030'),(1,'f033a80e-edc7-4e43-87c5-3ee3da716dbd','Margarete','Alaniz','Aurea','858-45-8770','1982-02-05',0,'Male','7898 Jennings Court  Williamstown, NJ 08094'),(1,'f05fa059-310e-4905-879e-10c841f19541','Shayla','Bolen','Ekaterina','576-50-3606','1967-02-04',0,'Male','30 W. Beaver Ridge Court  Evans, GA 30809'),(1,'f0e4d645-cd91-4615-b5a8-38e43dfd2579','Elysee','Himes','Noell','567-23-7770','1980-01-05',1,'Male','Glen Cove, NY 11542 571 Oakland Street'),(1,'f13bc159-6f75-4b48-8a56-1e6605456f47','Kamilah','Holm','Jo Ann','744-54-5073','1964-04-01',0,'Female','Grosse Pointe, MI 48236 80 Tower Avenue'),(1,'f15e101c-8442-4625-8426-aa60b8e9d360','Aimil','Foote','Asia','966-65-2447','1971-03-05',0,'Female','Richmond Hill, NY 11418 21A Nicolls Drive'),(1,'f1b2caa4-91b4-45b1-a74c-dca268d50920','Gerhardine','Roldan','Babara','699-55-8350','1984-03-01',0,'Male','Ashburn, VA 20147 17 Creek Street'),(1,'f1f3acc2-c27b-42ac-a69c-4c5943553ef7','Grazia','Sweeney','Hyacintha','835-72-8491','1965-02-01',0,'Male','Seymour, IN 47274 282 Sulphur Springs St.'),(1,'f228dbb5-5ec1-4952-b650-e675fa2ee104','Jaimie','Fredericks','Kat','114-60-4107','1961-04-05',0,'Female','New Britain, CT 06051 19 Morris Dr.'),(1,'f248a53e-0506-4f09-bbf4-3eda5d0c7dd1','Nariko','Marrero','Kathie','918-77-7070','1972-01-03',0,'Female','Auburn, NY 13021 660 Evergreen Road'),(1,'f2750e26-8d9c-4b50-9e20-dba66b40ca38','Charity','Presley','Nance','058-66-3548','1964-04-03',0,'Female','7735 Locust Street  Suite 6'),(1,'f295994c-0521-47f1-b7b9-34c8bbf1727a','Sibley','Seals','Ludovika','640-10-7540','1975-02-03',0,'Male','86 East Joy Ridge Ave.  Kalispell, MT 59901'),(1,'f2cb048b-b7ab-4d68-b26d-2c2bca433dcc','Brietta','Varela','Lynde','590-96-3395','1973-01-05',0,'Female','932 Madison St.  Des Plaines, IL 60016'),(1,'f3b51700-17ae-47ef-a9d6-8be27124a950','Joellyn','Roderick','Abra','561-67-2518','1971-02-02',1,'Male','Circle Pines, MN 55014 8203 Academy Drive'),(1,'f3e26306-4314-4413-ac1c-e245654ddcfe','Drusy','Flynn','Phillis','961-17-3502','1963-02-05',0,'Male','9678 Oakland Avenue  Indianapolis, IN 46201'),(1,'f46b6aec-4990-40af-9005-28a5bcc805cd','Carree','Hulsey','Daffie','215-44-5168','1964-04-05',0,'Female','735 Hall Street  Romulus, MI 48174'),(1,'f5b1faf3-af97-4e41-8cc0-6fa46b86c6f1','Cordie','Donnell','Aurore','358-64-8965','1968-01-04',1,'Male','The Villages, FL 32162 96 NW. Annadale Road'),(1,'f625c764-7b12-44fe-a413-ae5de6d8f53c','Tessy','Lundberg','Brigit','987-01-2590','1962-03-04',0,'Male','730 Prairie Dr.  Virginia Beach, VA 23451'),(1,'f6f18c4d-01ef-4779-9b64-c2bde091115c','Lurette','Field','Debor','339-92-2604','1977-04-05',0,'Male','7898 Jennings Court  Williamstown, NJ 08094'),(1,'f714c0e9-ef70-4f96-bec6-bc767d804867','Eadith','Stout','Darleen','159-96-5813','1983-04-04',0,'Female','Valdosta, GA 31601 301 Poplar Dr.'),(1,'f724f38a-582d-4890-96d4-bb5b8580235e','Leanor','Ornelas','Philly','827-99-1323','1969-03-04',0,'Male','42 Canal Drive  Elmont, NY 11003'),(1,'f756ff07-4f97-439d-b758-280deebc71b8','Chlo','Briseno','Billye','471-41-6311','1980-04-03',0,'Male','Mc Lean, VA 22101 16 Edgemont St.'),(1,'f7d3f612-d2dd-4490-a6ef-6cef6939764e','Dorey','Freese','Barry','776-17-7063','1984-01-01',0,'Female','The Villages, FL 32162 96 NW. Annadale Road'),(1,'f81e060c-870b-4ef0-a761-24c002cb00bd','Madel','Curry','Margalo','787-91-4830','1975-04-05',0,'Male','76 Lincoln Lane  Hollywood, FL 33020'),(1,'f85687d6-151a-4ff3-bae3-707a3b13f5c5','Kessia','Gill','Susana','929-85-7769','1976-01-04',0,'Male','164 Sycamore Street  Herndon, VA 20170'),(1,'f85bb71d-05af-43fa-9787-315e56938e6c','Kimmie','Caban','Helsa','009-82-6349','1979-04-05',0,'Male','Reading, MA 01867 9448 School Street'),(1,'f8b6862b-5a28-481e-b7fa-116f040f332d','Luz','Snowden','Imelda','380-66-1490','1965-02-05',0,'Male','Fair Lawn, NJ 07410 2 Spruce St.'),(1,'f8ed3963-eaa3-47c0-8e01-52e166ad84a8','Emmalyn','Kelleher','Rosa','746-77-8894','1979-04-01',0,'Female','504 Greystone Street  Goose Creek, SC 29445'),(1,'f91d83f8-6e0d-4490-ba48-790fe87c036b','Querida','Frias','Rosana','035-02-1268','1973-03-03',0,'Male','680 East Plymouth Drive  Lithonia, GA 30038'),(1,'f935787c-4b5f-4da2-938f-d4d1e45e19f8','Marcela','Hatch','Morgan','319-71-3530','1962-02-03',0,'Male','9487 Woodside Road  Mcallen, TX 78501'),(1,'f96ddfd3-46d5-41a7-81e8-4fbb139a4c1f','Clarisse','Ness','Myrah','964-88-6800','1963-01-01',0,'Male','New Philadelphia, OH 44663 8 W. Morris Road'),(1,'f9e2dbe0-f0cc-4bd6-8eff-f6003f01d20d','Karry','Churchill','Glenn','453-46-6180','1984-01-03',0,'Male','932 Madison St.  Des Plaines, IL 60016'),(1,'fa408e24-a03e-4b09-a9b4-1d65d1ff8705','Melesa','Mendez','Katee','827-57-3608','1985-03-05',0,'Male','Camas, WA 98607 7711 Pleasant Ave.'),(1,'fa9a4aae-773a-40b2-9d69-c81ebdd86d42','Susi','Carlisle','Odella','767-64-6760','1971-04-05',0,'Male','Carpentersville, IL 60110 982 Pearl Court'),(1,'faad092f-f999-4410-bf0f-e390986e36cf','Sandye','Dang','Nixie','435-59-1093','1960-03-05',0,'Female','Park Forest, IL 60466 475 Sage St.'),(1,'fac28caa-4f50-4adb-b1d9-f5e15dbafe4a','Bettine','Hendricks','Margit','576-81-1657','1983-04-01',0,'Female','Plattsburgh, NY 12901 51 Cedar Swamp Avenue'),(1,'fb07b209-2115-4e9d-a457-7b7fa12cceca','Dorise','Tinsley','Kata','495-25-2709','1978-02-03',1,'Female','Vienna, VA 22180 99 West Oak Lane'),(1,'fb0d50fe-3338-4c5b-9414-1640e5955983','Kelsy','Mcclain','Jennette','102-25-5452','1966-03-01',0,'Male','Lumberton, NC 28358 95 Pumpkin Hill Drive'),(1,'fb72c540-9a1e-476e-9c6f-f6994360818f','Edith','Farrell','Janeta','164-07-4298','1977-01-05',0,'Female','Summerfield, FL 34491 635 Fulton Road'),(1,'fbc20a34-aa89-4410-89d7-c64521cb4f01','Libbi','Bowie','Gina','969-76-0276','1982-04-05',0,'Male','Piqua, OH 45356 866 Manor Lane'),(1,'fbe9b5eb-462e-4e60-a281-840e546848a5','Lana','Brand','Aurilia','242-04-8050','1978-01-02',0,'Female','Satellite Beach, FL 32937 86 Locust St.'),(1,'fc184a88-fc31-43b3-937c-6dcf22fee8af','Dniren','Vetter','Shelba','443-59-1788','1973-04-04',0,'Male','131 Arcadia Street  Bronx, NY 10451'),(1,'fc7731ba-2145-4212-865c-d75125a56915','Catlaina','Hatfield','Codee','051-72-6129','1977-01-03',1,'Male','7343 West Peg Shop Street  Matthews, NC 28104'),(1,'fcd6222c-6b58-41c1-b861-dcb89aa29b6d','Sara','Levin','Jacquelynn','995-13-9116','1961-04-01',1,'Male','9058 Kent Court  Brooklyn, NY 11201'),(1,'fcf61374-d489-4ea1-8947-b68b1c50afb3','Juline','Howard','Letisha','961-56-0233','1978-02-02',0,'Male','Grosse Pointe, MI 48236 80 Tower Avenue'),(1,'fcfb09e4-cbe6-461e-ae8e-8aa45ce85871','Nanette','Cleary','Caresse','764-83-8376','1979-02-01',0,'Male','7735 Locust Street  Suite 6'),(1,'fd26dda8-4e1a-4883-946b-ccf4c2cc8c0b','Jordana','Alfred','Gray','385-58-2051','1982-02-05',0,'Male','Grosse Pointe, MI 48236 80 Tower Avenue'),(1,'fdc1e72b-077c-4243-958e-c779124bec4b','Kristen','Reeder','Bonni','693-17-8274','1970-04-01',0,'Female','2 Newport St.  Princeton, NJ 08540'),(1,'fdd71e08-c516-47fe-ad46-6f71acd36b9f','Kissie','Cunningham','Kori','199-97-0018','1984-02-01',0,'Female','Carpentersville, IL 60110 982 Pearl Court'),(1,'fe5f555d-88d0-4bb4-b107-b48bc1ae0417','Gigi','Quarles','Bernetta','586-56-0801','1968-02-05',0,'Male','45 Essex Lane  Shakopee, MN 55379'),(1,'fe8bf816-13b9-4abc-9dff-0ee9adcd5876','Lucienne','Bunker','Elsey','638-36-4731','1984-02-05',0,'Female','Valdosta, GA 31601 301 Poplar Dr.'),(1,'ff342f09-78a9-4d55-bc33-00b7f7d1d21d','Feliza','Luther','Mora','070-25-0396','1969-03-01',0,'Female','Miami Beach, FL 33139 5 Argyle Lane'),(1,'ff5ebfb9-314a-4bde-958e-1cfff239b377','Dennie','Nicholson','Arabele','515-34-9440','1971-02-03',0,'Female','221 North 53rd St.  Satellite Beach, FL 32937'),(1,'ff9f8ac2-09e4-46f1-b001-6c917beb21fe','Sheila','Fine','Quintana','289-28-9465','1981-01-03',0,'Female','Fond Du Lac, WI 54935 148 Van Dyke Dr.');
/*!40000 ALTER TABLE `person` ENABLE KEYS */;
UNLOCK TABLES;

--
-- Table structure for table `pharmaceutical_supplies`
--

DROP TABLE IF EXISTS `pharmaceutical_supplies`;
/*!40101 SET @saved_cs_client     = @@character_set_client */;
 SET character_set_client = utf8mb4 ;
CREATE TABLE `pharmaceutical_supplies` (
  `MedicationUid` char(37) COLLATE utf8_bin NOT NULL,
  `Quantity` varchar(45) COLLATE utf8_bin DEFAULT NULL,
  `Cost_Per_Unit` varchar(45) COLLATE utf8_bin DEFAULT NULL,
  `Reorder_Amount` varchar(45) COLLATE utf8_bin DEFAULT NULL,
  PRIMARY KEY (`MedicationUid`)
) ENGINE=InnoDB DEFAULT CHARSET=utf8 COLLATE=utf8_bin;
/*!40101 SET character_set_client = @saved_cs_client */;

--
-- Dumping data for table `pharmaceutical_supplies`
--

LOCK TABLES `pharmaceutical_supplies` WRITE;
/*!40000 ALTER TABLE `pharmaceutical_supplies` DISABLE KEYS */;
INSERT INTO `pharmaceutical_supplies` VALUES ('001b6ecc-7d4b-4a70-bf69-aaeff1d2d6db','396g','476.68','111'),('05c493ce-cf36-45d0-9c42-22dfabff4535','29g','124.84','190'),('0627f40b-71d2-45b0-89d3-3b5481b4ccf0','139g','557.74','100'),('07a6d3be-6416-4782-84dc-f5e2417ff543','261g','832.8','265'),('098b73cc-e13f-47df-ab7a-9de2a17bc028','204g','937.97','173'),('0b6f058d-54a0-4b2d-9451-d5924c700aaf','56g','203.68','175'),('0cabc06b-b9dd-4978-83d3-cbc9295c6f5a','323g','938.34','282'),('0eaaf954-a4eb-4aa5-9ec3-c89992994ea0','292g','173.98','193'),('10b33669-9b7a-4a2a-8cd5-69f3cc9b973c','158g','233.63','286'),('116acf4f-ae05-4679-81dc-1710b5ae79cb','235g','233.44','188'),('13536b9b-736d-4dfb-b9e6-c824f01a9b42','240g','524.5','207'),('13908591-8256-47e4-92bf-b98d40684b62','352g','819.22','121'),('13a02f90-cc26-495b-804c-f6e5ea4b2134','305g','962.88','288'),('13db2283-a327-44dc-8650-8eb04fccd0a5','107g','148.68','210'),('15200195-8c29-4d1a-82af-3b593ab22964','192g','585.21','133'),('15738c58-8f74-4edf-8058-dfd92ad7cf04','63g','411.14','208'),('16ed7afe-d409-4404-91e6-17cafaa610e4','194g','90.55','150'),('1935f6d3-9318-4a2c-993b-a37469f29090','230g','613.93','111'),('1993df9d-c77f-4199-b0b6-c640c7f769ca','15g','84.64','282'),('1a065c7c-b2e3-4e55-b64e-db5e4fd95a5b','50g','619.6','97'),('1a2c3804-2f9d-4413-8eec-8af1f6dc5966','106g','560.29','239'),('1abe4b4b-f0f0-46c9-a4a7-47ef26fa1c25','206g','742.65','236'),('1d3549f3-9cef-4104-97bf-9b9c82f7965c','145g','606.09','148'),('1ece3d58-8f64-4e85-a5d2-064c8bdc7e16','295g','522.9','188'),('20f3bb4b-8eaa-420b-89ef-efe2a6884cd6','83g','737.32','274'),('20fc6329-4523-4926-9dba-c93a2ddec5e8','174g','591.79','39'),('211d1590-6fc5-4673-84a6-1e197dc555c5','335g','319.69','269'),('214ff31d-1ed1-4e4f-8a38-959dd207c46f','366g','199.36','129'),('218819cc-e829-4484-9c25-85922ef001e7','311g','242.59','159'),('23083dac-e09b-42ba-92f8-fbe4668c8480','378g','857.64','79'),('2314755a-d4f7-4277-97f3-553abd34b232','356g','158.84','118'),('2394eb3d-4557-47d5-b4fb-246741d38de1','162g','855.73','216'),('23bae648-26dd-4eb6-85b9-0cf67a8dd16a','76g','954.95','265'),('254b6b02-92a5-4eb4-afeb-01a65462f64d','385g','90.34','71'),('254dc6d1-b434-48bc-94f6-a324fff13537','363g','104.77','294'),('2792a888-2959-44cf-b918-42df53c154ac','367g','320.02','74'),('27f856ef-5742-40ad-bfed-98cbed37aed2','380g','149.29','82'),('27fe3f51-4f5d-4ae8-af74-e79a6f68b2c4','257g','302.19','247'),('28aed804-5bbb-48f2-872f-d123f63d75c4','348g','134.62','180'),('29874f84-04d2-4454-a33a-230ad7646643','61g','971.63','250'),('2ab6276f-5c32-4a52-91c8-dfe4c7fe57f8','182g','958.19','204'),('30301d70-90b0-40b3-823c-e26a09a6d1f0','33g','615.17','213'),('306364fc-170f-490c-ba5b-c7c3aba2e2ed','261g','59.22','232'),('31bd6fe6-4bc9-4b1f-be92-78890bcddb9e','204g','189.35','253'),('332954cc-0a27-4fd8-9225-ac85275a7e13','219g','791.67','161'),('39620cc4-92d1-488c-9476-2a33ac8b3958','82g','701.9','40'),('3b1f1cb0-a42a-4952-a612-16fff232c045','56g','536.36','131'),('3e7edb15-0d84-43ef-90b2-218f95c69c69','253g','569.97','211'),('3f885f72-d312-491b-802e-597ed46e7e57','121g','328.56','290'),('41b869c9-947c-44ce-825b-7ac9645a65af','380g','642.23','247'),('43a996ee-38cc-415b-9af4-dd5a7e811bff','390g','512.19','165'),('449030db-1450-4d3d-83ea-555498e72eb0','51g','260.51','29'),('4847e151-0529-4231-ae43-4d89eb0e105e','135g','79.42','177'),('484d8255-aef0-4a67-a337-245d9656f476','373g','749.02','92'),('4864b74a-fba0-44e7-8f56-36e715b1f5a5','373g','142.84','183'),('497dc656-081a-4cba-b266-4ec1db047c7d','55g','50.52','114'),('4ad28920-deba-4226-9746-a5f308676b38','141g','589.38','66'),('4ba42d1c-a255-4e7b-b18f-845e76d344b3','192g','654.49','270'),('4cc3a98e-7499-48d7-b431-e46512ab84d1','278g','233.35','162'),('4d920fc7-264b-4ed2-96d3-443402869d81','333g','184.12','118'),('4eb3e55f-19af-4f0d-9188-4e8662a433e9','86g','560.3','278'),('4f7f7614-aaa8-4ada-9c3e-f303bdf56841','51g','445.41','215'),('5007e600-e123-488c-9cb5-7d0b5752f72d','90g','469.28','221'),('50fd5c9c-9a60-4124-9be7-c9b7fcf71d4a','339g','50.72','134'),('515364c7-0313-4fbd-9374-7a792efe4cab','327g','628.61','176'),('52471079-77ef-4e3b-aaee-6ceee3224092','363g','839.14','120'),('52c9c969-f110-4d12-b1ed-c1c9b0c8a8d6','397g','478.43','87'),('56784a95-6c62-414c-8c39-3e6e1cee9757','244g','297.81','274'),('58d25efe-32f6-4d38-9bb9-36779f51ad50','37g','354.69','243'),('5ad80e64-ed44-4747-9e6f-b8d35b1aea64','143g','711.58','100'),('5bcaf461-3791-462f-a461-c7061f1035ea','222g','797.6','194'),('5c7d9286-6e0b-43f8-a31d-bb5aa70d19f1','380g','507.35','174'),('5e8f6de4-db30-43f1-b38a-befe718064db','286g','576.55','35'),('602e4436-8aab-4cd5-87af-f2a2b57359b2','319g','778.64','28'),('631b4a24-d7f7-4bb0-bb3a-71d6468a1866','75g','231.75','263'),('63735cd7-e75b-4b44-9261-9a432d90eaac','226g','593.06','281'),('6434387d-4107-4fef-b83d-8aa8c7b76539','57g','693.56','246'),('64f08f08-34b9-49f4-a5f4-c7d87e70eb01','57g','973.1','266'),('67486052-3757-4e1e-bb17-d623215db800','246g','477.7','284'),('6807f0bf-d588-4bf9-829d-dda9bab04c76','33g','210.3','113'),('68b10954-759a-4507-b781-0e8db085aebc','139g','241.04','190'),('6a64dca6-0c53-46f3-a60d-99f484c17f0e','97g','222.93','186'),('6c4244b1-6ea5-469b-a4d5-e93916a77054','238g','135.14','60'),('6cd05c34-6184-4950-9ec1-7b4095161274','288g','181.93','155'),('6d7a0dff-2908-4b5b-9d25-7e71459190c9','326g','750.92','118'),('6dd3b98b-8926-4a7e-bcab-30115ed6b8de','352g','176.66','52'),('70613b06-f891-43e4-8156-1dde0b045d18','43g','93.76','245'),('7277589b-75fa-46f4-ad37-c40de51b0454','107g','188.5','154'),('751e78df-2be5-4d50-96fb-548dc0120f4b','336g','86.42','217'),('7841a220-ab81-43d4-8b25-32f82dca4ac9','12g','705.45','80'),('799cf8f3-3c82-48b3-a985-6fa83d78309a','84g','655.43','171'),('79cffe4d-c74b-4159-97f3-848aba91fae4','343g','274.86','82'),('7b256d4b-3ae4-4eb9-bc7d-dda046f38f29','275g','914.69','132'),('7c1077d8-5554-4aff-b582-c78c0a4fd6b1','126g','141.11','196'),('7de8be1c-7361-4240-8a92-de294aa9179b','290g','732.01','125'),('7eb061a2-df98-433c-ace1-114fdfc62046','274g','897.89','57'),('7fad65ee-7841-45f7-9410-d6a2ec0e5b82','337g','445.47','203'),('80931bef-0513-48d9-970e-4bef67aacd41','182g','979.01','218'),('874d645b-97d1-44cd-a49f-36359b3f1649','124g','716.49','239'),('87b4cffa-6bdb-4653-80a7-1e2c78e33fee','237g','347.65','296'),('87c1600f-ba00-4caf-9082-2a22d53e3852','105g','933.69','199'),('897d4196-20f9-474c-ac5d-1fab892206f9','74g','982.16','194'),('898ce03b-b1a9-429f-8885-8595d94b97bd','380g','124.48','261'),('899f38af-4ecd-4484-9626-5261893944f3','160g','916.91','141'),('89f94a29-f67e-417d-99fa-511eb4d87770','239g','472.57','84'),('8a88b964-f5b0-46ab-b0f6-92776b7fcd2b','244g','269.97','281'),('8ec03611-cdfd-4e2b-b902-9d5c3df59133','130g','967.08','181'),('8f5da26a-e7a9-4746-b5a9-1cc960eb5604','354g','514.69','154'),('905db058-9528-415b-bf58-ff93a62743e0','3g','850.07','95'),('90c3e357-2462-4ff5-a9fa-da00280b7c82','5g','222.38','68'),('928fbca6-a196-406b-9191-bc57b4c7a3f3','118g','661.8','102'),('93384947-3429-48ad-b931-8308dd730ccf','101g','582.52','169'),('935a027f-6f91-417a-9b34-c5199d073114','321g','329.93','169'),('93e56b6e-bdbf-421b-83ab-94ae56ce7b20','274g','375.44','149'),('947e1a25-0334-4d20-87cf-f51e08832686','282g','884.56','223'),('96c84ddf-27ab-4087-9423-9d6ba06e5977','267g','759.51','274'),('9724e3a7-6f97-4dca-820e-3de51011f2a1','16g','594.67','119'),('99c1fd92-440a-4471-abbf-9eb3b296bcbb','73g','144.4','144'),('9a6ea06d-9628-468c-ac2b-adeffc166c32','394g','863.15','251'),('9be33bc1-531d-4b51-904e-5102f2a2a1d0','85g','218.63','25'),('9c678932-6285-4019-acf4-02213f554c16','283g','667.54','152'),('9ea07e9d-4b3f-4fc7-8808-009678ed1374','146g','568.45','290'),('a06271c2-06bb-4631-af78-2259c59e3938','181g','140.1','196'),('a120c401-e761-4eea-929d-5a76098bfb1e','189g','159.62','207'),('a19ff067-403a-482b-8d30-2273ea96f3f8','39g','491.71','250'),('a1eeab37-894a-4196-8ef6-e1d571492f5f','87g','98.97','221'),('a4c2e9b0-0999-49a5-9d9c-5742351ab839','347g','374.61','119'),('a7ea1d5b-97a7-4e64-8e30-81f95fd227de','99g','593.28','260'),('a944d441-c6bb-46f8-9fb9-f34332218a23','0g','197.83','186'),('aa875c51-ac17-46a1-9083-2d5378f659b0','240g','795.3','125'),('abc45065-462a-44c5-b4a7-5d9a1028f85d','62g','467.28','147'),('ad87bad2-7b1b-4d40-8546-d580a04678ab','248g','541.49','271'),('b1ca83bc-e00c-463f-ba5e-1be8c825a0d4','353g','816.88','132'),('b2b67583-0cfe-4dfe-b7b4-0a6921d0353f','96g','507.76','127'),('b2c55c29-d143-4270-aaba-bcbf8d7310c6','359g','934.8','177'),('b3499d68-21c7-46a5-b968-255f4c213809','47g','922.28','209'),('b511c8fe-757e-49ed-9b7a-dcd0f5afef4f','233g','264.53','179'),('b6d7b5af-80a6-43a0-bd3b-36122a1561cb','391g','547.05','65'),('ba03d952-4840-455b-ac70-95afa5b83607','111g','963.12','263'),('babce1e1-1f9d-4f4b-93e5-824e2948c3e2','259g','656.27','71'),('bb63e512-ce44-47c0-b10c-c650fda81527','162g','820.15','112'),('bbcf59e2-e97d-49fe-86d3-865f1525ac1c','56g','207.1','155'),('bd322141-32ca-4ef4-baa2-1336b63185f6','36g','725.33','190'),('be10530b-7e91-4721-aa70-1fad2b1d4d82','330g','425.76','125'),('be4de30f-d3d5-4035-a92f-e6456d5c2a9f','387g','630.92','188'),('be6ba8f3-79f2-44c3-8c2a-cc351b2e1589','261g','857.18','250'),('be751a0e-63ef-481f-a376-45a901155bb8','10g','636.48','265'),('c00ca1c2-7166-4634-84ea-a006a328eda5','259g','184.33','233'),('c1e041ce-6d6c-4e01-86a5-1998e340be6b','169g','298.41','250'),('c280228c-56be-4da5-919c-efc24c4a6db3','241g','500.47','275'),('c6e25cef-a2c5-44a2-9be9-27ddbdec6aba','382g','385.02','189'),('c774242f-75e5-438b-8296-65a1cf2bbc59','67g','221.09','163'),('c81fa670-6e6d-4a83-9b65-8dd44dea7d37','253g','553.9','113'),('cbbf7d1e-6ae4-4897-9a07-836db0db8067','78g','330.23','274'),('cd95ef9e-0235-42d6-ab5c-4df8023d6893','355g','396.32','223'),('cde4f9ca-cfae-41fa-8c29-9b693f396eb4','188g','963.09','203'),('cdf1345a-5c91-4274-8194-6f2fc9943004','339g','301.01','50'),('ce17af18-a8b2-42da-adbc-239dda4b928c','225g','336.96','80'),('d0f781d6-979e-4644-a099-4fb679520954','270g','243.27','125'),('d1a737f1-dd49-46c1-8e81-e6b0ddec8663','159g','225.89','125'),('d1d52486-5939-4da0-b3fb-12d3c45903de','194g','592.88','151'),('d1e510dd-f85e-41af-a359-6c71d7f25e22','289g','91.71','114'),('d1f26ae9-2723-40f4-a210-cf5000c24e2b','174g','759.03','140'),('d220e003-1c6f-41fd-b46a-d2edcdbed6ff','349g','763.33','161'),('d24270b6-1c10-4b4b-8311-c5d1b77de6b5','92g','35.13','220'),('d3e0c522-843a-426e-9b5d-36d31543d7b1','99g','391.28','58'),('d4c39635-6551-4a74-a627-1edd7a664696','390g','193.54','130'),('d5212038-fdef-43fe-b68c-9af17579f171','12g','110.86','277'),('d6e5f0a7-6dc6-4031-b483-1936eb95c0c3','91g','352.8','293'),('d7bd9422-6f6f-45c6-87a0-653d676fdf44','103g','969.84','63'),('d88797c2-1cb7-4e16-8593-c414ffdc1726','3g','961.63','201'),('d8d472a4-110c-47ac-8ce2-89abedf38a04','357g','163.67','86'),('d9a4cdd1-90b0-4f7c-8ae5-8443a83927bf','164g','965.32','185'),('db39fc46-f4f1-4cbb-a510-e0307be86790','184g','800.97','100'),('dea90353-45db-4ad1-8123-11ffce351f5c','167g','111.66','175'),('df39f5d8-f981-4028-b9d6-403344620ac9','322g','860.7','103'),('e03fd6ca-cf55-41ba-8168-3d9b1537f717','28g','751.18','29'),('e1a6660e-3886-437d-aa33-384ee1feca5b','3g','798.97','112'),('e2015b45-d78a-4ee8-92d6-fefbe0ec221a','313g','706.29','281'),('e25cd6ac-993e-411c-8e3d-c8dff67b50e1','291g','373.34','176'),('e346843a-8af0-4f24-bb4b-f500d606ebf3','296g','116.92','28'),('e607a54c-d226-4a1f-93b6-24e8740f9ef3','207g','790.97','47'),('e62c0214-28b0-4aed-bad0-b99b27d8796e','222g','42.31','134'),('ea4ded5f-9b33-4160-90af-90541cd16301','121g','734.89','190'),('eaac109c-27b9-4a7f-bf9d-b4b74fb4791d','59g','119.84','66'),('ee35b02d-d479-494c-a667-4a098a70af89','123g','112.06','64'),('ee59c966-56f7-464d-ad0e-a22aabec3664','55g','100.56','118'),('ee695481-03ba-4047-b292-8ba5c1af0606','25g','813.14','119'),('eebba480-65a1-40e2-a6c5-44a5d86e0d95','323g','198.59','144'),('ef85683c-7373-44e1-bac0-fdc90267cd77','73g','519.34','194'),('efdf080f-638a-4281-8051-53c02b54abbb','231g','677.36','83'),('f372b34f-77f9-48fc-a9e0-63279d18ec9f','42g','285.05','42'),('f6d18724-c289-4202-9eb0-e0b75a21f06d','55g','334.88','49'),('f7526ada-a159-4058-ac34-5e45c1a9eee8','50g','887.99','122'),('fa67f1f1-8ab5-41d7-95d7-09e07437a202','84g','138.48','270'),('fb62ea31-3ad1-4e9d-895c-094ecf8b4c62','245g','365.71','59'),('fdc3c719-c7f6-436b-9556-d5ec722f7096','338g','334.21','179'),('fdf08638-73df-4526-a656-381ff116a62c','325g','156.18','126'),('ffa79d78-30ce-497f-90df-475c603055c8','151g','847.66','193'),('ffb486bf-72d8-4abf-a0f7-22bb4add7cb6','217g','499.89','42');
/*!40000 ALTER TABLE `pharmaceutical_supplies` ENABLE KEYS */;
UNLOCK TABLES;

--
-- Table structure for table `pharmacist`
--

DROP TABLE IF EXISTS `pharmacist`;
/*!40101 SET @saved_cs_client     = @@character_set_client */;
 SET character_set_client = utf8mb4 ;
CREATE TABLE `pharmacist` (
  `PharmacistUid` char(37) COLLATE utf8_bin NOT NULL,
  `DEANumber` varchar(45) COLLATE utf8_bin DEFAULT NULL,
  PRIMARY KEY (`PharmacistUid`)
) ENGINE=InnoDB DEFAULT CHARSET=utf8 COLLATE=utf8_bin;
/*!40101 SET character_set_client = @saved_cs_client */;

--
-- Dumping data for table `pharmacist`
--

LOCK TABLES `pharmacist` WRITE;
/*!40000 ALTER TABLE `pharmacist` DISABLE KEYS */;
INSERT INTO `pharmacist` VALUES ('a2a36bee-29d2-4c4a-b232-b5ea9cdd723a','495792'),('a30148ee-a308-4371-ab36-6c865f0ca8b2','217619'),('a32aa690-401f-4c8c-9718-e72a61152780','313396'),('a32ed332-8097-40bf-9bae-3ada5c8daafb','847391'),('a45611ee-5ae5-4986-9bde-ded684155ff8','768531'),('a59bfdf4-8ba4-4a7b-a63f-983c1d6bb39e','666477'),('a63eae56-d434-43bd-9c01-21da3504fd97','676684'),('a74ae319-bf40-47be-a0b5-d8bde54a2d43','839299'),('a89b8902-0665-4434-95e5-9886f387e51d','916163'),('aa9001f4-8824-4f02-8297-05c9d2bc7447','648717'),('ab31f804-68fb-449f-9647-c41aa32fec94','727679'),('ac9b977c-f0d8-4a8d-8829-254a53537fdf','725227'),('ae472a45-6e7c-4d59-b207-25d0b2ca81a3','942147'),('af819830-85f4-4209-86ad-f454afe36afd','718779'),('b08684b2-4efd-46c0-bc59-b9851b889810','515416'),('b086c499-a214-4cab-8af0-348e129f28e0','585621'),('b08f920c-adbd-49e5-b63e-d63b8fab6b5d','237425'),('b0ff383d-a637-44cd-b699-e8c241c7639a','687688'),('b1527252-46c1-468b-87c4-8c902388c9fa','384773'),('b2555f0b-54e3-4796-bb99-498be87c896a','294686'),('b29aaae9-a958-45c2-87ec-6633177ea0eb','948247'),('b2bf4906-1ceb-410c-b478-fc5a89381e21','532284'),('b3c2393b-094b-4364-9589-78dde6b986ba','164735'),('b42376ad-25cc-4eb8-8faf-489c925a3196','354713'),('b4592585-671a-400d-a3fd-3a34ed0fa229','513163');
/*!40000 ALTER TABLE `pharmacist` ENABLE KEYS */;
UNLOCK TABLES;

--
-- Table structure for table `pharmacist_oversees`
--

DROP TABLE IF EXISTS `pharmacist_oversees`;
/*!40101 SET @saved_cs_client     = @@character_set_client */;
 SET character_set_client = utf8mb4 ;
CREATE TABLE `pharmacist_oversees` (
  `PTechUid` char(37) COLLATE utf8_bin NOT NULL,
  `PharmacistUid` char(37) COLLATE utf8_bin DEFAULT NULL,
  PRIMARY KEY (`PTechUid`)
) ENGINE=InnoDB DEFAULT CHARSET=utf8 COLLATE=utf8_bin;
/*!40101 SET character_set_client = @saved_cs_client */;

--
-- Dumping data for table `pharmacist_oversees`
--

LOCK TABLES `pharmacist_oversees` WRITE;
/*!40000 ALTER TABLE `pharmacist_oversees` DISABLE KEYS */;
INSERT INTO `pharmacist_oversees` VALUES ('b60bd23d-9bd2-4faa-8531-049571432d46','a2a36bee-29d2-4c4a-b232-b5ea9cdd723a'),('b851ee73-c427-465c-9135-ed99d06cc612','a2a36bee-29d2-4c4a-b232-b5ea9cdd723a'),('b8ec1537-5f69-41f7-ade4-9f34a280a0e0','a2a36bee-29d2-4c4a-b232-b5ea9cdd723a'),('bd2f9eed-b1c0-42d6-81be-e37ba85354ce','a30148ee-a308-4371-ab36-6c865f0ca8b2'),('be5501fd-f166-4a68-baf0-726b4b94a3b9','a30148ee-a308-4371-ab36-6c865f0ca8b2'),('bead03f7-068f-470a-96bb-ce48fce29eee','a30148ee-a308-4371-ab36-6c865f0ca8b2'),('c0fdb2b2-3692-4472-8797-3ffc8dcb46be','a32aa690-401f-4c8c-9718-e72a61152780'),('c1905c4a-d383-4659-b264-befe6e768d44','a32aa690-401f-4c8c-9718-e72a61152780'),('c21892a3-6378-4733-8952-11c405f15aa5','a32aa690-401f-4c8c-9718-e72a61152780'),('c3959bcc-252a-45e6-bcf8-96063dd982f3','a32ed332-8097-40bf-9bae-3ada5c8daafb'),('c3aee73c-327e-4f71-a229-f2b28424416d','a32ed332-8097-40bf-9bae-3ada5c8daafb'),('c6cd89f4-f63e-468a-8552-3f593ddc87e1','a32ed332-8097-40bf-9bae-3ada5c8daafb'),('c702d4f7-f5e3-4e2d-9d93-5f7cc472e271','a45611ee-5ae5-4986-9bde-ded684155ff8'),('c71c5f93-30b2-4e3d-9fbb-b162ad25306a','a45611ee-5ae5-4986-9bde-ded684155ff8'),('c77eb1e1-3d8b-4488-b4bf-9b44f7244c8f','a45611ee-5ae5-4986-9bde-ded684155ff8'),('c885900b-3c4c-4674-9850-e78c3aa604b4','a59bfdf4-8ba4-4a7b-a63f-983c1d6bb39e'),('c932e16f-12a5-4ba2-8382-5c6a0e1e2c16','a59bfdf4-8ba4-4a7b-a63f-983c1d6bb39e'),('ca3dd714-cb76-4a57-a2b9-447eeafa2717','a59bfdf4-8ba4-4a7b-a63f-983c1d6bb39e'),('ca5b5b7d-2167-4462-ba3f-55b661e2239d','a63eae56-d434-43bd-9c01-21da3504fd97'),('cbf07e76-f87f-490c-85c8-aada06930ad2','a63eae56-d434-43bd-9c01-21da3504fd97'),('cc2731a4-42f8-43ac-8ab0-6f3ece68907c','a63eae56-d434-43bd-9c01-21da3504fd97'),('cee88841-470d-4746-8cda-af031a0e099b','a74ae319-bf40-47be-a0b5-d8bde54a2d43'),('cf62fca0-92bc-4a28-934a-f110db7b8b32','a74ae319-bf40-47be-a0b5-d8bde54a2d43'),('d11832f1-82aa-4893-bea9-accba177f33f','a74ae319-bf40-47be-a0b5-d8bde54a2d43'),('d1fa1eb2-3317-408e-94d4-4c912fd15fdd','a89b8902-0665-4434-95e5-9886f387e51d'),('d2979598-8090-4559-9010-4a45f83f3b9f','a89b8902-0665-4434-95e5-9886f387e51d'),('d385a7b0-d59a-49c5-8acb-f76542ffacad','a89b8902-0665-4434-95e5-9886f387e51d'),('d5762b3e-bf37-4c3e-909a-aafceddbcc84','aa9001f4-8824-4f02-8297-05c9d2bc7447'),('d65f77a1-d181-4e24-b9a3-1641c6d3c836','aa9001f4-8824-4f02-8297-05c9d2bc7447'),('d87efc38-877e-4a4b-8c13-078df47362c2','aa9001f4-8824-4f02-8297-05c9d2bc7447'),('d97b1236-e4e0-4deb-9179-1ece8032f33b','ab31f804-68fb-449f-9647-c41aa32fec94'),('d9a7e27b-05e2-4ca3-98c5-4c11216619ed','ab31f804-68fb-449f-9647-c41aa32fec94'),('dcf57d71-1bc3-4fd6-8bdf-e0ca588941f9','ab31f804-68fb-449f-9647-c41aa32fec94'),('de24dafb-81e2-4442-9e21-70595bda1a07','ac9b977c-f0d8-4a8d-8829-254a53537fdf'),('de93533b-ef80-433f-9434-bc3515b0db89','ac9b977c-f0d8-4a8d-8829-254a53537fdf'),('df9eea43-4dae-49b1-8bf4-facad9008248','ac9b977c-f0d8-4a8d-8829-254a53537fdf'),('e0c241ce-f027-42bf-bb4e-fa87f1e86b75','ae472a45-6e7c-4d59-b207-25d0b2ca81a3'),('e1a65c20-6158-4d3b-b9f6-4bc14099298f','ae472a45-6e7c-4d59-b207-25d0b2ca81a3'),('e1d4bf7c-c586-48e5-94f6-ea8b4d45b6d6','ae472a45-6e7c-4d59-b207-25d0b2ca81a3'),('e1fac6c1-fe77-469b-8e63-7103eb83e9ed','af819830-85f4-4209-86ad-f454afe36afd'),('e232eae1-a9cf-44a9-ac9c-54763ceadfe3','af819830-85f4-4209-86ad-f454afe36afd'),('e23882fd-b62a-4ed1-a232-9cf12e65b7a0','af819830-85f4-4209-86ad-f454afe36afd'),('e23970d5-40b7-4435-915e-d2f6adde65ef','b08684b2-4efd-46c0-bc59-b9851b889810'),('e2e660cc-f919-4a6b-ad6b-97499e236ff2','b08684b2-4efd-46c0-bc59-b9851b889810'),('e399e35b-e1b6-4fae-b6c7-bf19c69fbdb4','b08684b2-4efd-46c0-bc59-b9851b889810'),('e42cb185-30db-48d5-8611-4ea969bec2f3','b086c499-a214-4cab-8af0-348e129f28e0'),('e4c1f588-984b-4f85-9d4c-ea0feab1c716','b086c499-a214-4cab-8af0-348e129f28e0'),('e5400257-b125-49d9-a25d-1fafffc580f5','b086c499-a214-4cab-8af0-348e129f28e0'),('e646219d-992b-4f55-bedb-19ab105526e9','b08f920c-adbd-49e5-b63e-d63b8fab6b5d'),('e68d3b07-42f5-4a6a-b8ee-fe01330aaaa7','b08f920c-adbd-49e5-b63e-d63b8fab6b5d'),('e7416b5b-d9b8-4510-befa-c6ae4301ef55','b08f920c-adbd-49e5-b63e-d63b8fab6b5d'),('e91a6b43-4545-4450-a688-b438e3b37116','b0ff383d-a637-44cd-b699-e8c241c7639a'),('e9308246-3f96-42d0-9303-c31173dc9c7b','b0ff383d-a637-44cd-b699-e8c241c7639a'),('e9ffa47b-0187-4195-86ba-dbb38fb3b245','b0ff383d-a637-44cd-b699-e8c241c7639a'),('eb3f6b3a-7afa-45f2-b6f7-571312adfdc8','b1527252-46c1-468b-87c4-8c902388c9fa'),('eb625015-b6a4-4ebf-9d99-3c030613dbe6','b1527252-46c1-468b-87c4-8c902388c9fa'),('ebf6a18e-5fa9-4c6d-8b03-4f8864cb3b8b','b1527252-46c1-468b-87c4-8c902388c9fa'),('ed4f121f-aa46-4e24-951c-29d1bfb48c80','b2555f0b-54e3-4796-bb99-498be87c896a'),('f033a80e-edc7-4e43-87c5-3ee3da716dbd','b2555f0b-54e3-4796-bb99-498be87c896a'),('f15e101c-8442-4625-8426-aa60b8e9d360','b2555f0b-54e3-4796-bb99-498be87c896a'),('f1f3acc2-c27b-42ac-a69c-4c5943553ef7','b29aaae9-a958-45c2-87ec-6633177ea0eb'),('f248a53e-0506-4f09-bbf4-3eda5d0c7dd1','b29aaae9-a958-45c2-87ec-6633177ea0eb'),('f3e26306-4314-4413-ac1c-e245654ddcfe','b29aaae9-a958-45c2-87ec-6633177ea0eb'),('f625c764-7b12-44fe-a413-ae5de6d8f53c','b2bf4906-1ceb-410c-b478-fc5a89381e21'),('f724f38a-582d-4890-96d4-bb5b8580235e','b2bf4906-1ceb-410c-b478-fc5a89381e21'),('f7d3f612-d2dd-4490-a6ef-6cef6939764e','b2bf4906-1ceb-410c-b478-fc5a89381e21'),('f81e060c-870b-4ef0-a761-24c002cb00bd','b3c2393b-094b-4364-9589-78dde6b986ba'),('f85687d6-151a-4ff3-bae3-707a3b13f5c5','b3c2393b-094b-4364-9589-78dde6b986ba'),('f96ddfd3-46d5-41a7-81e8-4fbb139a4c1f','b3c2393b-094b-4364-9589-78dde6b986ba'),('fa408e24-a03e-4b09-a9b4-1d65d1ff8705','b42376ad-25cc-4eb8-8faf-489c925a3196'),('fa9a4aae-773a-40b2-9d69-c81ebdd86d42','b42376ad-25cc-4eb8-8faf-489c925a3196'),('fbc20a34-aa89-4410-89d7-c64521cb4f01','b42376ad-25cc-4eb8-8faf-489c925a3196'),('fcd6222c-6b58-41c1-b861-dcb89aa29b6d','b4592585-671a-400d-a3fd-3a34ed0fa229'),('fcf61374-d489-4ea1-8947-b68b1c50afb3','b4592585-671a-400d-a3fd-3a34ed0fa229'),('fcfb09e4-cbe6-461e-ae8e-8aa45ce85871','b4592585-671a-400d-a3fd-3a34ed0fa229');
/*!40000 ALTER TABLE `pharmacist_oversees` ENABLE KEYS */;
UNLOCK TABLES;

--
-- Table structure for table `pharmacy`
--

DROP TABLE IF EXISTS `pharmacy`;
/*!40101 SET @saved_cs_client     = @@character_set_client */;
 SET character_set_client = utf8mb4 ;
CREATE TABLE `pharmacy` (
  `PharmacyUid` char(37) COLLATE utf8_bin NOT NULL,
  PRIMARY KEY (`PharmacyUid`)
) ENGINE=InnoDB DEFAULT CHARSET=utf8 COLLATE=utf8_bin;
/*!40101 SET character_set_client = @saved_cs_client */;

--
-- Dumping data for table `pharmacy`
--

LOCK TABLES `pharmacy` WRITE;
/*!40000 ALTER TABLE `pharmacy` DISABLE KEYS */;
INSERT INTO `pharmacy` VALUES ('087d3d1d-6c94-4ce2-97ce-f005e3253d81'),('96996649-a69a-4014-bf1e-5b82da0b30bc');
/*!40000 ALTER TABLE `pharmacy` ENABLE KEYS */;
UNLOCK TABLES;

--
-- Table structure for table `pharmacy_employee`
--

DROP TABLE IF EXISTS `pharmacy_employee`;
/*!40101 SET @saved_cs_client     = @@character_set_client */;
 SET character_set_client = utf8mb4 ;
CREATE TABLE `pharmacy_employee` (
  `PEmployeeUid` char(37) CHARACTER SET utf8mb4 COLLATE utf8mb4_0900_ai_ci NOT NULL,
  PRIMARY KEY (`PEmployeeUid`)
) ENGINE=InnoDB DEFAULT CHARSET=utf8 COLLATE=utf8_bin;
/*!40101 SET character_set_client = @saved_cs_client */;

--
-- Dumping data for table `pharmacy_employee`
--

LOCK TABLES `pharmacy_employee` WRITE;
/*!40000 ALTER TABLE `pharmacy_employee` DISABLE KEYS */;
INSERT INTO `pharmacy_employee` VALUES ('a2a36bee-29d2-4c4a-b232-b5ea9cdd723a'),('a30148ee-a308-4371-ab36-6c865f0ca8b2'),('a32aa690-401f-4c8c-9718-e72a61152780'),('a32ed332-8097-40bf-9bae-3ada5c8daafb'),('a45611ee-5ae5-4986-9bde-ded684155ff8'),('a59bfdf4-8ba4-4a7b-a63f-983c1d6bb39e'),('a63eae56-d434-43bd-9c01-21da3504fd97'),('a74ae319-bf40-47be-a0b5-d8bde54a2d43'),('a89b8902-0665-4434-95e5-9886f387e51d'),('aa9001f4-8824-4f02-8297-05c9d2bc7447'),('ab31f804-68fb-449f-9647-c41aa32fec94'),('ac9b977c-f0d8-4a8d-8829-254a53537fdf'),('ae472a45-6e7c-4d59-b207-25d0b2ca81a3'),('af819830-85f4-4209-86ad-f454afe36afd'),('b08684b2-4efd-46c0-bc59-b9851b889810'),('b086c499-a214-4cab-8af0-348e129f28e0'),('b08f920c-adbd-49e5-b63e-d63b8fab6b5d'),('b0ff383d-a637-44cd-b699-e8c241c7639a'),('b1527252-46c1-468b-87c4-8c902388c9fa'),('b2555f0b-54e3-4796-bb99-498be87c896a'),('b29aaae9-a958-45c2-87ec-6633177ea0eb'),('b2bf4906-1ceb-410c-b478-fc5a89381e21'),('b3c2393b-094b-4364-9589-78dde6b986ba'),('b42376ad-25cc-4eb8-8faf-489c925a3196'),('b4592585-671a-400d-a3fd-3a34ed0fa229'),('b60bd23d-9bd2-4faa-8531-049571432d46'),('b851ee73-c427-465c-9135-ed99d06cc612'),('b8ec1537-5f69-41f7-ade4-9f34a280a0e0'),('bd2f9eed-b1c0-42d6-81be-e37ba85354ce'),('be5501fd-f166-4a68-baf0-726b4b94a3b9'),('bead03f7-068f-470a-96bb-ce48fce29eee'),('c0fdb2b2-3692-4472-8797-3ffc8dcb46be'),('c1905c4a-d383-4659-b264-befe6e768d44'),('c21892a3-6378-4733-8952-11c405f15aa5'),('c3959bcc-252a-45e6-bcf8-96063dd982f3'),('c3aee73c-327e-4f71-a229-f2b28424416d'),('c6cd89f4-f63e-468a-8552-3f593ddc87e1'),('c702d4f7-f5e3-4e2d-9d93-5f7cc472e271'),('c71c5f93-30b2-4e3d-9fbb-b162ad25306a'),('c77eb1e1-3d8b-4488-b4bf-9b44f7244c8f'),('c885900b-3c4c-4674-9850-e78c3aa604b4'),('c932e16f-12a5-4ba2-8382-5c6a0e1e2c16'),('ca3dd714-cb76-4a57-a2b9-447eeafa2717'),('ca5b5b7d-2167-4462-ba3f-55b661e2239d'),('cbf07e76-f87f-490c-85c8-aada06930ad2'),('cc2731a4-42f8-43ac-8ab0-6f3ece68907c'),('cee88841-470d-4746-8cda-af031a0e099b'),('cf62fca0-92bc-4a28-934a-f110db7b8b32'),('d11832f1-82aa-4893-bea9-accba177f33f'),('d1fa1eb2-3317-408e-94d4-4c912fd15fdd'),('d2979598-8090-4559-9010-4a45f83f3b9f'),('d385a7b0-d59a-49c5-8acb-f76542ffacad'),('d5762b3e-bf37-4c3e-909a-aafceddbcc84'),('d65f77a1-d181-4e24-b9a3-1641c6d3c836'),('d87efc38-877e-4a4b-8c13-078df47362c2'),('d97b1236-e4e0-4deb-9179-1ece8032f33b'),('d9a7e27b-05e2-4ca3-98c5-4c11216619ed'),('dcf57d71-1bc3-4fd6-8bdf-e0ca588941f9'),('de24dafb-81e2-4442-9e21-70595bda1a07'),('de93533b-ef80-433f-9434-bc3515b0db89'),('df9eea43-4dae-49b1-8bf4-facad9008248'),('e0c241ce-f027-42bf-bb4e-fa87f1e86b75'),('e1a65c20-6158-4d3b-b9f6-4bc14099298f'),('e1d4bf7c-c586-48e5-94f6-ea8b4d45b6d6'),('e1fac6c1-fe77-469b-8e63-7103eb83e9ed'),('e232eae1-a9cf-44a9-ac9c-54763ceadfe3'),('e23882fd-b62a-4ed1-a232-9cf12e65b7a0'),('e23970d5-40b7-4435-915e-d2f6adde65ef'),('e2e660cc-f919-4a6b-ad6b-97499e236ff2'),('e399e35b-e1b6-4fae-b6c7-bf19c69fbdb4'),('e42cb185-30db-48d5-8611-4ea969bec2f3'),('e4c1f588-984b-4f85-9d4c-ea0feab1c716'),('e5400257-b125-49d9-a25d-1fafffc580f5'),('e646219d-992b-4f55-bedb-19ab105526e9'),('e68d3b07-42f5-4a6a-b8ee-fe01330aaaa7'),('e7416b5b-d9b8-4510-befa-c6ae4301ef55'),('e91a6b43-4545-4450-a688-b438e3b37116'),('e9308246-3f96-42d0-9303-c31173dc9c7b'),('e9ffa47b-0187-4195-86ba-dbb38fb3b245'),('eb3f6b3a-7afa-45f2-b6f7-571312adfdc8'),('eb625015-b6a4-4ebf-9d99-3c030613dbe6'),('ebf6a18e-5fa9-4c6d-8b03-4f8864cb3b8b'),('ed4f121f-aa46-4e24-951c-29d1bfb48c80'),('f033a80e-edc7-4e43-87c5-3ee3da716dbd'),('f15e101c-8442-4625-8426-aa60b8e9d360'),('f1f3acc2-c27b-42ac-a69c-4c5943553ef7'),('f248a53e-0506-4f09-bbf4-3eda5d0c7dd1'),('f3e26306-4314-4413-ac1c-e245654ddcfe'),('f625c764-7b12-44fe-a413-ae5de6d8f53c'),('f724f38a-582d-4890-96d4-bb5b8580235e'),('f7d3f612-d2dd-4490-a6ef-6cef6939764e'),('f81e060c-870b-4ef0-a761-24c002cb00bd'),('f85687d6-151a-4ff3-bae3-707a3b13f5c5'),('f96ddfd3-46d5-41a7-81e8-4fbb139a4c1f'),('fa408e24-a03e-4b09-a9b4-1d65d1ff8705'),('fa9a4aae-773a-40b2-9d69-c81ebdd86d42'),('fbc20a34-aa89-4410-89d7-c64521cb4f01'),('fcd6222c-6b58-41c1-b861-dcb89aa29b6d'),('fcf61374-d489-4ea1-8947-b68b1c50afb3'),('fcfb09e4-cbe6-461e-ae8e-8aa45ce85871');
/*!40000 ALTER TABLE `pharmacy_employee` ENABLE KEYS */;
UNLOCK TABLES;

--
-- Table structure for table `pharmacy_technician`
--

DROP TABLE IF EXISTS `pharmacy_technician`;
/*!40101 SET @saved_cs_client     = @@character_set_client */;
 SET character_set_client = utf8mb4 ;
CREATE TABLE `pharmacy_technician` (
  `PTechUid` char(37) COLLATE utf8_bin NOT NULL,
  `ManagerUid` char(37) COLLATE utf8_bin DEFAULT NULL,
  PRIMARY KEY (`PTechUid`)
) ENGINE=InnoDB DEFAULT CHARSET=utf8 COLLATE=utf8_bin;
/*!40101 SET character_set_client = @saved_cs_client */;

--
-- Dumping data for table `pharmacy_technician`
--

LOCK TABLES `pharmacy_technician` WRITE;
/*!40000 ALTER TABLE `pharmacy_technician` DISABLE KEYS */;
INSERT INTO `pharmacy_technician` VALUES ('b60bd23d-9bd2-4faa-8531-049571432d46','a2a36bee-29d2-4c4a-b232-b5ea9cdd723a'),('b851ee73-c427-465c-9135-ed99d06cc612','a2a36bee-29d2-4c4a-b232-b5ea9cdd723a'),('b8ec1537-5f69-41f7-ade4-9f34a280a0e0','a2a36bee-29d2-4c4a-b232-b5ea9cdd723a'),('bd2f9eed-b1c0-42d6-81be-e37ba85354ce','a30148ee-a308-4371-ab36-6c865f0ca8b2'),('be5501fd-f166-4a68-baf0-726b4b94a3b9','a30148ee-a308-4371-ab36-6c865f0ca8b2'),('bead03f7-068f-470a-96bb-ce48fce29eee','a30148ee-a308-4371-ab36-6c865f0ca8b2'),('c0fdb2b2-3692-4472-8797-3ffc8dcb46be','a32aa690-401f-4c8c-9718-e72a61152780'),('c1905c4a-d383-4659-b264-befe6e768d44','a32aa690-401f-4c8c-9718-e72a61152780'),('c21892a3-6378-4733-8952-11c405f15aa5','a32aa690-401f-4c8c-9718-e72a61152780'),('c3959bcc-252a-45e6-bcf8-96063dd982f3','a32ed332-8097-40bf-9bae-3ada5c8daafb'),('c3aee73c-327e-4f71-a229-f2b28424416d','a32ed332-8097-40bf-9bae-3ada5c8daafb'),('c6cd89f4-f63e-468a-8552-3f593ddc87e1','a32ed332-8097-40bf-9bae-3ada5c8daafb'),('c702d4f7-f5e3-4e2d-9d93-5f7cc472e271','a45611ee-5ae5-4986-9bde-ded684155ff8'),('c71c5f93-30b2-4e3d-9fbb-b162ad25306a','a45611ee-5ae5-4986-9bde-ded684155ff8'),('c77eb1e1-3d8b-4488-b4bf-9b44f7244c8f','a45611ee-5ae5-4986-9bde-ded684155ff8'),('c885900b-3c4c-4674-9850-e78c3aa604b4','a59bfdf4-8ba4-4a7b-a63f-983c1d6bb39e'),('c932e16f-12a5-4ba2-8382-5c6a0e1e2c16','a59bfdf4-8ba4-4a7b-a63f-983c1d6bb39e'),('ca3dd714-cb76-4a57-a2b9-447eeafa2717','a59bfdf4-8ba4-4a7b-a63f-983c1d6bb39e'),('ca5b5b7d-2167-4462-ba3f-55b661e2239d','a63eae56-d434-43bd-9c01-21da3504fd97'),('cbf07e76-f87f-490c-85c8-aada06930ad2','a63eae56-d434-43bd-9c01-21da3504fd97'),('cc2731a4-42f8-43ac-8ab0-6f3ece68907c','a63eae56-d434-43bd-9c01-21da3504fd97'),('cee88841-470d-4746-8cda-af031a0e099b','a74ae319-bf40-47be-a0b5-d8bde54a2d43'),('cf62fca0-92bc-4a28-934a-f110db7b8b32','a74ae319-bf40-47be-a0b5-d8bde54a2d43'),('d11832f1-82aa-4893-bea9-accba177f33f','a74ae319-bf40-47be-a0b5-d8bde54a2d43'),('d1fa1eb2-3317-408e-94d4-4c912fd15fdd','a89b8902-0665-4434-95e5-9886f387e51d'),('d2979598-8090-4559-9010-4a45f83f3b9f','a89b8902-0665-4434-95e5-9886f387e51d'),('d385a7b0-d59a-49c5-8acb-f76542ffacad','a89b8902-0665-4434-95e5-9886f387e51d'),('d5762b3e-bf37-4c3e-909a-aafceddbcc84','aa9001f4-8824-4f02-8297-05c9d2bc7447'),('d65f77a1-d181-4e24-b9a3-1641c6d3c836','aa9001f4-8824-4f02-8297-05c9d2bc7447'),('d87efc38-877e-4a4b-8c13-078df47362c2','aa9001f4-8824-4f02-8297-05c9d2bc7447'),('d97b1236-e4e0-4deb-9179-1ece8032f33b','ab31f804-68fb-449f-9647-c41aa32fec94'),('d9a7e27b-05e2-4ca3-98c5-4c11216619ed','ab31f804-68fb-449f-9647-c41aa32fec94'),('dcf57d71-1bc3-4fd6-8bdf-e0ca588941f9','ab31f804-68fb-449f-9647-c41aa32fec94'),('de24dafb-81e2-4442-9e21-70595bda1a07','ac9b977c-f0d8-4a8d-8829-254a53537fdf'),('de93533b-ef80-433f-9434-bc3515b0db89','ac9b977c-f0d8-4a8d-8829-254a53537fdf'),('df9eea43-4dae-49b1-8bf4-facad9008248','ac9b977c-f0d8-4a8d-8829-254a53537fdf'),('e0c241ce-f027-42bf-bb4e-fa87f1e86b75','ae472a45-6e7c-4d59-b207-25d0b2ca81a3'),('e1a65c20-6158-4d3b-b9f6-4bc14099298f','ae472a45-6e7c-4d59-b207-25d0b2ca81a3'),('e1d4bf7c-c586-48e5-94f6-ea8b4d45b6d6','ae472a45-6e7c-4d59-b207-25d0b2ca81a3'),('e1fac6c1-fe77-469b-8e63-7103eb83e9ed','af819830-85f4-4209-86ad-f454afe36afd'),('e232eae1-a9cf-44a9-ac9c-54763ceadfe3','af819830-85f4-4209-86ad-f454afe36afd'),('e23882fd-b62a-4ed1-a232-9cf12e65b7a0','af819830-85f4-4209-86ad-f454afe36afd'),('e23970d5-40b7-4435-915e-d2f6adde65ef','b08684b2-4efd-46c0-bc59-b9851b889810'),('e2e660cc-f919-4a6b-ad6b-97499e236ff2','b08684b2-4efd-46c0-bc59-b9851b889810'),('e399e35b-e1b6-4fae-b6c7-bf19c69fbdb4','b08684b2-4efd-46c0-bc59-b9851b889810'),('e42cb185-30db-48d5-8611-4ea969bec2f3','b086c499-a214-4cab-8af0-348e129f28e0'),('e4c1f588-984b-4f85-9d4c-ea0feab1c716','b086c499-a214-4cab-8af0-348e129f28e0'),('e5400257-b125-49d9-a25d-1fafffc580f5','b086c499-a214-4cab-8af0-348e129f28e0'),('e646219d-992b-4f55-bedb-19ab105526e9','b08f920c-adbd-49e5-b63e-d63b8fab6b5d'),('e68d3b07-42f5-4a6a-b8ee-fe01330aaaa7','b08f920c-adbd-49e5-b63e-d63b8fab6b5d'),('e7416b5b-d9b8-4510-befa-c6ae4301ef55','b08f920c-adbd-49e5-b63e-d63b8fab6b5d'),('e91a6b43-4545-4450-a688-b438e3b37116','b0ff383d-a637-44cd-b699-e8c241c7639a'),('e9308246-3f96-42d0-9303-c31173dc9c7b','b0ff383d-a637-44cd-b699-e8c241c7639a'),('e9ffa47b-0187-4195-86ba-dbb38fb3b245','b0ff383d-a637-44cd-b699-e8c241c7639a'),('eb3f6b3a-7afa-45f2-b6f7-571312adfdc8','b1527252-46c1-468b-87c4-8c902388c9fa'),('eb625015-b6a4-4ebf-9d99-3c030613dbe6','b1527252-46c1-468b-87c4-8c902388c9fa'),('ebf6a18e-5fa9-4c6d-8b03-4f8864cb3b8b','b1527252-46c1-468b-87c4-8c902388c9fa'),('ed4f121f-aa46-4e24-951c-29d1bfb48c80','b2555f0b-54e3-4796-bb99-498be87c896a'),('f033a80e-edc7-4e43-87c5-3ee3da716dbd','b2555f0b-54e3-4796-bb99-498be87c896a'),('f15e101c-8442-4625-8426-aa60b8e9d360','b2555f0b-54e3-4796-bb99-498be87c896a'),('f1f3acc2-c27b-42ac-a69c-4c5943553ef7','b29aaae9-a958-45c2-87ec-6633177ea0eb'),('f248a53e-0506-4f09-bbf4-3eda5d0c7dd1','b29aaae9-a958-45c2-87ec-6633177ea0eb'),('f3e26306-4314-4413-ac1c-e245654ddcfe','b29aaae9-a958-45c2-87ec-6633177ea0eb'),('f625c764-7b12-44fe-a413-ae5de6d8f53c','b2bf4906-1ceb-410c-b478-fc5a89381e21'),('f724f38a-582d-4890-96d4-bb5b8580235e','b2bf4906-1ceb-410c-b478-fc5a89381e21'),('f7d3f612-d2dd-4490-a6ef-6cef6939764e','b2bf4906-1ceb-410c-b478-fc5a89381e21'),('f81e060c-870b-4ef0-a761-24c002cb00bd','b3c2393b-094b-4364-9589-78dde6b986ba'),('f85687d6-151a-4ff3-bae3-707a3b13f5c5','b3c2393b-094b-4364-9589-78dde6b986ba'),('f96ddfd3-46d5-41a7-81e8-4fbb139a4c1f','b3c2393b-094b-4364-9589-78dde6b986ba'),('fa408e24-a03e-4b09-a9b4-1d65d1ff8705','b42376ad-25cc-4eb8-8faf-489c925a3196'),('fa9a4aae-773a-40b2-9d69-c81ebdd86d42','b42376ad-25cc-4eb8-8faf-489c925a3196'),('fbc20a34-aa89-4410-89d7-c64521cb4f01','b42376ad-25cc-4eb8-8faf-489c925a3196'),('fcd6222c-6b58-41c1-b861-dcb89aa29b6d','b4592585-671a-400d-a3fd-3a34ed0fa229'),('fcf61374-d489-4ea1-8947-b68b1c50afb3','b4592585-671a-400d-a3fd-3a34ed0fa229'),('fcfb09e4-cbe6-461e-ae8e-8aa45ce85871','b4592585-671a-400d-a3fd-3a34ed0fa229');
/*!40000 ALTER TABLE `pharmacy_technician` ENABLE KEYS */;
UNLOCK TABLES;

--
-- Table structure for table `pharmacy_works_for`
--

DROP TABLE IF EXISTS `pharmacy_works_for`;
/*!40101 SET @saved_cs_client     = @@character_set_client */;
 SET character_set_client = utf8mb4 ;
CREATE TABLE `pharmacy_works_for` (
  `PEmployeeUid` char(37) COLLATE utf8_bin NOT NULL,
  `PharmacyUid` char(37) COLLATE utf8_bin DEFAULT NULL,
  PRIMARY KEY (`PEmployeeUid`)
) ENGINE=InnoDB DEFAULT CHARSET=utf8 COLLATE=utf8_bin;
/*!40101 SET character_set_client = @saved_cs_client */;

--
-- Dumping data for table `pharmacy_works_for`
--

LOCK TABLES `pharmacy_works_for` WRITE;
/*!40000 ALTER TABLE `pharmacy_works_for` DISABLE KEYS */;
INSERT INTO `pharmacy_works_for` VALUES ('a2a36bee-29d2-4c4a-b232-b5ea9cdd723a','96996649-a69a-4014-bf1e-5b82da0b30bc'),('a30148ee-a308-4371-ab36-6c865f0ca8b2','087d3d1d-6c94-4ce2-97ce-f005e3253d81'),('a32aa690-401f-4c8c-9718-e72a61152780','087d3d1d-6c94-4ce2-97ce-f005e3253d81'),('a32ed332-8097-40bf-9bae-3ada5c8daafb','96996649-a69a-4014-bf1e-5b82da0b30bc'),('a45611ee-5ae5-4986-9bde-ded684155ff8','087d3d1d-6c94-4ce2-97ce-f005e3253d81'),('a59bfdf4-8ba4-4a7b-a63f-983c1d6bb39e','96996649-a69a-4014-bf1e-5b82da0b30bc'),('a63eae56-d434-43bd-9c01-21da3504fd97','96996649-a69a-4014-bf1e-5b82da0b30bc'),('a74ae319-bf40-47be-a0b5-d8bde54a2d43','087d3d1d-6c94-4ce2-97ce-f005e3253d81'),('a89b8902-0665-4434-95e5-9886f387e51d','96996649-a69a-4014-bf1e-5b82da0b30bc'),('aa9001f4-8824-4f02-8297-05c9d2bc7447','087d3d1d-6c94-4ce2-97ce-f005e3253d81'),('ab31f804-68fb-449f-9647-c41aa32fec94','087d3d1d-6c94-4ce2-97ce-f005e3253d81'),('ac9b977c-f0d8-4a8d-8829-254a53537fdf','087d3d1d-6c94-4ce2-97ce-f005e3253d81'),('ae472a45-6e7c-4d59-b207-25d0b2ca81a3','96996649-a69a-4014-bf1e-5b82da0b30bc'),('af819830-85f4-4209-86ad-f454afe36afd','087d3d1d-6c94-4ce2-97ce-f005e3253d81'),('b08684b2-4efd-46c0-bc59-b9851b889810','087d3d1d-6c94-4ce2-97ce-f005e3253d81'),('b086c499-a214-4cab-8af0-348e129f28e0','96996649-a69a-4014-bf1e-5b82da0b30bc'),('b08f920c-adbd-49e5-b63e-d63b8fab6b5d','96996649-a69a-4014-bf1e-5b82da0b30bc'),('b0ff383d-a637-44cd-b699-e8c241c7639a','087d3d1d-6c94-4ce2-97ce-f005e3253d81'),('b1527252-46c1-468b-87c4-8c902388c9fa','96996649-a69a-4014-bf1e-5b82da0b30bc'),('b2555f0b-54e3-4796-bb99-498be87c896a','087d3d1d-6c94-4ce2-97ce-f005e3253d81'),('b29aaae9-a958-45c2-87ec-6633177ea0eb','087d3d1d-6c94-4ce2-97ce-f005e3253d81'),('b2bf4906-1ceb-410c-b478-fc5a89381e21','087d3d1d-6c94-4ce2-97ce-f005e3253d81'),('b3c2393b-094b-4364-9589-78dde6b986ba','087d3d1d-6c94-4ce2-97ce-f005e3253d81'),('b42376ad-25cc-4eb8-8faf-489c925a3196','96996649-a69a-4014-bf1e-5b82da0b30bc'),('b4592585-671a-400d-a3fd-3a34ed0fa229','087d3d1d-6c94-4ce2-97ce-f005e3253d81'),('b60bd23d-9bd2-4faa-8531-049571432d46','96996649-a69a-4014-bf1e-5b82da0b30bc'),('b851ee73-c427-465c-9135-ed99d06cc612','087d3d1d-6c94-4ce2-97ce-f005e3253d81'),('b8ec1537-5f69-41f7-ade4-9f34a280a0e0','96996649-a69a-4014-bf1e-5b82da0b30bc'),('bd2f9eed-b1c0-42d6-81be-e37ba85354ce','96996649-a69a-4014-bf1e-5b82da0b30bc'),('be5501fd-f166-4a68-baf0-726b4b94a3b9','96996649-a69a-4014-bf1e-5b82da0b30bc'),('bead03f7-068f-470a-96bb-ce48fce29eee','96996649-a69a-4014-bf1e-5b82da0b30bc'),('c0fdb2b2-3692-4472-8797-3ffc8dcb46be','96996649-a69a-4014-bf1e-5b82da0b30bc'),('c1905c4a-d383-4659-b264-befe6e768d44','96996649-a69a-4014-bf1e-5b82da0b30bc'),('c21892a3-6378-4733-8952-11c405f15aa5','087d3d1d-6c94-4ce2-97ce-f005e3253d81'),('c3959bcc-252a-45e6-bcf8-96063dd982f3','96996649-a69a-4014-bf1e-5b82da0b30bc'),('c3aee73c-327e-4f71-a229-f2b28424416d','96996649-a69a-4014-bf1e-5b82da0b30bc'),('c6cd89f4-f63e-468a-8552-3f593ddc87e1','087d3d1d-6c94-4ce2-97ce-f005e3253d81'),('c702d4f7-f5e3-4e2d-9d93-5f7cc472e271','087d3d1d-6c94-4ce2-97ce-f005e3253d81'),('c71c5f93-30b2-4e3d-9fbb-b162ad25306a','087d3d1d-6c94-4ce2-97ce-f005e3253d81'),('c77eb1e1-3d8b-4488-b4bf-9b44f7244c8f','96996649-a69a-4014-bf1e-5b82da0b30bc'),('c885900b-3c4c-4674-9850-e78c3aa604b4','96996649-a69a-4014-bf1e-5b82da0b30bc'),('c932e16f-12a5-4ba2-8382-5c6a0e1e2c16','96996649-a69a-4014-bf1e-5b82da0b30bc'),('ca3dd714-cb76-4a57-a2b9-447eeafa2717','96996649-a69a-4014-bf1e-5b82da0b30bc'),('ca5b5b7d-2167-4462-ba3f-55b661e2239d','96996649-a69a-4014-bf1e-5b82da0b30bc'),('cbf07e76-f87f-490c-85c8-aada06930ad2','96996649-a69a-4014-bf1e-5b82da0b30bc'),('cc2731a4-42f8-43ac-8ab0-6f3ece68907c','087d3d1d-6c94-4ce2-97ce-f005e3253d81'),('cee88841-470d-4746-8cda-af031a0e099b','087d3d1d-6c94-4ce2-97ce-f005e3253d81'),('cf62fca0-92bc-4a28-934a-f110db7b8b32','96996649-a69a-4014-bf1e-5b82da0b30bc'),('d11832f1-82aa-4893-bea9-accba177f33f','087d3d1d-6c94-4ce2-97ce-f005e3253d81'),('d1fa1eb2-3317-408e-94d4-4c912fd15fdd','96996649-a69a-4014-bf1e-5b82da0b30bc'),('d2979598-8090-4559-9010-4a45f83f3b9f','087d3d1d-6c94-4ce2-97ce-f005e3253d81'),('d385a7b0-d59a-49c5-8acb-f76542ffacad','96996649-a69a-4014-bf1e-5b82da0b30bc'),('d5762b3e-bf37-4c3e-909a-aafceddbcc84','087d3d1d-6c94-4ce2-97ce-f005e3253d81'),('d65f77a1-d181-4e24-b9a3-1641c6d3c836','96996649-a69a-4014-bf1e-5b82da0b30bc'),('d87efc38-877e-4a4b-8c13-078df47362c2','96996649-a69a-4014-bf1e-5b82da0b30bc'),('d97b1236-e4e0-4deb-9179-1ece8032f33b','96996649-a69a-4014-bf1e-5b82da0b30bc'),('d9a7e27b-05e2-4ca3-98c5-4c11216619ed','087d3d1d-6c94-4ce2-97ce-f005e3253d81'),('dcf57d71-1bc3-4fd6-8bdf-e0ca588941f9','087d3d1d-6c94-4ce2-97ce-f005e3253d81'),('de24dafb-81e2-4442-9e21-70595bda1a07','087d3d1d-6c94-4ce2-97ce-f005e3253d81'),('de93533b-ef80-433f-9434-bc3515b0db89','087d3d1d-6c94-4ce2-97ce-f005e3253d81'),('df9eea43-4dae-49b1-8bf4-facad9008248','087d3d1d-6c94-4ce2-97ce-f005e3253d81'),('e0c241ce-f027-42bf-bb4e-fa87f1e86b75','96996649-a69a-4014-bf1e-5b82da0b30bc'),('e1a65c20-6158-4d3b-b9f6-4bc14099298f','087d3d1d-6c94-4ce2-97ce-f005e3253d81'),('e1d4bf7c-c586-48e5-94f6-ea8b4d45b6d6','96996649-a69a-4014-bf1e-5b82da0b30bc'),('e1fac6c1-fe77-469b-8e63-7103eb83e9ed','96996649-a69a-4014-bf1e-5b82da0b30bc'),('e232eae1-a9cf-44a9-ac9c-54763ceadfe3','087d3d1d-6c94-4ce2-97ce-f005e3253d81'),('e23882fd-b62a-4ed1-a232-9cf12e65b7a0','96996649-a69a-4014-bf1e-5b82da0b30bc'),('e23970d5-40b7-4435-915e-d2f6adde65ef','087d3d1d-6c94-4ce2-97ce-f005e3253d81'),('e2e660cc-f919-4a6b-ad6b-97499e236ff2','96996649-a69a-4014-bf1e-5b82da0b30bc'),('e399e35b-e1b6-4fae-b6c7-bf19c69fbdb4','087d3d1d-6c94-4ce2-97ce-f005e3253d81'),('e42cb185-30db-48d5-8611-4ea969bec2f3','087d3d1d-6c94-4ce2-97ce-f005e3253d81'),('e4c1f588-984b-4f85-9d4c-ea0feab1c716','96996649-a69a-4014-bf1e-5b82da0b30bc'),('e5400257-b125-49d9-a25d-1fafffc580f5','087d3d1d-6c94-4ce2-97ce-f005e3253d81'),('e646219d-992b-4f55-bedb-19ab105526e9','96996649-a69a-4014-bf1e-5b82da0b30bc'),('e68d3b07-42f5-4a6a-b8ee-fe01330aaaa7','087d3d1d-6c94-4ce2-97ce-f005e3253d81'),('e7416b5b-d9b8-4510-befa-c6ae4301ef55','087d3d1d-6c94-4ce2-97ce-f005e3253d81'),('e91a6b43-4545-4450-a688-b438e3b37116','96996649-a69a-4014-bf1e-5b82da0b30bc'),('e9308246-3f96-42d0-9303-c31173dc9c7b','96996649-a69a-4014-bf1e-5b82da0b30bc'),('e9ffa47b-0187-4195-86ba-dbb38fb3b245','96996649-a69a-4014-bf1e-5b82da0b30bc'),('eb3f6b3a-7afa-45f2-b6f7-571312adfdc8','087d3d1d-6c94-4ce2-97ce-f005e3253d81'),('eb625015-b6a4-4ebf-9d99-3c030613dbe6','087d3d1d-6c94-4ce2-97ce-f005e3253d81'),('ebf6a18e-5fa9-4c6d-8b03-4f8864cb3b8b','087d3d1d-6c94-4ce2-97ce-f005e3253d81'),('ed4f121f-aa46-4e24-951c-29d1bfb48c80','087d3d1d-6c94-4ce2-97ce-f005e3253d81'),('f033a80e-edc7-4e43-87c5-3ee3da716dbd','087d3d1d-6c94-4ce2-97ce-f005e3253d81'),('f15e101c-8442-4625-8426-aa60b8e9d360','96996649-a69a-4014-bf1e-5b82da0b30bc'),('f1f3acc2-c27b-42ac-a69c-4c5943553ef7','087d3d1d-6c94-4ce2-97ce-f005e3253d81'),('f248a53e-0506-4f09-bbf4-3eda5d0c7dd1','96996649-a69a-4014-bf1e-5b82da0b30bc'),('f3e26306-4314-4413-ac1c-e245654ddcfe','96996649-a69a-4014-bf1e-5b82da0b30bc'),('f625c764-7b12-44fe-a413-ae5de6d8f53c','96996649-a69a-4014-bf1e-5b82da0b30bc'),('f724f38a-582d-4890-96d4-bb5b8580235e','087d3d1d-6c94-4ce2-97ce-f005e3253d81'),('f7d3f612-d2dd-4490-a6ef-6cef6939764e','087d3d1d-6c94-4ce2-97ce-f005e3253d81'),('f81e060c-870b-4ef0-a761-24c002cb00bd','087d3d1d-6c94-4ce2-97ce-f005e3253d81'),('f85687d6-151a-4ff3-bae3-707a3b13f5c5','96996649-a69a-4014-bf1e-5b82da0b30bc'),('f96ddfd3-46d5-41a7-81e8-4fbb139a4c1f','96996649-a69a-4014-bf1e-5b82da0b30bc'),('fa408e24-a03e-4b09-a9b4-1d65d1ff8705','087d3d1d-6c94-4ce2-97ce-f005e3253d81'),('fa9a4aae-773a-40b2-9d69-c81ebdd86d42','087d3d1d-6c94-4ce2-97ce-f005e3253d81'),('fbc20a34-aa89-4410-89d7-c64521cb4f01','96996649-a69a-4014-bf1e-5b82da0b30bc'),('fcd6222c-6b58-41c1-b861-dcb89aa29b6d','96996649-a69a-4014-bf1e-5b82da0b30bc'),('fcf61374-d489-4ea1-8947-b68b1c50afb3','96996649-a69a-4014-bf1e-5b82da0b30bc'),('fcfb09e4-cbe6-461e-ae8e-8aa45ce85871','087d3d1d-6c94-4ce2-97ce-f005e3253d81');
/*!40000 ALTER TABLE `pharmacy_works_for` ENABLE KEYS */;
UNLOCK TABLES;

--
-- Table structure for table `room`
--

DROP TABLE IF EXISTS `room`;
/*!40101 SET @saved_cs_client     = @@character_set_client */;
 SET character_set_client = utf8mb4 ;
CREATE TABLE `room` (
  `RoomUid` char(37) CHARACTER SET utf8mb4 COLLATE utf8mb4_unicode_ci NOT NULL,
  `RoomNumber` int(11) NOT NULL,
  `Occupied` tinyint(4) NOT NULL,
  `RoomType` varchar(45) CHARACTER SET utf8mb4 COLLATE utf8mb4_unicode_ci NOT NULL,
  `NumberOfBeds` int(11) NOT NULL,
  PRIMARY KEY (`RoomUid`)
) ENGINE=InnoDB DEFAULT CHARSET=utf8mb4 COLLATE=utf8mb4_unicode_ci;
/*!40101 SET character_set_client = @saved_cs_client */;

--
-- Dumping data for table `room`
--

LOCK TABLES `room` WRITE;
/*!40000 ALTER TABLE `room` DISABLE KEYS */;
INSERT INTO `room` VALUES ('00e634cf-200b-495d-8048-114ae469acf3',21,1,'Surgery',5),('00f329ca-48e5-46e0-b1b2-88995e8c7cc0',77,1,'Surgery',5),('03fbb45c-cd36-4700-ab11-0d3b01c7943b',29,1,'Severe',5),('0983b685-dbf5-4f83-95b6-e6c67d24c344',69,1,'ICU',5),('0c25f83f-229f-4d23-bbc1-d5ab6bfa78a4',39,1,'Testing',5),('0c471071-ee90-491e-9224-57e429182861',85,1,'Severe',5),('0d4f7293-c9d9-43ac-9e86-0d6c92669ac4',34,1,'Nursing',5),('0d5249ac-edff-4c66-85f0-890866bda8a1',2,1,'Severe',5),('0ddb3bee-b1b3-46ac-9dd3-6b2860153169',12,1,'Testing',5),('12a92795-1199-4e63-9495-fb21d1bcdd85',52,1,'Nursing',5),('156548ed-d201-4138-bbb7-77838670be6b',98,1,'Surgery',5),('17df0b56-d791-4430-ac28-902ca46e9954',79,1,'Stable',5),('192cca5a-955b-41e4-bb86-b4402a27b691',94,1,'Surgery',5),('1d236b5e-58de-41de-ae69-4e594f308903',62,1,'Surgery',5),('1d68d856-23e0-4bf5-acfc-9627a1cc04cf',72,1,'Severe',5),('1fb479b6-2c10-4072-9054-a94d49964507',11,1,'Nursing',5),('20288c48-40ca-43b8-80c0-f614c0297e6c',48,1,'Severe',5),('2062c74e-7968-415b-baef-f1441f9c6323',16,1,'Testing',5),('210bae67-6606-4c77-8c12-b3cee36b73d5',9,1,'Surgery',5),('223525bd-2338-4172-badf-5188a0176774',65,1,'Stable',5),('240189d0-95ae-4013-bcad-4e7bd764b331',27,1,'Severe',5),('28b6e133-8434-42a0-a0b9-824b79e3d302',56,1,'Surgery',5),('2f593f6b-60f3-4bb0-89c4-62eddc43e74d',55,1,'Severe',5),('32038642-7864-438e-9be4-184b4a9f1289',66,1,'Nursing',5),('34deff55-d043-48cb-acee-0d79bcb374f5',76,1,'Testing',5),('3639a9bd-1b7e-4612-9ca9-fe60ea47a670',22,1,'Testing',5),('37eb437d-b7cd-40ec-9460-de702d87546f',78,1,'ICU',5),('3b58f190-c017-4b40-9982-24358f4d068a',58,1,'Surgery',5),('3e43f06e-ebbc-4646-9166-f88c8fc75668',26,1,'Testing',5),('41f07912-ed2b-4cee-a6b8-4dcb853890c9',25,1,'Stable',5),('4554c7c3-79d8-442a-929b-3251168106a3',93,1,'Testing',5),('461c7d07-ed85-45a7-8315-65a030eaf698',99,1,'Severe',5),('465e6705-4195-4068-8698-c07990a33e48',95,1,'ICU',5),('4d775f20-6b36-4bd5-bf48-682a07801805',45,1,'ICU',5),('4e619b7e-0d73-49d4-8f22-485eec2ecb99',19,1,'Testing',5),('4e63bf7b-6fd1-46ac-be32-cc8bce328fd7',49,1,'Nursing',5),('4fb921fb-d461-42a0-8b5c-b5d4bb560538',5,1,'Severe',5),('4fbcd6a3-aa40-48ce-aac8-13e2cec22efb',10,1,'Nursing',5),('55495e8e-24de-4356-8b16-c4f5620eebff',23,1,'Severe',5),('575dec5d-50ff-4342-8a97-7196fa2015dc',59,1,'Testing',5),('5793dc57-4af7-45e2-b335-b8de5fc05ef6',60,1,'Testing',5),('5c116ec0-a9e4-4067-912b-880f2b0cb574',50,1,'Stable',5),('6426804e-9a36-4d1f-8712-d42a4a8081a1',14,1,'Stable',5),('6599e6ba-1e3b-46f2-b4ee-0142b45be1de',73,1,'Surgery',5),('67d352b6-0fcc-4d2a-8cb7-ec5993d36610',30,1,'Surgery',5),('68eb1828-6157-437b-877f-d1bf131c336c',92,1,'Nursing',5),('713df4d4-6d0f-4b96-a787-c86a31f8a482',51,1,'ICU',5),('713e9b77-cacb-497d-8dfa-4fd525a8a646',80,1,'Surgery',5),('74345b71-e39c-453a-a79c-dff0c11c0295',1,1,'Nursing',5),('74fcb5aa-af42-4971-b3c0-4534523db890',40,1,'ICU',5),('77b44cab-3d8b-4f9a-a9bc-12067413a045',36,1,'Severe',5),('788b9b51-72f0-4113-8e4b-f94e41c3720a',96,1,'Stable',5),('7ad5b853-90db-4152-946e-b5da50aec845',91,1,'ICU',5),('7b2f79bd-3fd3-4c20-a4ac-a24f1ac846ee',83,1,'Testing',5),('7f27c1de-3a8e-440d-91a5-ff6620492849',53,1,'Stable',5),('8634ea31-8566-4c0a-a001-0f86dd4ddb59',82,1,'Surgery',5),('8c998429-ad69-419e-b610-f75afd44adfe',57,1,'Testing',5),('8cd4a80d-0f77-458e-b3e6-0a3a29cbb185',97,1,'Surgery',5),('8e8cf3ee-666d-49a8-a382-fcdb9f54b793',33,1,'Testing',5),('91801a9e-7e1c-498a-9158-2df687347153',13,1,'Nursing',5),('91b879f6-8ee9-4fe4-89a6-d99ddbc271b5',35,1,'ICU',5),('929aa250-b7cb-4606-b0de-e3b4fe42a8e0',31,1,'Severe',5),('936c7f2c-a6d5-4f78-ac51-676a36e0c8c9',44,1,'Severe',5),('958ca9e8-517a-40a9-b3cb-ab6afe12f7ab',75,1,'Severe',5),('98bb68d3-705a-4c81-a49f-71fbebeb50fb',17,1,'Testing',5),('a0cc1091-ab78-4aa6-8358-bdbcc239e326',28,1,'Stable',5),('a22760bd-c849-4767-9f80-b19f7d013a0c',81,1,'Severe',5),('a2c4b1f4-2543-4bd3-bb4d-a7c9e927ce7a',74,1,'Stable',5),('a587f5aa-3f65-4204-9f49-a0336b116df7',84,1,'ICU',5),('a5ee0f12-d714-463a-8179-40b5123f0041',7,1,'ICU',5),('a6ff4127-bcdf-4e9e-a55b-637d8e814ef6',70,1,'Severe',5),('a77755b7-1225-45ad-8114-fd6e298bb3ba',88,1,'Surgery',5),('ae18cc16-50ec-4840-93d1-c6a6ab49ba67',24,1,'Nursing',5),('af6690dc-e70f-4468-be6e-4c2c2236f550',6,1,'Testing',5),('b055773d-b75e-46fa-830b-a983f7b3570b',41,1,'Testing',5),('b6d15246-0929-4371-bf84-797ec5c842f1',20,1,'Severe',5),('b853b1bb-60f0-4c92-a3f8-34c735df83d1',68,1,'Severe',5),('c233fc16-b921-476c-b8d0-5a01ff6c4963',87,1,'Stable',5),('c51f2a79-2d7d-4c49-894a-1ceb5a4aa6e6',63,1,'Stable',5),('c7ba2108-49b4-452c-af74-16c2af128449',4,1,'Stable',5),('c8290c88-d012-426d-96bf-2e935bb8c267',38,1,'Surgery',5),('cf954875-a0cb-4e5b-9f79-8c2b3854ba0f',42,1,'Severe',5),('d4ddba18-a64f-4b25-954c-236fed972b9f',8,1,'Testing',5),('dc1d73ed-bf0d-4ed5-9bce-4fbeb0bc3c23',15,1,'Severe',5),('e0e5cc40-7c62-4c1e-80ee-4c7aa67f5eb3',71,1,'ICU',5),('e223a661-0dc9-41c5-a040-9d1bc5491429',18,1,'Surgery',5),('e25a1ac0-7d6f-461f-baba-74eb6ad8e78b',100,1,'ICU',5),('e48e3871-0d14-41dd-aa4e-696b3217dfca',64,1,'ICU',5),('e6348ca6-0fd7-4f55-be0f-d21efc3d3cf1',37,1,'Severe',5),('e7faadea-133f-4e25-ad2a-0b6fff558ef5',46,1,'ICU',5),('e9d1bc2e-2ae3-489e-b3f6-a4d9cab3efbc',67,1,'ICU',5),('eff6dfcb-91a0-40f2-98ac-7968d3ea807d',90,1,'Nursing',5),('f3d1dd80-5c21-492f-844a-bc9c7584b092',89,1,'Testing',5),('f6506412-bb42-4aaf-9d06-bb8d09542f20',54,1,'Testing',5),('f77d779e-49b5-4b1f-aa15-3d53d3f7eb3f',47,1,'Nursing',5),('f7d9a4d0-3161-46da-a5df-cb18a88e1442',86,1,'Surgery',5),('f8052869-8e69-486f-bd9b-424ea3608dbb',32,1,'ICU',5),('f84526ca-3701-48f7-b61e-093efecd2127',3,1,'Severe',5),('fa7cd9b0-a397-4b75-9d8b-109afdc1cc34',61,1,'Testing',5),('fa82dd7b-b5f5-4dbb-83da-379ffa789152',43,1,'Nursing',5);
/*!40000 ALTER TABLE `room` ENABLE KEYS */;
UNLOCK TABLES;

--
-- Dumping events for database 'dbproject'
--

--
-- Dumping routines for database 'dbproject'
--
/*!40103 SET TIME_ZONE=@OLD_TIME_ZONE */;

/*!40101 SET SQL_MODE=@OLD_SQL_MODE */;
/*!40014 SET FOREIGN_KEY_CHECKS=@OLD_FOREIGN_KEY_CHECKS */;
/*!40014 SET UNIQUE_CHECKS=@OLD_UNIQUE_CHECKS */;
/*!40101 SET CHARACTER_SET_CLIENT=@OLD_CHARACTER_SET_CLIENT */;
/*!40101 SET CHARACTER_SET_RESULTS=@OLD_CHARACTER_SET_RESULTS */;
/*!40101 SET COLLATION_CONNECTION=@OLD_COLLATION_CONNECTION */;
/*!40111 SET SQL_NOTES=@OLD_SQL_NOTES */;

-- Dump completed on 2018-04-26 16:59:41
